fen,evaluation
rnbqkbnr/pp2pppp/2p5/3p4/3PP3/8/PPPN1PPP/R1BQKBNR b KQkq - 1 3,35
rnbqkbnr/pppppppp/8/8/8/8/PPPPPPPP/RNBQKBNR w KQkq - 0 1,24
rnbqkbnr/pppppppp/8/8/4P3/8/PPPP1PPP/RNBQKBNR b KQkq - 0 1,29
rnbqkbnr/pp2pppp/2p5/3p4/3PP3/8/PPP2PPP/RNBQKBNR w KQkq - 0 3,50
rnbqkbnr/pp2pppp/2p5/8/3Pp3/8/PPPN1PPP/R1BQKBNR w KQkq - 0 4,31
rnbqkbnr/pp1ppppp/2p5/8/3PP3/8/PPP2PPP/RNBQKBNR b KQkq - 0 2,37
rnbqkbnr/pp1ppppp/2p5/8/4P3/8/PPPP1PPP/RNBQKBNR w KQkq - 0 2,42
rnbqkbnr/pp2pppp/2p5/8/3PN3/8/PPP2PPP/R1BQKBNR b KQkq - 0 4,40
r1bqkbnr/pp1npppp/2p5/8/2BPN3/8/PPP2PPP/R1BQK1NR b KQkq - 2 5,28
r1bqkbnr/pp1npppp/2p5/8/3PN3/8/PPP2PPP/R1BQKBNR w KQkq - 1 5,40
r1bqkb1r/pp1npppp/2p2n2/8/2BPN3/8/PPP2PPP/R1BQK1NR w KQkq - 3 6,35
r1bqkb1r/pp3ppp/1np1pn2/6N1/3P4/3B4/PPP1QPPP/R1B1K1NR b KQkq - 3 8,0
r1bqkb1r/pp3pp1/1np1pn1p/8/3P4/3B1N2/PPP1QPPP/R1B1K1NR b KQkq - 1 9,0
r1bqkb1r/pp3pp1/1n2pn1p/2p5/3P4/3B1N2/PPP1QPPP/R1B1K1NR w KQkq - 0 10,0
r1bqkb1r/pp1npppp/2p2n2/6N1/2BP4/8/PPP2PPP/R1BQK1NR b KQkq - 4 6,14
r1bqkb1r/pp1n1ppp/2p1pn2/6N1/2BP4/8/PPP2PPP/R1BQK1NR w KQkq - 0 7,8
r1bqkb1r/pp1n1ppp/2p1pn2/6N1/2BP4/8/PPP1QPPP/R1B1K1NR b KQkq - 1 7,10
r1bqkb1r/pp3ppp/1np1pn2/6N1/2BP4/8/PPP1QPPP/R1B1K1NR w KQkq - 2 8,6
r1bqkb1r/pp3pp1/1n2pn1p/2P5/8/3B1N2/PPP1QPPP/R1B1K1NR b KQkq - 0 10,0
r1bqkb1r/pp3pp1/1np1pn1p/6N1/3P4/3B4/PPP1QPPP/R1B1K1NR w KQkq - 0 9,5
r1bqk2r/pp3pp1/1n2pn1p/2b5/8/3B1N2/PPP1QPPP/R1B1K1NR w KQkq - 0 11,9
r1bqk2r/pp3pp1/1n2pn1p/2b1N3/8/3B4/PPP1QPPP/R1B1K1NR b KQkq - 1 11,17
r1bqk2r/pp1n1pp1/4pn1p/2b1N3/8/3B4/PPP1QPPP/R1B1K1NR w KQkq - 2 12,16
r1b1k2r/ppqn1pp1/4pn1p/2b1N3/8/3B1N2/PPP1QPPP/R1B1K2R w KQkq - 4 13,18
r1bqk2r/pp1n1pp1/4pn1p/2b1N3/8/3B1N2/PPP1QPPP/R1B1K2R b KQkq - 3 12,20
r1b1k2r/ppqn1pp1/4pn1p/4N3/1b3B2/3B4/PPPNQPPP/R3K2R b KQkq - 7 14,0
r1b2rk1/ppqn1pp1/4pn1p/4N3/5B2/3B4/PPPKQPPP/R2R4 b - - 2 16,0
r1b1k2r/ppqn1pp1/4pn1p/2b1N3/5B2/3B1N2/PPP1QPPP/R3K2R b KQkq - 5 13,10
r1b1k2r/ppqn1pp1/4pn1p/4N3/5B2/3B4/PPPKQPPP/R6R b kq - 0 15,0
r1b2rk1/ppqn1pp1/4pn1p/4N3/5B2/3B4/PPPKQPPP/R6R w - - 1 16,0
r1b1k2r/ppqn1pp1/4pn1p/4N3/1b3B2/3B1N2/PPP1QPPP/R3K2R w KQkq - 6 14,0
r1b2rk1/pp1n1pp1/2q1p2p/3n4/2N2B2/3B1Q2/PPPK1PPP/R2R4 w - - 7 19,0
r1b2rk1/pp1n1pp1/1q2pn1p/8/2N2B2/3B4/PPPKQPPP/R2R4 b - - 4 17,3
r1b2rk1/pp1n1pp1/1q2pn1p/4N3/5B2/3B4/PPPKQPPP/R2R4 w - - 3 17,29
r1b1k2r/ppqn1pp1/4pn1p/4N3/5B2/3B4/PPPbQPPP/R3K2R w KQkq - 0 15,0
r1b2rk1/pp1n1pp1/2q1pn1p/8/2N2B2/3B1Q2/PPPK1PPP/R2R4 b - - 6 18,0
r1b2rk1/pp1n1pp1/2q1pn1p/8/2N2B2/3B4/PPPKQPPP/R2R4 w - - 5 18,0
r1b2rk1/pp1n1pp1/2q1p2p/3n4/2N2B2/3B1QP1/PPPK1P1P/R2R4 b - - 0 19,-49
r1b2rk1/pp3pp1/2q1p2p/2nn4/2N2B2/3B1QP1/PPPK1P1P/R2R4 w - - 1 20,-60
r1b2rk1/pp3p2/2q1p2p/2nn4/2N5/3B1QP1/PPPK1P1P/R2R4 w - - 0 21,-244
r1b2rk1/pp3pp1/2q1p2B/2nn4/2N5/3B1QP1/PPPK1P1P/R2R4 b - - 0 20,-247
r1b2r1k/pp3p2/2q1p2p/2nn4/2N3Q1/3B2P1/PPPK1P1P/R2R4 w - - 2 22,-247
r1b2r1k/pp3p2/2q1p2p/2nnN3/6Q1/3B2P1/PPPK1P1P/R2R4 b - - 3 22,-295
r1b2rk1/pp3p2/2q1p2p/2nn4/2N3Q1/3B2P1/PPPK1P1P/R2R4 b - - 1 21,-243
r1b2r2/pp3pk1/4p2p/2nn3Q/q5N1/3B2P1/PPPK1P1P/R2R4 b - - 7 24,-327
r1b2r1k/pp3p2/4p2p/2nnN2Q/q7/3B2P1/PPPK1P1P/R2R4 b - - 5 23,-284
r1b1q2r/pp3pk1/4p2p/2nnN2Q/8/3B2P1/PPPK1P1P/R2R4 w - - 14 28,-202
r1b1qk1r/pp3p2/4p2p/2nnN3/6Q1/3B2P1/PPPK1P1P/R2R4 w - - 16 29,-154
r1b4r/pp3pk1/4p2p/2nnN2Q/q7/3B2P1/PPPK1P1P/R2R4 b - - 9 25,-336
r1b4r/pp3pk1/4p2p/2nn3Q/q5N1/3B2P1/PPPK1P1P/R2R4 w - - 8 25,-336
r1b2r1k/pp3p2/4p2p/2nnN3/q5Q1/3B2P1/PPPK1P1P/R2R4 w - - 4 23,-335
r1b1qk1r/pp3p2/4p2p/2nnN3/3Q4/3B2P1/PPPK1P1P/R2R4 b - - 17 29,-147
r1b1qk1r/pp3p2/4p2p/3nN3/3Q4/3n2P1/PPPK1P1P/R2R4 w - - 0 30,-147
r1b1qk1r/pp6/4p1pp/3n4/3Q4/3n2P1/PPPK1P1P/R2R4 w - - 0 31,-161
r1b1qk1r/pp3p2/4p1Np/3n4/3Q4/3n2P1/PPPK1P1P/R2R4 b - - 1 30,-147
r1b1q2r/pp3pk1/4p2p/2nnN3/6Q1/3B2P1/PPPK1P1P/R2R4 b - - 15 28,-206
r1b2r2/pp3pk1/4p2p/2nnN2Q/q7/3B2P1/PPPK1P1P/R2R4 w - - 6 24,-283
r1b1Q3/pp2k3/4p1pp/3n4/8/3n2P1/PPPK1P1P/R2R4 b - - 0 32,-161
r1b1q2Q/pp2k3/4p1pp/3n4/8/3n2P1/PPPK1P1P/R2R4 w - - 1 32,-133
r1b1qk1Q/pp6/4p1pp/3n4/8/3n2P1/PPPK1P1P/R2R4 b - - 0 31,-138
r1b1k3/pp6/4p1pp/3n4/8/3n2P1/PPPK1P1P/R2R4 w - - 0 33,-161
r1b1k3/pp6/4p1pp/3n4/8/3K2P1/PPP2P1P/R2R4 b - - 0 33,-157
r1b1k3/p7/4p1pp/1p1n4/8/3K2P1/PPP2P1P/R2R4 w - - 0 34,-147
r1b1k3/p7/4p1pp/1p1n4/8/3K2P1/PPP2P1P/R3R3 b - - 1 34,-146
r1b5/p3k3/4p1pp/1p1n4/8/3K2P1/PPP2P1P/R3R3 w - - 2 35,-137
r1b5/p3k3/4p1pp/1p1nR3/8/3K2P1/PPP2P1P/R7 b - - 3 35,-145
r1b5/p7/4pk1p/1p1nR1p1/8/3K2P1/PPP2P1P/4R3 w - - 2 37,-133
r7/p2b4/4pk1p/1p1n2p1/4R3/3K2P1/PPP2P1P/4R3 w - - 4 38,-128
r1b5/p3k3/4p2p/1p1nR1p1/8/3K2P1/PPP2P1P/R7 w - - 0 36,-131
r1b5/p3k3/4p2p/1p1nR1p1/8/3K2P1/PPP2P1P/4R3 b - - 1 36,-142
r1b5/p7/4pk1p/1p1n2p1/4R3/3K2P1/PPP2P1P/4R3 b - - 3 37,-140
r7/p2b4/4pk1p/1p1n2p1/4R2P/3K2P1/PPP2P2/4R3 b - - 0 38,-137
5r2/p2b4/4pk1p/1p1n2p1/4R2P/3K2P1/PPP2P2/4R3 w - - 1 39,-133
5r2/3b4/4pk1p/pp1n2p1/3KR2P/2P3P1/PP3P2/4R3 b - - 1 40,-239
5r2/p2b4/4pk1p/1p1n2p1/4R2P/2PK2P1/PP3P2/4R3 b - - 0 39,-153
5r2/3b4/4pk1p/pp1n2p1/4R2P/2PK2P1/PP3P2/4R3 w - - 0 40,-151
2r5/3b4/4pk1p/pp1n2p1/3KR2P/2P3P1/PP3P2/4R3 w - - 2 41,-231
2r5/3b4/4pk1p/pp1n2p1/3KR2P/2P2PP1/PP6/4R3 b - - 0 41,-267
2r5/3b4/4pk1p/1p1n2p1/p2KR2P/2P2PP1/PP6/4R3 w - - 0 42,-268
2r5/3b4/4pk1p/1p1n2p1/p2KR2P/2P2PP1/PP6/2R5 b - - 1 42,-342
2r5/4n3/4bk1p/1p2p1p1/p3R2P/2P2PP1/PP2K3/2R5 w - - 2 45,-311
2r5/3bn3/4pk1p/1p4p1/p3R2P/2PK1PP1/PP6/2R5 b - - 3 43,-346
2r5/3bn3/5k1p/1p2p1p1/p3R2P/2PK1PP1/PP6/2R5 w - - 0 44,-334
2r5/4n3/4bk1p/1p2p1p1/p3R2P/2P2PP1/PP3K2/2R5 b - - 3 45,-341
2r5/3bn3/4pk1p/1p4p1/p2KR2P/2P2PP1/PP6/2R5 w - - 2 43,-367
2r5/4n3/5k1p/1p2p1p1/p3R2P/2P2PP1/bP3K2/4R3 b - - 1 46,-333
2r5/3bn3/5k1p/1p2p1p1/p3R2P/2P2PP1/PP2K3/2R5 b - - 1 44,-334
8/4n3/5k1p/1pr1p1p1/p3R2P/2P2PP1/bP3K2/4R3 w - - 2 47,-353
2r5/4n3/5k1p/1p2p1p1/p3R2P/2P2PP1/bP3K2/2R5 w - - 0 46,-339
8/4n3/5k1p/1pr1p1P1/p3R3/2P2PP1/bP3K2/4R3 b - - 0 47,-357
8/4n3/5k2/1pr1p1p1/p3R3/2P2PP1/bP3K2/4R3 w - - 0 48,-358
8/8/5k2/1pr1n1p1/p2R4/2P3P1/bP3K2/4R3 b - - 1 50,-386
8/8/5k2/1pr1n1p1/p3R3/2P3P1/bP3K2/4R3 w - - 0 50,-414
8/4n3/5k2/1pr1p1p1/p3RP2/2P3P1/bP3K2/4R3 b - - 0 48,-375
8/8/5kn1/1pr1P1p1/p3R3/2P3P1/bP3K2/4R3 b - - 0 49,-444
8/8/5k2/1p1Rn1p1/p7/2P3P1/bP3K2/4R3 b - - 0 51,-517
8/8/5k2/1p2n1p1/p1b5/2P1K1P1/1P6/4R3 w - - 2 53,-484
8/8/5k2/1p1bn1p1/p7/2P3P1/1P3K2/4R3 w - - 0 52,-528
8/8/5k2/1p1bn1p1/p7/2P1K1P1/1P6/4R3 b - - 1 52,-529
8/8/5k2/1p1rn1p1/p2R4/2P3P1/bP3K2/4R3 w - - 2 51,-481
8/8/5kn1/1pr1p1p1/p3RP2/2P3P1/bP3K2/4R3 w - - 1 49,-376
8/8/5k2/1p2n1p1/p1b5/2P1K1P1/1P6/3R4 b - - 3 53,-540
8/8/8/1p2nkp1/p1b5/2P1K1P1/1P6/3R4 w - - 4 54,-538
8/8/8/1p2k1p1/p1bR2P1/2PnK3/1P6/8 w - - 1 56,-561
8/8/8/1p2nkp1/p1bR4/2P1K1P1/1P6/8 b - - 5 54,-556
8/8/8/1p3kp1/p1bR4/2PnK1P1/1P6/8 w - - 6 55,-596
8/8/8/1p3kp1/p1bR2P1/2PnK3/1P6/8 b - - 0 55,-605
rnbqkb1r/pppppppp/5n2/8/3P4/8/PPP1PPPP/RNBQKBNR w KQkq - 1 2,10
rnbqkb1r/pppp1ppp/4pn2/8/2PP4/8/PP2PPPP/RNBQKBNR w KQkq - 0 3,-2
rnbqkbnr/pppppppp/8/8/3P4/8/PPP1PPPP/RNBQKBNR b KQkq - 0 1,8
rnbqkb1r/pppppppp/5n2/8/2PP4/8/PP2PPPP/RNBQKBNR b KQkq - 0 2,0
8/8/8/1p2k1p1/p1b1R1P1/2PnK3/1P6/8 b - - 2 56,-617
8/8/5k2/1p4p1/p1b1R1P1/2PnK3/1P6/8 w - - 3 57,-590
rnbqkb1r/p1pp1ppp/1p2pn2/8/2PP4/5NP1/PP2PP1P/RNBQKB1R b KQkq - 0 4,29
rnbqkb1r/p1pp1ppp/1p2pn2/8/2PP4/5N2/PP2PPPP/RNBQKB1R w KQkq - 0 4,26
rnbqkb1r/pppp1ppp/4pn2/8/2PP4/5N2/PP2PPPP/RNBQKB1R b KQkq - 1 3,14
rn1qk2r/p1pp1ppp/bp2pn2/8/1bPP4/1P3NP1/P3PP1P/RNBQKB1R w KQkq - 1 6,7
rn1qk2r/p1pp1ppp/bp2pn2/8/1bPP4/1P3NP1/P2BPP1P/RN1QKB1R b KQkq - 2 6,7
rn1qkb1r/p1pp1ppp/bp2pn2/8/2PP4/1P3NP1/P3PP1P/RNBQKB1R b KQkq - 0 5,8
rn1qk2r/p1ppbppp/bp2pn2/8/2PP4/1P3NP1/P2BPP1P/RN1QKB1R w KQkq - 3 7,11
rn1qk2r/p3bppp/bpp1pn2/3p4/2PP4/1PB2NP1/P3PPBP/RN1QK2R w KQkq - 0 9,7
rn1qkb1r/p1pp1ppp/bp2pn2/8/2PP4/5NP1/PP2PP1P/RNBQKB1R w KQkq - 1 5,14
rn1qk2r/p2pbppp/bpp1pn2/8/2PP4/1PB2NP1/P3PPBP/RN1QK2R b KQkq - 1 8,9
rn1qk2r/p1ppbppp/bp2pn2/8/2PP4/1P3NP1/P2BPPBP/RN1QK2R b KQkq - 4 7,13
rn1qk2r/p3bppp/bpp1pn2/3pN3/2PP4/1PB3P1/P3PPBP/RN1QK2R b KQkq - 1 9,2
rn1qk2r/p2pbppp/bpp1pn2/8/2PP4/1P3NP1/P2BPPBP/RN1QK2R w KQkq - 0 8,2
rn1qk2r/p2Nbppp/bpp1p3/3p4/2PP4/1PB3P1/P3PPBP/RN1QK2R b KQkq - 0 10,0
rn1qk2r/p2nbppp/bpp1p3/3pN3/2PP4/1PB3P1/P3PPBP/RN1QK2R w KQkq - 2 10,7
r2qk2r/p2nbppp/bpp1p3/3p4/2PP4/1PB3P1/P3PPBP/RN1QK2R w KQkq - 0 11,8
2rq1rk1/p2nbppp/bpp1p3/3p4/2PP4/1PB3P1/P2NPPBP/R2Q1RK1 w - - 4 13,10
r2qk2r/p2nbppp/bpp1p3/3p4/2PP4/1PB3P1/P2NPPBP/R2QK2R b KQkq - 1 11,11
r2q1rk1/p2nbppp/bpp1p3/3p4/2PP4/1PB3P1/P2NPPBP/R2QK2R w KQ - 2 12,2
2rq1rk1/p2nbppp/bpp1p3/3p4/2PPP3/1PB3P1/P2N1PBP/R2Q1RK1 b - - 0 13,9
r2q1rk1/p2nbppp/bpp1p3/3p4/2PP4/1PB3P1/P2NPPBP/R2Q1RK1 b - - 3 12,9
2rq1rk1/p2nbppp/b1p1p3/1p1p4/2PPP3/1PB3P1/P2N1PBP/R2QR1K1 b - - 1 14,8
2rq1rk1/p2nbppp/b1p1p3/1p1p4/2PPP3/1PB3P1/P2N1PBP/R2Q1RK1 w - - 0 14,13
2rq1rk1/p2nbppp/b1p1p3/1p6/2PPp3/1PB3P1/P2N1PBP/R2QR1K1 w - - 0 15,30
2rq1rk1/p3b1pp/b1p1p3/2P1np2/1B1Pp3/1P3PP1/P2N2BP/R2QR1K1 w - - 1 18,-134
2rq1rk1/p2nb1pp/b1p1p3/1pP2p2/3Pp3/1PB3P1/P2N1PBP/R2QR1K1 w - - 0 16,-85
2rq1rk1/p2nb1pp/b1p1p3/1pP2p2/3Pp3/1PB2PP1/P2N2BP/R2QR1K1 b - - 0 16,-155
2rq1rk1/p2nbppp/b1p1p3/1pP5/3Pp3/1PB3P1/P2N1PBP/R2QR1K1 b - - 0 15,-105
2rq1rk1/p3b1pp/b1p1p3/2P1np2/3Pp3/1PB2PP1/P2N2BP/R2QR1K1 b - - 2 18,-141
2rq1rk1/p2nb1pp/b1p1p3/2P2p2/1p1Pp3/1PB2PP1/P2N2BP/R2QR1K1 w - - 0 17,-155
2rq1rk1/p3b1pp/b1p1p3/2P2p2/3Pp3/1PBn1PP1/P2N2BP/R2QR1K1 w - - 3 19,-155
2rq1rk1/p3b1pp/b1p1p3/2P2p2/3PP3/1PBn2P1/P2N2BP/R2QR1K1 b - - 0 19,-161
2rq1rk1/p3b1pp/b1p1p3/2P2p2/3PP3/1PB3P1/P2N2BP/R2Qn1K1 w - - 0 20,-170
2rq1rk1/p3b1pp/b1p1p3/2P2p2/3PP3/1PB3P1/P2N2BP/R3Q1K1 b - - 0 20,-122
2rq1rk1/p3b1pp/b1p5/2P1pp2/3PP3/1PB3P1/P2N2BP/R3Q1K1 w - - 0 21,-153
2rq1rk1/p3b1pp/b1p5/2P2p2/3pP3/1PB2NP1/P5BP/R3Q1K1 w - - 0 22,-166
2rq1rk1/p3b1pp/b1p5/2P1pp2/3PP3/1PB2NP1/P5BP/R3Q1K1 b - - 1 21,-170
2rq1rk1/p3b1pp/b1p5/2P2p2/3BP3/1P3NP1/P5BP/R3Q1K1 b - - 0 22,-149
2rq1rk1/p3b1pp/b1p5/2P5/3BQ3/1P3NP1/P5BP/R5K1 b - - 0 23,-146
2rq1rk1/p3b1pp/b1p5/2P5/3Bp3/1P3NP1/P5BP/R3Q1K1 w - - 0 23,-149
2rq1rk1/p5pp/b1p2b2/2P5/3BQ3/1P3NP1/P5BP/4R1K1 b - - 2 24,-263
2rq1rk1/p5pp/b1p2b2/2P5/3BQ3/1P3NP1/P5BP/R5K1 w - - 1 24,-132
2rqr1k1/p5pp/b1p2b2/2P5/3BQ3/1P3NP1/P5BP/4R1K1 w - - 3 25,-242
2rq1rk1/p2nb1pp/b1p1p3/2P2p2/1B1Pp3/1P3PP1/P2N2BP/R2QR1K1 b - - 0 17,-192
2rq2k1/p5pp/b1p2B2/2P5/4r3/1P3NP1/P5BP/4R1K1 w - - 0 26,-302
2rB2k1/p5pp/b1p5/2P5/8/1P4P1/P5BP/4N1K1 b - - 0 27,-313
2rB2k1/p5pp/b1p5/2P5/4r3/1P3NP1/P5BP/4R1K1 b - - 0 26,-325
2rB2k1/p5pp/b1p5/2P5/8/1P3NP1/P5BP/4r1K1 w - - 0 27,-312
2rqr1k1/p5pp/b1p2B2/2P5/4Q3/1P3NP1/P5BP/4R1K1 b - - 0 25,-321
3r2k1/p5pp/b1p5/2P5/8/1P4P1/P5BP/4N1K1 w - - 0 28,-303
6k1/p5pp/b1B5/2P5/8/1P4P1/P2r1K1P/4N3 w - - 3 30,-322
6k1/p5pp/b1B5/2P5/8/1P4P1/P6P/3rN1K1 w - - 1 29,-324
6k1/p5pp/b1B5/2P5/8/1P3KP1/P2r3P/4N3 b - - 4 30,-336
6k1/p5pp/b1B5/2P5/8/1P4P1/P4K1P/3rN3 b - - 2 29,-331
6k1/p5pp/b1B5/2P5/8/1P3KP1/r6P/4N3 w - - 0 31,-316
3r2k1/p5pp/b1B5/2P5/8/1P4P1/P6P/4N1K1 b - - 0 28,-320
8/p3k1pp/b1B5/2P5/5K1P/1P4P1/r7/4N3 w - - 3 33,-319
8/p3k1pp/b1B5/2P5/5K1P/1P3NP1/5r2/8 w - - 5 34,-282
6k1/p5pp/b1B5/2P5/7P/1P3KP1/r7/4N3 b - - 0 31,-356
5k2/p5pp/b1B5/2P5/5K1P/1P4P1/r7/4N3 b - - 2 32,-332
5k2/p5pp/b1B5/2P5/7P/1P3KP1/r7/4N3 w - - 1 32,-338
8/p3k1pp/b1B5/2P5/5K1P/1P3NP1/r7/8 b - - 4 33,-336
8/p3k1pp/2B5/2P4P/5K2/1P3NP1/4br2/8 w - - 1 35,-402
8/p3k1pp/b1B5/2P4P/5K2/1P3NP1/5r2/8 b - - 0 34,-402
8/p3k1pp/2B5/2P4P/8/1P2KNP1/4br2/8 b - - 2 35,-437
8/p3k1pp/8/2P4P/8/1P2KBP1/1r6/8 w - - 1 37,-420
8/p3k1pp/2B5/2P4P/8/1P2KbP1/5r2/8 w - - 0 36,-439
8/p3k1pp/8/2PB3P/8/1P2K1P1/1r6/8 b - - 2 37,-444
8/p3k1pp/8/2P4P/8/1P2KBP1/5r2/8 b - - 0 36,-372
8/p3k1pp/8/2PB3P/8/1P2K1P1/2r5/8 w - - 3 38,-435
8/p3k1pp/8/2PB3P/3K2P1/1P5r/8/8 w - - 1 40,-454
8/p3k1pp/8/2PB3P/3K4/1P4P1/7r/8 w - - 5 39,-449
8/p3k1pp/8/2PB3P/3K4/1P4P1/2r5/8 b - - 4 38,-452
8/p3k1pp/8/2PBK2P/6P1/1P5r/8/8 b - - 2 40,-492
8/p3k1pp/8/2PB3P/3K2P1/1P6/7r/8 b - - 0 39,-457
6B1/p5pp/2Pk4/7P/5KP1/1Pr5/8/8 b - - 2 43,-514
8/p3k1pp/8/2PB3P/5KP1/1P2r3/8/8 b - - 4 41,-511
8/p3k1pp/8/2PB3P/5KP1/1Pr5/8/8 w - - 5 42,-496
8/p3k1pp/8/2PBK2P/6P1/1P2r3/8/8 w - - 3 41,-485
8/p3k1pp/2P5/3B3P/5KP1/1Pr5/8/8 b - - 0 42,-535
6B1/p5p1/2Pk3p/5K1P/6P1/1Pr5/8/8 b - - 1 44,-558
6B1/p5p1/2rk2Kp/7P/6P1/1P6/8/8 b - - 1 45,-628
6B1/p5p1/2rk3p/5K1P/6P1/1P6/8/8 w - - 0 45,-566
8/p5pp/2Pk4/3B3P/5KP1/1Pr5/8/8 w - - 1 43,-534
6B1/p5p1/2r3Kp/4k2P/6P1/1P6/8/8 w - - 2 46,-620
r1b2rk1/pp1n1pp1/1q2p2p/3nN3/8/3B2B1/PPP1QPPP/R1KR4 b - - 6 18,0
6B1/p5p1/2Pk3p/7P/5KP1/1Pr5/8/8 w - - 0 44,-554
r1b2rk1/pp3pp1/1q2p2p/2nnN3/8/3B2B1/PPP1QPPP/R1KR4 w - - 7 19,0
r1b2rk1/pp1n1pp1/1q2pn1p/4N3/5B2/3B4/PPP1QPPP/R1KR4 b - - 4 17,0
r1b2rk1/pp3pp1/1q2p2p/2nnN3/2B5/6B1/PPP1QPPP/R1KR4 b - - 8 19,0
r1b2rk1/pp1n1pp1/1q2p2p/3nN3/5B2/3B4/PPP1QPPP/R1KR4 w - - 5 18,0
6B1/p5K1/2r4p/4k2P/6P1/1P6/8/8 b - - 0 46,-655
r4rk1/pp1b1pp1/1q2p2p/2nnN3/2B5/6B1/PPP1QPPP/R1KR4 w - - 9 20,13
6B1/p5K1/2r4p/7P/5kP1/1P6/8/8 w - - 1 47,-726
r4rk1/pp1N1pp1/1q2p2p/2nn4/2B5/6B1/PPP1QPPP/R1KR4 b - - 0 20,30
r4rk1/pp1n1pp1/1q2p2p/3n4/P1B5/6B1/1PP1QPPP/R1KR4 b - - 0 21,9
r4rk1/pp1n1pp1/1q2p2p/3n4/2B5/6B1/PPP1QPPP/R1KR4 w - - 0 21,6
2r2rk1/pp1n1pp1/1q2p2p/3n4/P1B5/R5B1/1PP1QPPP/2KR4 b - - 2 22,0
2r2rk1/pp1n1pp1/1q2p2p/3n4/P1B5/6B1/1PP1QPPP/R1KR4 w - - 1 22,11
2r2rk1/pp1n1pp1/4p2p/3n4/PqB5/R5B1/1PP1QPPP/2KR4 w - - 3 23,52
2r2rk1/pp1n1pp1/7p/3p4/Pq6/R5B1/1PP1QPPP/2KR4 w - - 0 24,68
2r2rk1/pp1n1pp1/4p2p/3B4/Pq6/R5B1/1PP1QPPP/2KR4 b - - 0 23,87
2r2rk1/pp3pp1/5n1p/3p4/P3q3/R2Q2B1/1PP2PPP/2KR4 w - - 4 26,143
2r2rk1/pp3pp1/5n1p/3p4/P3Q3/R5B1/1PP2PPP/2KR4 b - - 0 26,154
2r2rk1/pp3pp1/5n1p/8/P3p3/R5B1/1PP2PPP/2KR4 w - - 0 27,157
2r2rk1/pp3pp1/5n1p/8/P3p3/1R4B1/1PP2PPP/2KR4 b - - 1 27,151
2r2rk1/pp1n1pp1/7p/1Q1p4/Pq6/R5B1/1PP2PPP/2KR4 b - - 1 24,42
2r2rk1/pp1n1pp1/7p/3p4/P3q3/R2Q2B1/1PP2PPP/2KR4 b - - 3 25,50
2r2rk1/p4pp1/1p3n1p/8/P3p3/1R4B1/1PP2PPP/2KR4 w - - 0 28,162
2r2rk1/pp1n1pp1/7p/1Q1p4/P3q3/R5B1/1PP2PPP/2KR4 w - - 2 25,28
5rk1/p4pp1/1pr2n1p/1R6/P3p3/6B1/1PP2PPP/2KR4 w - - 2 29,140
5rk1/p4pp1/1prR1n1p/1R6/P3p3/6B1/1PP2PPP/2K5 b - - 3 29,147
2r2rk1/p4pp1/1p3n1p/1R6/P3p3/6B1/1PP2PPP/2KR4 b - - 1 28,127
5rk1/p4pp1/1p1B1n1p/1R6/P3p3/8/1PP2PPP/2K5 b - - 0 30,151
5rk1/p4pp1/1p1r1n1p/1R6/P3p3/6B1/1PP2PPP/2K5 w - - 0 30,157
2r3k1/p4pp1/1p1B1n1p/1R6/P3p3/8/1PP2PPP/2K5 w - - 1 31,154
6k1/p2n1pp1/1pr4p/1R6/P3pB2/7P/1PP2PP1/2K5 w - - 3 33,121
5k2/p2n1pp1/1pr4p/1R6/P3p3/4B2P/1PP2PP1/2K5 w - - 5 34,126
6k1/p4pp1/1prB1n1p/1R6/P3p3/7P/1PP2PP1/2K5 w - - 1 32,120
6k1/p4pp1/1pr2n1p/1R6/P3pB2/7P/1PP2PP1/2K5 b - - 2 32,121
2r3k1/p4pp1/1p1B1n1p/1R6/P3p3/7P/1PP2PP1/2K5 b - - 0 31,124
6k1/p2n1pp1/1pr4p/1R6/P3p3/4B2P/1PP2PP1/2K5 b - - 4 33,124
5k2/p4pp1/1p2rn1p/8/PR2p3/1P2B2P/2P2PP1/2K5 w - - 1 36,140
5k2/p4pp1/1pr2n1p/8/PR2p3/1P2B2P/2P2PP1/2K5 b - - 0 35,138
5k2/p2n1pp1/1pr4p/8/PR2p3/4B2P/1PP2PP1/2K5 b - - 6 34,152
5k2/p4pp1/1p2rn1p/1R6/P3p3/1P2B2P/2P2PP1/2K5 b - - 2 36,142
5k2/p4pp1/1pr2n1p/8/PR2p3/4B2P/1PP2PP1/2K5 w - - 7 35,153
8/p3kpp1/1p2rn1p/1R6/P3p3/1P2B2P/2P2PP1/2K5 w - - 3 37,167
8/p2nkpp1/1p2r2p/PR6/4p3/1P2B2P/2P2PP1/2K5 w - - 1 38,136
8/p3kpp1/1p2rn1p/PR6/4p3/1P2B2P/2P2PP1/2K5 b - - 0 37,147
8/p2nkpp1/1P2r2p/1R6/4p3/1P2B2P/2P2PP1/2K5 b - - 0 38,143
8/3nkpp1/1p4rp/1R6/2P1p3/1P2B2P/5PP1/2K5 w - - 1 40,140
8/3nkpp1/1p1r3p/1R6/2P1p3/1P2B1PP/5P2/2K5 w - - 1 41,111
8/3nkpp1/1p2r2p/1R6/4p3/1P2B2P/2P2PP1/2K5 w - - 0 39,143
8/3nkpp1/1p2r2p/1R6/2P1p3/1P2B2P/5PP1/2K5 b - - 0 39,62
8/3nkpp1/1p4rp/1R6/2P1p3/1P2B1PP/5P2/2K5 b - - 0 40,143
8/3nk3/1p1r1p1p/1R4p1/2P1p2P/1PK1B1P1/5P2/8 b - - 1 43,27
8/3nkpp1/1p1r3p/1R6/2P1p3/1P2B1PP/2K2P2/8 b - - 2 41,72
8/3nk3/1p1r1p1p/1R4p1/2P1p2P/1P2B1P1/2K2P2/8 w - - 0 43,26
8/3n4/1p1rkp1p/1R4p1/2P1p2P/1PK1B1P1/5P2/8 w - - 2 44,32
8/3n4/1p1rkp1p/1R4p1/1KP1p2P/1P2B1P1/5P2/8 b - - 3 44,14
8/3nk3/1p3p1p/1R4p1/2P1p2P/1PKrB1P1/5P2/8 w - - 6 46,19
8/3nk3/1p1r1p1p/1RP3p1/1K2p2P/1P2B1P1/5P2/8 b - - 0 47,0
8/3nk3/3r1p1p/2R3p1/1K2p2P/1P2B1P1/5P2/8 b - - 0 48,0
8/3n4/3rkp1p/2R3p1/1K2p2P/1P2B1P1/5P2/8 w - - 1 49,0
8/3n4/3rkp1p/6p1/1KR1p2P/1P2B1P1/5P2/8 b - - 2 49,0
8/3nkp2/1p1r3p/1R4p1/2P1p3/1P2B1PP/2K2P2/8 w - - 0 42,57
8/3nk3/3r1p1p/1Rp3p1/1K2p2P/1P2B1P1/5P2/8 w - - 0 48,0
8/3nk3/1p1r1p1p/1R4p1/1KP1p2P/1P2B1P1/5P2/8 w - - 4 45,19
8/3nkp2/1p1r3p/1R4p1/2P1p2P/1P2B1P1/2K2P2/8 b - - 0 42,17
8/3nk3/1p3p1p/1R4p1/1KP1p2P/1P1rB1P1/5P2/8 b - - 7 46,13
rnbqkb1r/ppp2ppp/4pn2/8/2pP4/2N2N2/PP2PPPP/R1BQKB1R w KQkq - 0 5,20
rnbqkb1r/ppp2ppp/4pn2/3p4/2PP4/5N2/PP2PPPP/RNBQKB1R w KQkq - 0 4,8
rnbqkb1r/ppp2ppp/4pn2/8/Q1pP4/2N2N2/PP2PPPP/R1B1KB1R b KQkq - 1 5,-12
rnbqkb1r/pp3ppp/2p1pn2/8/2QP4/2N2N2/PP2PPPP/R1B1KB1R b KQkq - 0 6,-15
rnbqkb1r/ppp2ppp/4pn2/3p4/2PP4/2N2N2/PP2PPPP/R1BQKB1R b KQkq - 1 4,9
rnbqkb1r/p4ppp/2p1pn2/1p6/2QP4/2N2N2/PP2PPPP/R1B1KB1R w KQkq - 0 7,-9
r1bqkb1r/p2n1ppp/2p1pn2/1p4B1/3P4/2NQ1N2/PP2PPPP/R3KB1R b KQkq - 3 8,-29
r2qkb1r/pb1n1ppp/2p1pn2/1p4B1/3P4/2NQ1N2/PP2PPPP/R3KB1R w KQkq - 4 9,-26
rnbqkb1r/pp3ppp/2p1pn2/8/Q1pP4/2N2N2/PP2PPPP/R1B1KB1R w KQkq - 0 6,-12
r2qkb1r/pb1n1ppp/2p1pn2/1p4B1/3P4/2NQPN2/PP3PPP/R3KB1R b KQkq - 0 9,-39
r2qkb1r/1b1n1ppp/p1p1pn2/1p4B1/3P4/2NQPN2/PP2BPPP/R3K2R b KQkq - 1 10,-40
r2qkb1r/1b1n1ppp/p1p1pn2/1p4B1/3P4/2NQPN2/PP3PPP/R3KB1R w KQkq - 0 10,-39
r2qkb1r/1b1n1ppp/p3pn2/1pp3B1/3P4/2NQPN2/PP2BPPP/R3K2R w KQkq - 0 11,-32
r2qkb1r/1b1n1ppp/p3pn2/1pp3B1/3P4/2NQPN2/PP2BPPP/R4RK1 b kq - 1 11,-29
r2qk2r/1b1nbppp/p3pn2/1pp3B1/3P4/2NQPN2/PP2BPPP/R4RK1 w kq - 2 12,-38
r2q1rk1/1b1nbppp/p3pn2/1pp3B1/3P4/2NQPN2/PP2BPPP/R2R2K1 w - - 4 13,-43
r2qk2r/1b1nbppp/p3pn2/1pp3B1/3P4/2NQPN2/PP2BPPP/R2R2K1 b kq - 3 12,-42
r1bqkb1r/p2n1ppp/2p1pn2/1p6/3P4/2NQ1N2/PP2PPPP/R1B1KB1R w KQkq - 2 8,0
r2q1rk1/1b1nbppp/p3pn2/1pP3B1/8/2NQPN2/PP2BPPP/R2R2K1 b - - 0 13,-39
rnbqkb1r/p4ppp/2p1pn2/1p6/3P4/2NQ1N2/PP2PPPP/R1B1KB1R b KQkq - 1 7,-18
r4rk1/1b2bppp/p3pn2/1pn3B1/3q4/2N1PN2/PP2BPPP/R2R2K1 w - - 0 15,-31
r4rk1/1b2bppp/p3pn2/1pn3B1/3R4/2N1PN2/PP2BPPP/R5K1 b - - 0 15,-46
r2q1rk1/1b2bppp/p3pn2/1pn3B1/8/2NQPN2/PP2BPPP/R2R2K1 w - - 0 14,-30
r2q1rk1/1b2bppp/p3pn2/1pn3B1/3Q4/2N1PN2/PP2BPPP/R2R2K1 b - - 1 14,-47
r2r2k1/1b2bpp1/p3pn1p/1pn3B1/3R4/2N1PN2/PP2BPPP/3R2K1 w - - 0 17,-39
r2r2k1/1b2bppp/p3pn2/1pn3B1/3R4/2N1PN2/PP2BPPP/R5K1 w - - 1 16,-44
3r2k1/1b2bpp1/p3pn1p/1pn3B1/8/2N1PN2/PP2BPPP/3R2K1 w - - 0 18,-32
r2r2k1/1b2bppp/p3pn2/1pn3B1/3R4/2N1PN2/PP2BPPP/3R2K1 b - - 2 16,-53
6k1/1b2bpp1/p3pn1p/1pn5/5B2/4PN2/PP2BPPP/3N2K1 b - - 0 19,-49
r2R2k1/1b2bpp1/p3pn1p/1pn3B1/8/2N1PN2/PP2BPPP/3R2K1 b - - 0 17,-42
1B4k1/1b2bpp1/p3p2p/1pn5/1n6/4PN2/PP2BPPP/3N2K1 w - - 3 21,-49
1B4k1/1b2bpp1/p3p2p/1pnn4/8/4PN2/PP2BPPP/3N2K1 b - - 2 20,-41
6k1/1b2bpp1/p3pn1p/1pn5/5B2/2N1PN2/PP2BPPP/3r2K1 w - - 0 19,-32
6k1/1b2bpp1/p3p2p/1pnn4/5B2/4PN2/PP2BPPP/3N2K1 w - - 1 20,-36
3r2k1/1b2bpp1/p3pn1p/1pn5/5B2/2N1PN2/PP2BPPP/3R2K1 b - - 1 18,-69
rnbqkbnr/pppppppp/8/8/2P5/8/PP1PPPPP/RNBQKBNR b KQkq - 0 1,15
rnbqkbnr/pppp1ppp/8/4p3/2P5/2N5/PP1PPPPP/R1BQKBNR b KQkq - 1 2,3
rnbqkbnr/pppp1ppp/8/4p3/2P5/8/PP1PPPPP/RNBQKBNR w KQkq - 0 2,14
rnbqkb1r/pppp1ppp/5n2/4p3/2P5/2N2N2/PP1PPPPP/R1BQKB1R b KQkq - 3 3,3
rnbqkb1r/pppp1ppp/5n2/4p3/2P5/2N5/PP1PPPPP/R1BQKBNR w KQkq - 2 3,0
r1bqkb1r/pppp1ppp/2n2n2/4p3/2P5/2N2NP1/PP1PPP1P/R1BQKB1R b KQkq - 0 4,0
r1bqkb1r/pppp1ppp/2n2n2/4p3/2P5/2N2N2/PP1PPPPP/R1BQKB1R w KQkq - 4 4,2
r1bqk2r/pppp1ppp/2n2n2/2b1p3/2P5/2N2NP1/PP1PPP1P/R1BQKB1R w KQkq - 1 5,36
r1bqk2r/pppp1ppp/2n2n2/2b1p3/2P5/2N2NP1/PP1PPPBP/R1BQK2R b KQkq - 2 5,26
r1bq1rk1/ppp2ppp/2np1n2/2b1p3/2P5/2NP1NP1/PP2PPBP/R1BQ1RK1 b - - 0 7,14
r1bq1rk1/ppp2pp1/2np1n1p/2b1p3/2P5/2NP1NP1/PP2PPBP/R1BQ1RK1 w - - 0 8,20
r1bq1rk1/ppp2ppp/2np1n2/2b1p3/2P5/2N2NP1/PP1PPPBP/R1BQ1RK1 w - - 0 7,31
r1bq1rk1/pppp1ppp/2n2n2/2b1p3/2P5/2N2NP1/PP1PPPBP/R1BQK2R w KQ - 3 6,34
r1bq1rk1/pppp1ppp/2n2n2/2b1p3/2P5/2N2NP1/PP1PPPBP/R1BQ1RK1 b - - 4 6,33
r1bq1rk1/1pp2pp1/p1np1n1p/2b1p3/2P5/P1NP1NP1/1P2PPBP/R1BQ1RK1 w - - 0 9,11
r1bq1rk1/ppp2pp1/2np1n1p/2b1p3/2P5/P1NP1NP1/1P2PPBP/R1BQ1RK1 b - - 0 8,2
r1bq1rk1/1pp2pp1/p1np1n1p/2b1p3/1PP5/P1NP1NP1/4PPBP/R1BQ1RK1 b - - 0 9,11
r2q1rk1/bpp2pp1/p1np1n1p/4p3/1PP3b1/P1NP1NP1/1B2PPBP/R2Q1RK1 w - - 3 11,38
r1bq1rk1/bpp2pp1/p1np1n1p/4p3/1PP5/P1NP1NP1/1B2PPBP/R2Q1RK1 b - - 2 10,17
r1bq1rk1/bpp2pp1/p1np1n1p/4p3/1PP5/P1NP1NP1/4PPBP/R1BQ1RK1 w - - 1 10,6
r2q1rk1/bpp2pp1/p1npbn1p/4p3/1PP5/P1NP1NPP/1B2PPB1/R2Q1RK1 w - - 1 12,37
r2q1rk1/bpp2pp1/p1npbn1p/4p3/1PP5/P1NP1NPP/1B2PPBK/R2Q1R2 b - - 2 12,35
r2q1rk1/bpp2pp1/p1np1n1p/4p3/1PP3b1/P1NP1NPP/1B2PPB1/R2Q1RK1 b - - 0 11,41
1r3rk1/bppq1pp1/p1npbn1p/4p3/1PP5/P1NP2PP/1B1NPPBK/R2Q1R2 w - - 5 14,60
1r3rk1/bppq1pp1/p1npbn1p/3Np3/1PP5/P2P2PP/1B1NPPBK/R2Q1R2 b - - 6 14,36
1r1q1rk1/bpp2pp1/p1npbn1p/4p3/1PP5/P1NP1NPP/1B2PPBK/R2Q1R2 w - - 3 13,42
1r1q1rk1/bpp2pp1/p1npbn1p/4p3/1PP5/P1NP2PP/1B1NPPBK/R2Q1R2 b - - 4 13,42
1r2nrk1/bppq1pp1/p1npb2p/3Np3/1PP5/P2P2PP/1B1NPPBK/R2Q1R2 w - - 7 15,63
1r2nrk1/bppq1pp1/p1npb2p/3Np3/QPP5/P2P2PP/1B1NPPBK/R4R2 b - - 8 15,58
1r2nrk1/bppq1pp1/p2pb2p/3Np3/QPPn4/P2P2PP/1B1NPPBK/R4R2 w - - 9 16,102
1r2nrk1/bppQ1pp1/p2pb2p/3Np3/1PPn4/P2P2PP/1B1NPPBK/R4R2 b - - 0 16,91
1r2nrk1/bppb1pp1/p2p3p/3Np3/1PPn4/P2P2PP/1B1NPPBK/R4R2 w - - 0 17,113
1r2nrk1/bppbNpp1/p2pn2p/4p3/1PP5/P2PP1PP/1B1N1PBK/R4R2 b - - 2 18,92
1r2nrk1/bppb1pp1/p2p3p/3Np3/1PPn4/P2PP1PP/1B1N1PBK/R4R2 b - - 0 17,85
1r2nrk1/bppb1pp1/p2pn2p/3Np3/1PP5/P2PP1PP/1B1N1PBK/R4R2 w - - 1 18,123
1r2nr2/bppbNppk/p2pn2p/4p3/1PP5/P2PP1PP/1B1N1PBK/R4R2 w - - 3 19,99
1r2nr2/bppbNppk/p3n2p/2p1p3/1PN5/P2PP1PP/1B3PBK/R4R2 b - - 1 20,64
1r2nr2/bppbNppk/p3n2p/2p1p3/1P6/P2PP1PP/1B1N1PBK/R4R2 w - - 0 20,95
1r2nr2/bpp1Nppk/p3n2p/2p1p3/bPN5/P2PP1PP/1B3PBK/R4R2 w - - 2 21,151
1r2nr2/bpp1Nppk/p3n2p/2p1p3/bPN1B3/P2PP1PP/1B3P1K/R4R2 b - - 3 21,135
1r2nr2/bppbNppk/p2pn2p/2P1p3/1P6/P2PP1PP/1B1N1PBK/R4R2 b - - 0 19,97
1r2nr1k/bpp1Npp1/p3n2p/2p1p3/bPN1B3/P2PP1PP/1B3P1K/R4R2 w - - 4 22,141
1r2nr1k/bpp1Npp1/p3n2p/2p1B3/bPN1B3/P2PP1PP/5P1K/R4R2 b - - 0 22,152
1r3r1k/bpp1Npp1/p3nn1p/2p1BB2/bPN5/P2PP1PP/5P1K/R4R2 b - - 2 23,78
1r3r1k/bpp1Npp1/p3nn1p/2p1B3/bPN1B3/P2PP1PP/5P1K/R4R2 w - - 1 23,157
1r2r2k/bpp1Npp1/p3nn1p/2p1BB2/bPN5/P2PP1PP/5P1K/R4R2 w - - 3 24,83
1r2r2k/bpp1Npp1/p3nB1p/2p2B2/bPN5/P2PP1PP/5P1K/R4R2 b - - 0 24,77
1r2r2k/bpp1Np2/p3np1p/2p2B2/bPN5/P2PP1PP/5P1K/R4R2 w - - 0 25,74
1r2r3/1pp2pk1/p3np1p/2bN1B2/b1N5/P2PP1PP/5P1K/R4R2 w - - 0 27,71
1r2r3/bpp2pk1/p3np1p/2pN1B2/bPN5/P2PP1PP/5P1K/R4R2 w - - 2 26,75
1r2r3/bpp2pk1/p3np1p/2PN1B2/b1N5/P2PP1PP/5P1K/R4R2 b - - 0 26,36
1r2r2k/bpp2p2/p3np1p/2pN1B2/bPN5/P2PP1PP/5P1K/R4R2 b - - 1 25,84
1r2rb2/1pp2pk1/p3np1p/N2N1B2/b7/P2PP1PP/5P1K/R1R5 b - - 3 28,74
1r2rb2/1pp2pk1/p3np1p/3N1B2/b1N5/P2PP1PP/5P1K/R1R5 w - - 2 28,77
1r2r3/1pp2pk1/p3np1p/2bN1B2/b1N5/P2PP1PP/5P1K/R1R5 b - - 1 27,78
1r2rb2/2p2pk1/pp2np1p/N2N1B2/b7/P2PP1PP/5P1K/R1R5 w - - 0 29,96
1r2rb2/2p2pk1/ppN1np1p/3N1B2/b7/P2PP1PP/5P1K/R1R5 b - - 1 29,104
4rb2/1rp2pk1/ppN1np1p/3N1B2/b1R5/P2PP1PP/5P1K/R7 b - - 3 30,105
4rb2/1rp2pk1/ppN1np1p/1b1N1B2/6R1/P2PP1PP/5P1K/R7 b - - 5 31,93
4rb2/1rp2pk1/ppN1np1p/3N1B2/b7/P2PP1PP/5P1K/R1R5 w - - 2 30,108
4rb2/1rp2pk1/ppN1np1p/1b1N1B2/2R5/P2PP1PP/5P1K/R7 w - - 4 31,113
4rb2/1rp2pk1/ppN2p1p/1b1N1Bn1/6R1/P2PP1PP/5P1K/R7 w - - 6 32,107
5b2/1rpB1pk1/ppN1rp1p/1b1N2n1/6R1/P2PP1PP/5P1K/R7 w - - 8 33,-42
4rb2/1rpB1pk1/ppN2p1p/1b1N2n1/6R1/P2PP1PP/5P1K/R7 b - - 7 32,-36
5b2/1rp2pk1/ppb1Bp1p/3N2n1/6R1/P2PP1PP/5P1K/R7 w - - 0 34,-45
5b2/1rp2pk1/ppb1Bp1p/6n1/5NR1/P2PP1PP/5P1K/R7 b - - 1 34,-40
5b2/1rp3k1/ppb1Np1p/6n1/6R1/P2PP1PP/5P1K/R7 b - - 0 35,-44
5b2/1rp2pk1/ppN1Bp1p/1b1N2n1/6R1/P2PP1PP/5P1K/R7 b - - 0 33,-38
5bk1/1rp5/ppb1Np1p/6n1/6R1/P2PP1PP/5P1K/R7 w - - 1 36,-40
5b2/1rp3k1/ppb1pp1p/6n1/5NR1/P2PP1PP/5P1K/R7 w - - 0 35,-35
3N1bk1/1rp5/pp3p1p/6n1/6R1/P2PPbPP/5P1K/R7 w - - 3 37,-42
3N1bk1/1rp5/ppb2p1p/6n1/6R1/P2PP1PP/5P1K/R7 b - - 2 36,-39
5bk1/1bp5/pp3p1p/6n1/6RP/P2PP1P1/5P1K/R7 b - - 0 38,-32
5bk1/1bp5/pp3p1p/6n1/6R1/P2PP1PP/5P1K/R7 w - - 0 38,-27
5bk1/1bp5/pp5p/5p2/5R1P/P2PPnPK/5P2/R7 b - - 3 40,0
5bk1/1bp5/pp5p/5pn1/6RP/P2PP1P1/5P1K/R7 w - - 0 39,-9
5bk1/1Np5/pp3p1p/6n1/6R1/P2PPbPP/5P1K/R7 b - - 0 37,-31
5bk1/1bp5/pp5p/5p2/5R1P/P2PPnP1/5P1K/R7 w - - 2 40,-18
5bk1/1bp5/pp5p/5pn1/5R1P/P2PP1P1/5P1K/R7 b - - 1 39,-7
2b2bk1/2p5/pp5p/5p2/P1nP1R1P/4P1PK/5P2/2R5 b - - 2 43,-31
5bk1/1bp5/pp5p/4np2/5R1P/P2PP1PK/5P2/R7 w - - 4 41,26
2b2bk1/2p5/pp5p/5p2/P1nP1R1P/4P1PK/5P2/R7 w - - 1 43,0
2b2bk1/2p5/p6p/1p3p2/P1nP1R1P/4P1PK/5P2/2R5 w - - 0 44,-27
5bk1/1bp5/pp5p/5p2/2nP1R1P/P3P1PK/5P2/R7 w - - 1 42,14
2b2bk1/2p5/7p/1p1P1p2/2n2R1P/4P1PK/5P2/2R5 b - - 0 45,-23
5bk1/1bp5/pp5p/4np2/3P1R1P/P3P1PK/5P2/R7 b - - 0 41,12
2b2bk1/2p5/p6p/1P3p2/2nP1R1P/4P1PK/5P2/2R5 b - - 0 44,-34
2b2bk1/2p5/7p/1p3p2/2nP1R1P/4P1PK/5P2/2R5 w - - 0 45,-45
5bk1/1bp5/pp5p/5p2/P1nP1R1P/4P1PK/5P2/R7 b - - 0 42,-29
2b3k1/2p5/3b3p/1p1P1p2/2R4P/4P1PK/5P2/2R5 b - - 0 46,-18
2b3k1/2p5/3b3p/1p1P1p2/2n2R1P/4P1PK/5P2/2R5 w - - 1 46,-29
2b5/2p1k3/3b3p/3P1p2/2R4P/4P1P1/5PK1/8 w - - 3 49,0
2b5/2p1k3/3b4/3P1p1p/2R4P/4PPP1/6K1/8 w - - 0 50,0
2b3k1/2p5/3b3p/3P1p2/2R4P/4P1PK/5P2/8 b - - 0 47,-13
2b5/2p1k3/3b3p/3P1p2/2R4P/4PPP1/6K1/8 b - - 0 49,-5
8/1bp1k3/3b4/3P1p1p/2R4P/4PPP1/5K2/8 w - - 2 51,0
8/1bp1k3/8/2bP1p1p/3R3P/4PPP1/5K2/8 w - - 4 52,0
8/1bp1k3/8/2bP1p1p/5R1P/4PPP1/5K2/8 b - - 5 52,0
2b5/2p2k2/3b3p/3P1p2/2R4P/4P1PK/5P2/8 w - - 1 48,-43
2b5/2p1k3/8/2bP1p1p/5R1P/4PPP1/5K2/8 w - - 6 53,0
2b5/2p1k3/8/2bP1p1p/R6P/4PPP1/5K2/8 b - - 7 53,0
8/1bp1k3/3b4/3P1p1p/3R3P/4PPP1/5K2/8 b - - 3 51,-4
2b5/2p1k3/3b4/3P1p1p/2R4P/4PPP1/5K2/8 b - - 1 50,-3
2b5/2p2k2/3b3p/3P1p2/2R4P/4P1P1/5PK1/8 b - - 2 48,-10
2b3k1/2p5/3b3p/3P1p2/2p4P/4P1PK/5P2/2R5 w - - 0 47,-25
8/1bp1k3/8/2bP1p1p/R6P/4PPP1/5K2/8 w - - 8 54,21
rnbqkb1r/ppp2ppp/4pn2/8/2pPP3/2N2N2/PP3PPP/R1BQKB1R b KQkq - 0 5,33
rnbqk2r/ppp2ppp/4pn2/6B1/1bpPP3/2N2N2/PP3PPP/R2QKB1R b KQkq - 2 6,31
rnbqk2r/ppp2ppp/4pn2/8/1bpPP3/2N2N2/PP3PPP/R1BQKB1R w KQkq - 1 6,39
rnbqk2r/pp3ppp/4pn2/2p3B1/1bBPP3/2N2N2/PP3PPP/R2QK2R b KQkq - 0 7,36
rnbqk2r/pp3ppp/4pn2/2p3B1/1bpPP3/2N2N2/PP3PPP/R2QKB1R w KQkq - 0 7,27
rnbqk2r/pp3ppp/4pn2/6B1/1bBpP3/2N2N2/PP3PPP/R2QK2R w KQkq - 0 8,19
rnbqk2r/pp3ppp/4pn2/6B1/1bBNP3/2N5/PP3PPP/R2QK2R b KQkq - 0 8,36
rnbqk2r/pp3ppp/4pn2/6B1/2BNP3/2b5/PP3PPP/R2QK2R w KQkq - 0 9,24
rnbqk2r/pp3ppp/4pn2/6B1/2BNP3/2P5/P4PPP/R2QK2R b KQkq - 0 9,28
rnb1k2r/pp3ppp/4pn2/qN4B1/2B1P3/2P5/P4PPP/R2QK2R b KQkq - 2 10,13
rnb1k2r/pp3ppp/4pn2/q5B1/2BNP3/2P5/P4PPP/R2QK2R w KQkq - 1 10,20
rn5r/pp2kppp/2bNpn2/q5B1/2B1P3/2P5/P2Q1PPP/R3K2R w KQ - 7 13,102
rn2k2r/pp1b1ppp/4pn2/qN4B1/2B1P3/2P5/P4PPP/R2QK2R w KQkq - 3 11,112
rn5r/pp1bkppp/3Npn2/q5B1/2B1P3/2P5/P2Q1PPP/R3K2R b KQ - 6 12,121
rn5r/pp1bkppp/3Npn2/q5B1/2B1P3/2P5/P4PPP/R2QK2R w KQ - 5 12,130
rn2k2r/pp1b1ppp/3Npn2/q5B1/2B1P3/2P5/P4PPP/R2QK2R b KQkq - 4 11,129
r6r/pp1nkppp/2bNpn2/q5B1/2B1PP2/2P5/P2Q2PP/R3K2R w KQ - 1 14,129
rn5r/pp2kppp/2bNpn2/q5B1/2B1PP2/2P5/P2Q2PP/R3K2R b KQ - 0 13,140
r2r4/pp1nkpp1/2bNpn1p/q5B1/2BQPP2/2P5/P5PP/3RK2R w K - 0 16,117
r2r4/pp1nkppp/2bNpn2/q5B1/2BQPP2/2P5/P5PP/3RK2R b K - 4 15,36
r2r4/pp1nkpp1/2bNpn1p/q7/2BQPP1B/2P5/P5PP/3RK2R b K - 1 16,99
r2r4/pp1nkpp1/2bNpn1p/7q/2BQPP1B/2P5/P5PP/3RK2R w K - 2 17,90
r2r1k2/pp1n1pp1/2bNpn1p/7q/2BQPP2/2P5/P4BPP/3RK2R w K - 4 18,190
r2r4/pp1nkppp/2bNpn2/q5B1/2B1PP2/2P5/P2Q2PP/3RK2R w K - 3 15,74
r6r/pp1nkppp/2bNpn2/q5B1/2B1PP2/2P5/P2Q2PP/3RK2R b K - 2 14,65
r2r1k2/pp1n1pp1/2bNp2p/3nP2q/2BQ1P2/2P5/P4BPP/3RK2R w K - 1 19,211
r2r1k2/pp1n1pp1/2bNp2p/3nP2q/2BQ1P2/2P5/P4BPP/3R1RK1 b - - 2 19,122
r2r1k2/pp1n1pp1/2bNpn1p/4P2q/2BQ1P2/2P5/P4BPP/3RK2R b K - 0 18,184
r2r4/pp1nkpp1/2bNpn1p/7q/2BQPP2/2P5/P4BPP/3RK2R b K - 3 17,34
r2r1k2/pp1n1pp1/2bNp2p/3nP3/2BQ1Pq1/2P4P/P4BP1/3R1RK1 b - - 0 20,298
r2r1k2/pp1n1pp1/2bNp2p/3nP3/2BQ1Pq1/2P5/P4BPP/3R1RK1 w - - 3 20,299
r2r1k2/pp1n1pp1/2bNp2p/3nPP1q/2BQ4/2P4P/P4BP1/3R1RK1 b - - 0 21,347
r2r1k2/pp1n1pp1/2bNp2p/3nP2q/2BQ1P2/2P4P/P4BP1/3R1RK1 w - - 1 21,311
r2r2k1/pp3pp1/1nbNp2p/3BPP1q/3Q4/2PR3P/P4BP1/5RK1 b - - 0 23,240
r2r2k1/pp3pp1/1nbNp2p/3nPP1q/2BQ4/2PR3P/P4BP1/5RK1 w - - 3 23,416
r2r2k1/pp1n1pp1/2bNp2p/3nPP1q/2BQ4/2P4P/P4BP1/3R1RK1 w - - 1 22,387
r2r2k1/pp3pp1/1n1Np2p/3bPP1q/3Q4/2PR3P/P4BP1/5RK1 w - - 0 24,334
r2r2k1/pp1n1pp1/2bNp2p/3nPP1q/2BQ4/2PR3P/P4BP1/5RK1 b - - 2 22,400
r5k1/pp1r1pp1/1n1Np2p/3bPP1q/3Q4/2P3RP/P4BP1/5RK1 w - - 2 25,439
r5k1/pp1r1pp1/1n1Np2p/3bPP1q/3Q4/2P1B1RP/P5P1/5RK1 b - - 3 25,454
r2r2k1/pp3pp1/1n1Np2p/3bPP1q/3Q4/2P3RP/P4BP1/5RK1 b - - 1 24,367
r5k1/pp1r2p1/1n1NpP1p/5P1q/2bQ1R2/2P1B1RP/P5P1/6K1 b - - 0 27,751
r5k1/pp1r1pp1/1n1Np2p/4PP1q/2bQ4/2P1B1RP/P5P1/5RK1 w - - 4 26,687
r5k1/pp1r2p1/1n1N1P1p/4QP2/2b2R2/2P1B1RP/P5P1/3q2K1 w - - 1 29,968
r5k1/pp1r2p1/1n1N1P1p/4QP2/2b2R2/2P1B1RP/P5PK/3q4 b - - 2 29,1015
r5k1/pp1r1pp1/1n1Np2p/4PP1q/2bQ1R2/2P1B1RP/P5P1/6K1 b - - 5 26,734
r5k1/pp1r2p1/1n1Npp1p/4PP1q/2bQ1R2/2P1B1RP/P5P1/6K1 w - - 0 27,726
r5k1/pp1r2p1/1n1N1P1p/4pP1q/2bQ1R2/2P1B1RP/P5P1/6K1 w - - 0 28,834
r5k1/pp1r2p1/1n1q1P1p/4QP2/2b2R2/2P1B1RP/P5PK/8 w - - 0 30,1253
r5k1/pp1r1Pp1/1n1q3p/4QP2/2b2R2/2P1B1RP/P5PK/8 b - - 0 30,M22
r6Q/pp1rk3/1n1q3p/5P2/2b2R2/2P1B1RP/P5PK/8 w - - 3 33,M9
r6Q/pp1rk3/1n1q3p/5P2/2b1R3/2P1B1RP/P5PK/8 b - - 4 33,M8
r1b2rk1/ppq2pp1/4pn1p/2n1N3/5B2/3B4/PPPKQPPP/R2R4 w - - 3 17,45
r1b2rk1/ppq2pp1/4pn1p/2n1N3/5B2/3B4/PPP1QPPP/R2RK3 b - - 4 17,40
r1b2rk1/ppq2pp1/4p2p/2nnN3/5B2/3B4/PPP1QPPP/R2RK3 w - - 5 18,39
r7/pp1r1kp1/1n1q3p/4QP2/2b2R2/2P1B1RP/P5PK/8 w - - 0 31,1202
r1b2rk1/ppq2pp1/4p2p/2nnN3/8/3B2B1/PPP1QPPP/R2RK3 b - - 6 18,25
r1b2rk1/ppq2pp1/4p2p/3nN3/8/3n2B1/PPP1QPPP/R2RK3 w - - 0 19,32
r1b2rk1/ppq2pp1/4p2p/3nN3/8/3R2B1/PPP1QPPP/R3K3 b - - 0 19,13
r3k2Q/pp1r4/1n1q3p/5P2/2b2R2/2P1B1RP/P5PK/8 b - - 2 32,1442
r1b2rk1/p1q2pp1/4p2p/1p1nN3/8/3R2B1/PPP1QPPP/R3K3 w - - 0 20,31
r1b2rk1/p1q2pp1/4p2p/1p1nN3/8/2PR2B1/PP2QPPP/R3K3 b - - 0 20,12
r1b2rk1/pq3pp1/4p2p/1p1nN3/8/2PR2B1/PP2QPPP/R3K3 w - - 1 21,55
r1b2rk1/pq3pp1/4p2p/1p1nN3/8/2PR2B1/PP2QPPP/3RK3 b - - 2 21,40
rnb1k2r/pp3ppp/4p3/qN4B1/2B1n3/2P5/P4PPP/R2QK2R w KQkq - 0 11,35
rnb2rk1/pp3ppp/4p3/qN4B1/2B1Q3/2P5/P4PPP/R3K2R b KQ - 0 12,32
rnb2rk1/pp3ppp/4p3/qN4B1/2BQn3/2P5/P4PPP/R3K2R w KQ - 2 12,36
rnb1k2r/pp3ppp/4p3/qN4B1/2BQn3/2P5/P4PPP/R3K2R b KQkq - 1 11,60
rnb2rk1/1p3ppp/p3p3/qN4B1/2B1Q3/2P5/P4PPP/R3K2R w KQ - 0 13,31
rnb2rk1/1p2Bppp/p3p3/qN6/2B1Q3/2P5/P4PPP/R3K2R b KQ - 1 13,23
rnb2rk1/1p3ppp/4p3/qp6/1BB1Q3/2P5/P4PPP/R3K2R b KQ - 1 14,15
rnb2rk1/1pq2ppp/4p3/1p6/1BB1Q3/2P5/P4PPP/R3K2R w KQ - 2 15,27
rnb2rk1/1p2Bppp/4p3/qp6/2B1Q3/2P5/P4PPP/R3K2R w KQ - 0 14,29
rn3rk1/1pqb1ppp/4p3/1B6/1B2Q3/2P5/P4PPP/R3K2R w KQ - 1 16,13
rnb2rk1/1pq2ppp/4p3/1B6/1B2Q3/2P5/P4PPP/R3K2R b KQ - 0 15,22
rn3rk1/1pqb1ppp/4p3/8/1B2Q3/2PB4/P4PPP/R3K2R b KQ - 2 16,17
rn3rk1/1pqb1p1p/4p1p1/8/1B2Q3/2PB4/P4PPP/R4RK1 b - - 1 17,15
rn3rk1/1pqb1p1p/4p1p1/8/1B2Q3/2PB4/P4PPP/R3K2R w KQ - 0 17,10
rn2r1k1/1pqb1p1p/4p1p1/8/1B6/2PBQ3/P4PPP/R4RK1 b - - 3 18,15
rn2r1k1/1pqb1p1p/4p1p1/8/1B2Q3/2PB4/P4PPP/R4RK1 w - - 2 18,28
r3r1k1/1pqb1p1p/2n1p1p1/8/1B6/2PBQ3/P4PPP/R4RK1 w - - 4 19,21
r3r1k1/1pqb1p1p/2n1p1p1/2B5/8/2PBQ3/P4PPP/R4RK1 b - - 5 19,0
r3r1k1/1pqb1p1p/4p1p1/2B2n2/4B3/2P1Q3/P4PPP/R4RK1 w - - 8 21,0
r3r1k1/1pqb1p1p/4p1p1/2B2B2/8/2P1Q3/P4PPP/R4RK1 b - - 0 21,0
r3r1k1/1pqbnp1p/4p1p1/2B5/8/2PBQ3/P4PPP/R4RK1 w - - 6 20,0
r3r1k1/1pqb1p1p/6p1/2B2p2/8/2P1Q3/P4PPP/R4RK1 w - - 0 22,0
r3r1k1/1pqb1p1p/6p1/2B2p2/3Q4/2P5/P4PPP/R4RK1 b - - 1 22,0
r3r1k1/1pqbnp1p/4p1p1/2B5/4B3/2P1Q3/P4PPP/R4RK1 b - - 7 20,-9
r5k1/1p1b1p1p/3q2p1/2B2p2/4r3/2P5/P4PPP/R4RK1 w - - 0 24,-17
r5k1/1pqb1p1p/3Q2p1/2B2p2/4r3/2P5/P4PPP/R4RK1 b - - 3 23,0
r5k1/1pqb1p1p/6p1/2B2p2/3Qr3/2P5/P4PPP/R4RK1 w - - 2 23,-9
r5k1/pp1r2p1/1n1N1P1p/4QP1q/2b2R2/2P1B1RP/P5P1/6K1 b - - 0 28,844
r5k1/1p1b3p/3B1pp1/5p2/4r3/2P5/P4PPP/R4RK1 w - - 0 25,0
r5k1/1p1b3p/3B1pp1/5p2/4r3/2P2P2/P5PP/R4RK1 b - - 0 25,0
r5k1/1p1b1p1p/3B2p1/5p2/4r3/2P5/P4PPP/R4RK1 b - - 0 24,-18
r5k1/1p1b3p/3B1pp1/5p2/8/2P2P2/P3rRPP/R5K1 b - - 2 26,0
4r1k1/1p1b3p/3B1pp1/5p2/8/2P2P2/P3rRPP/R5K1 w - - 3 27,0
r5k1/1p1b3p/3B1pp1/5p2/8/2P2P2/P3r1PP/R4RK1 w - - 1 26,1
4r1k1/1p1b3p/3B1pp1/5p2/P7/2P2P2/4rRPP/R5K1 b - - 0 27,0
4r1k1/1p1b3p/3B1pp1/5p2/P7/2P2P2/6PP/R3rRK1 b - - 2 28,0
4r1k1/1p1b3p/3B1pp1/5p2/P7/2P2P2/5RPP/R3r1K1 w - - 1 28,11
rnbqkb1r/pppppppp/5n2/8/3P4/5N2/PPP1PPPP/RNBQKB1R b KQkq - 0 2,50
rnbqkb1r/pppppppp/5n2/8/8/5N2/PPPPPPPP/RNBQKB1R w KQkq - 2 2,45
rnbqkbnr/pppppppp/8/8/8/5N2/PPPPPPPP/RNBQKB1R b KQkq - 1 1,60
rnbqkb1r/pppp1ppp/4pn2/6B1/3P4/5N2/PPP1PPPP/RN1QKB1R b KQkq - 1 3,28
rnbqkb1r/pppp1ppp/4pn2/8/3P4/5N2/PPP1PPPP/RNBQKB1R w KQkq - 0 3,59
rnbqkb1r/pppp1pp1/4pn1p/6B1/3P4/5N2/PPP1PPPP/RN1QKB1R w KQkq - 0 4,29
rnbqkb1r/pppp1pp1/4pB1p/8/3P4/5N2/PPP1PPPP/RN1QKB1R b KQkq - 0 4,40
rnb1kb1r/pppp1pp1/4pq1p/8/3P4/5N2/PPP1PPPP/RN1QKB1R w KQkq - 0 5,19
rnb1kb1r/ppp2pp1/3ppq1p/8/3PP3/2N2N2/PPP2PPP/R2QKB1R b KQkq - 1 6,28
rnb1kb1r/ppp2p2/3ppq1p/6p1/3PP3/2N2N2/PPP2PPP/R2QKB1R w KQkq - 0 7,24
rnb1kb1r/pppp1pp1/4pq1p/8/3PP3/5N2/PPP2PPP/RN1QKB1R b KQkq - 0 5,25
rnb1kb1r/ppp2pp1/3ppq1p/8/3PP3/5N2/PPP2PPP/RN1QKB1R w KQkq - 0 6,17
rn2kb1r/pppbqp2/3pp2p/1B2P1p1/3P4/2N2N2/PPP2PPP/R2QK2R w KQkq - 3 9,43
rnb1kb1r/ppp2p2/3ppq1p/4P1p1/3P4/2N2N2/PPP2PPP/R2QKB1R b KQkq - 0 7,42
rnb1kb1r/ppp1qp2/3pp2p/4P1p1/3P4/2N2N2/PPP2PPP/R2QKB1R w KQkq - 1 8,45
r3k3/pp1r2Q1/1n1q3p/5P2/2b2R2/2P1B1RP/P5PK/8 w - - 1 32,1396
rnb1kb1r/ppp1qp2/3pp2p/1B2P1p1/3P4/2N2N2/PPP2PPP/R2QK2R b KQkq - 2 8,50
rn2kb1r/pppbqp2/3pp2p/1B2P1p1/3P4/2N2N2/PPP2PPP/R2Q1RK1 b kq - 4 9,19
r3kb1r/pppbqp2/2n1p2p/1N1pP1p1/3P4/3B1N2/PPP2PPP/R2Q1RK1 b kq - 3 11,-74
rn2kb1r/pppbqp2/4p2p/1B1pP1p1/3P4/2N2N2/PPP2PPP/R2Q1RK1 w kq - 0 10,29
2kr1b1r/pppbqp2/2n1p2p/1N1pP1p1/3P4/3B1N2/PPP2PPP/R2Q1RK1 w - - 4 12,-87
r3kb1r/pppbqp2/2n1p2p/3pP1p1/3P4/2NB1N2/PPP2PPP/R2Q1RK1 w kq - 2 11,33
rn2kb1r/pppbqp2/4p2p/3pP1p1/3P4/2NB1N2/PPP2PPP/R2Q1RK1 b kq - 1 10,-11
2kr1b1r/pppbqp2/2n1p2p/1N1pP1p1/3P4/2PB1N2/PP3PPP/R2Q1RK1 b - - 0 12,-104
2kr1b1r/pppbqp2/2n1p3/1N1pP1pp/3P4/2PB1N2/PP3PPP/R2Q1RK1 w - - 0 13,-75
2kr1b1r/pppbqp2/2n1p3/1N1pP1pp/P2P4/2PB1N2/1P3PPP/R2Q1RK1 b - - 0 13,-89
1k1r1b1r/pppbqp2/2n1p3/1N1pP1pp/PP1P4/2PB1N2/5PPP/R2Q1RK1 b - - 0 14,-82
1k1r1b1r/pppbqp2/2n1p3/1N1pP1pp/P2P4/2PB1N2/1P3PPP/R2Q1RK1 w - - 1 14,-50
1k1r3r/pppbqpb1/2n1p3/1N1pP1pp/PP1P4/2PB1N2/5PPP/R2Q1RK1 w - - 1 15,-43
1k3r1r/pppbqpb1/2n1p3/3pP1pp/PP1P4/N1PB1N2/5PPP/R2Q1RK1 w - - 3 16,-2
1k3r1r/pppbqpb1/2n1p3/3pP1pp/PP1P4/N1PB1N2/4QPPP/R4RK1 b - - 4 16,-105
1k1r3r/pppbqpb1/2n1p3/3pP1pp/PP1P4/N1PB1N2/5PPP/R2Q1RK1 b - - 2 15,-37
1k3r1r/pppbqpb1/2n1p3/3pP2p/PP1P2p1/N1PB4/3NQPPP/R4RK1 b - - 1 17,-110
1k3r1r/pppbqpb1/2n1p3/3pP2p/PP1P2p1/N1PB1N2/4QPPP/R4RK1 w - - 0 17,-96
1k3r1r/pppbq1b1/2n1pp2/3pP2p/PP1P2p1/N1PB4/3NQPPP/R4RK1 w - - 0 18,-102
1k3r1r/pppbq1b1/2n1pP2/3p3p/PP1P2p1/N1PB4/3NQPPP/R4RK1 b - - 0 18,-121
1k3r1r/pppbq3/2n1pb2/3p3p/PP1P2p1/N1PB4/3NQPPP/R4RK1 w - - 0 19,-98
1k3r1r/pppbq3/2n1pb2/1P1p3p/P2P2p1/N1PB4/3NQPPP/R4RK1 b - - 0 19,-133
1k3r1r/pppbq3/4pb2/nP1p3p/P2P1Pp1/N1PB4/3NQ1PP/R4RK1 b - f3 0 20,-99
1k3r1r/pppb2q1/4pb2/nP1p3p/P2P1Pp1/N1PB4/3NQ1PP/R4RK1 w - - 1 21,-88
1k3r1r/pppbq3/4pb2/nP1p3p/P2P2p1/N1PB4/3NQPPP/R4RK1 w - - 1 20,-86
1k3r1r/pppbb1q1/4p3/nP1p3p/P2P1Pp1/2PB4/2NNQ1PP/R4RK1 w - - 3 22,-88
1k3r1r/pppbb1q1/4p3/nP1p3p/P2P1P2/2PBN1p1/3NQ1PP/R4RK1 w - - 0 23,0
1k3r1r/pppbb1q1/4p3/nP1p3p/P2P1Pp1/2PBN3/3NQ1PP/R4RK1 b - - 4 22,-95
1k3r1r/pppb2q1/3bp3/nP1p3p/P2P1P2/2PBN1pP/3NQ1P1/R4RK1 w - - 1 24,27
1k3r1r/pppb2q1/4pb2/nP1p3p/P2P1Pp1/2PB4/2NNQ1PP/R4RK1 b - - 2 21,-82
1k3r1r/pppb2q1/3bp3/nP1p1P1p/P2P4/2PBN1pP/3NQ1P1/R4RK1 b - - 0 24,31
1k3r2/pppb2q1/3bp2r/nP1p1P1p/P2P4/2PBN1pP/3NQ1P1/4RRK1 b - - 2 25,39
1k3r1r/pppbb1q1/4p3/nP1p3p/P2P1P2/2PBN1pP/3NQ1P1/R4RK1 b - - 0 23,31
1k3r2/1ppb2q1/p2bp2r/nP1p1P1p/P2P4/2PBN1pP/3NQ1P1/4RRK1 w - - 0 26,137
1k3r2/1ppb2q1/p2bp2r/nP1p1P1p/P2P4/2PBNNpP/4Q1P1/4RRK1 b - - 1 26,145
1k3r2/pppb2q1/3bp2r/nP1p1P1p/P2P4/2PBN1pP/3NQ1P1/R4RK1 w - - 1 25,23
1k2r3/1ppb2q1/p2bp2r/nP1p1P1p/P2P4/2PBNNpP/4Q1P1/4RRK1 w - - 2 27,178
1k2r3/1ppb2q1/p2bp2r/nP1p1P1p/P2P4/2PBNNpP/3Q2P1/4RRK1 b - - 3 27,181
1k1r4/1ppb2q1/P2bp2r/n2p1P1p/P2P4/2PBNNpP/3Q2P1/4RRK1 b - - 0 28,262
1k1r4/2pb2q1/Pp1bp2r/n2p1P1p/P2P4/2PBNNpP/3Q2P1/4RRK1 w - - 0 29,258
1k1r4/1ppb2q1/p2bp2r/nP1p1P1p/P2P4/2PBNNpP/3Q2P1/4RRK1 w - - 4 28,259
1k1r4/2pb2q1/Pp1bp2r/n2pNP1p/P2P4/2PBN1pP/3Q2P1/4RRK1 b - - 1 29,250
1kbr4/2p3q1/Pp1br3/n2pN2p/P2P4/2PBN1pP/3Q2P1/4RRK1 w - - 0 31,325
1kbr4/2p3q1/Pp1br3/n2pNN1p/P2P4/2PB2pP/3Q2P1/4RRK1 b - - 1 31,347
1kbr4/2p3q1/Pp1bp2r/n2pNP1p/P2P4/2PBN1pP/3Q2P1/4RRK1 w - - 2 30,335
1kbr4/2p3q1/Pp1bP2r/n2pN2p/P2P4/2PBN1pP/3Q2P1/4RRK1 b - - 0 30,331
1kbr2q1/2p5/Pp1br3/n2pNN1p/P2P4/2PB2pP/3Q2P1/4RRK1 w - - 2 32,325
1kb2r2/2p2Nq1/Pp1br3/n2pN2p/P2P4/2PB2pP/3Q2P1/4RRK1 w - - 10 36,208
1kbr4/2p2Nq1/Pp1br3/n2pN2p/P2P4/2PB2pP/3Q2P1/4RRK1 b - - 9 35,209
1kbr2q1/2p5/Pp1br2N/n2pN2p/P2P4/2PB2pP/3Q2P1/4RRK1 b - - 3 32,345
1kbr4/2p3q1/Pp1br2N/n2pN2p/P2P4/2PB2pP/3Q2P1/4RRK1 w - - 4 33,354
1kb2q2/2p5/Pp1r4/n2pN2p/P2P4/2PB2pP/3Q2P1/4R1K1 w - - 0 38,229
1kb2r2/2p3q1/Pp1Nr3/n2pN2p/P2P4/2PB2pP/3Q2P1/4RRK1 b - - 0 36,223
1kb2R2/2p3q1/Pp1r4/n2pN2p/P2P4/2PB2pP/3Q2P1/4R1K1 b - - 0 37,238
1kb2r2/2p3q1/Pp1r4/n2pN2p/P2P4/2PB2pP/3Q2P1/4RRK1 w - - 0 37,360
1kb2q2/2p5/Pp1r4/n2pN2p/P2P4/2PB2pP/3Q2P1/5RK1 b - - 1 38,91
1kb2q2/2p5/Pp3r2/n2pN2p/P2P4/2PB2pP/3Q2P1/5RK1 w - - 2 39,89
1kb2q2/2p5/Pp3r2/n2pN3/P2P3p/2PBQ1pP/6P1/5RK1 w - - 0 40,24
1kb2q2/2p5/Pp3r2/3p2Q1/P1nP3p/2PB1NpP/6P1/5RK1 b - - 3 41,7
1kb2q2/2p5/Pp3r2/n2pN2p/P2P4/2PBQ1pP/6P1/5RK1 b - - 3 39,26
1kb2q2/2p5/Pp3r2/n2p4/P2P3p/2PBQNpP/6P1/5RK1 b - - 1 40,26
1k3q2/2p5/bp3r2/P2p2Q1/2nP3p/2PB1NpP/6P1/5RK1 b - - 0 42,0
1k3q2/2p5/bp3r2/3p2Q1/P1nP3p/2PB1NpP/6P1/5RK1 w - - 0 42,0
1k6/2p5/bp3r1q/P2p2Q1/2nP3p/2PB1NpP/6P1/5RK1 w - - 1 43,0
1kb2q2/2p5/Pp3r2/3p4/P1nP3p/2PBQNpP/6P1/5RK1 w - - 2 41,29
1k6/8/bp5r/3p2N1/2nP3p/2PB2pP/6P1/5RK1 b - - 1 45,-76
1k6/2p5/bp5r/P2p4/2nP3p/2PB1NpP/6P1/5RK1 w - - 0 44,-49
1k6/8/1p5r/1b1p2N1/2nP3p/2PB2pP/6P1/5RK1 w - - 2 46,-4
1k3R2/8/1p5r/1b1p2N1/2nP3p/2PB2pP/6P1/6K1 b - - 3 46,-3
5R2/k7/1p5r/1b1p2N1/2nP3p/2PB2pP/6P1/6K1 w - - 4 47,0
5R2/k7/1p5r/1b1p2N1/2nP3p/2PB2pP/6P1/5K2 b - - 5 47,-2
1k6/2p5/bp3r1Q/P2p4/2nP3p/2PB1NpP/6P1/5RK1 b - - 0 43,-42
1k6/2p5/bP5r/3p4/2nP3p/2PB1NpP/6P1/5RK1 b - - 0 44,-47
1k6/8/bp5r/3p4/2nP3p/2PB1NpP/6P1/5RK1 w - - 0 45,-40
rnbqkb1r/pppppp1p/5np1/8/2PP4/8/PP2PPPP/RNBQKBNR w KQkq - 0 3,51
rnbqkb1r/ppp1pp1p/5np1/3p4/2PP4/2N5/PP2PPPP/R1BQKBNR w KQkq - 0 4,47
rnbqkb1r/ppp1pp1p/5np1/3P4/3P4/2N5/PP2PPPP/R1BQKBNR b KQkq - 0 4,46
rnbqkb1r/pppppp1p/5np1/8/2PP4/2N5/PP2PPPP/R1BQKBNR b KQkq - 1 3,41
rnbqkb1r/ppp1pp1p/6p1/3n4/3P4/2N5/PP2PPPP/R1BQKBNR w KQkq - 0 5,42
rnbqkb1r/ppp1pp1p/6p1/3n4/3PP3/2N5/PP3PPP/R1BQKBNR b KQkq - 0 5,45
rnbqkb1r/ppp1pp1p/6p1/8/3PP3/2n5/PP3PPP/R1BQKBNR w KQkq - 0 6,44
rnbqkb1r/ppp1pp1p/6p1/8/3PP3/2P5/P4PPP/R1BQKBNR b KQkq - 0 6,44
rnbqk2r/ppp1ppbp/6p1/8/3PP3/2P5/P4PPP/R1BQKBNR w KQkq - 1 7,43
rnbqk2r/ppp1ppbp/6p1/8/3PP3/2P1B3/P4PPP/R2QKBNR b KQkq - 2 7,23
rnb1k2r/pp2ppbp/6p1/q1p5/3PP3/2P1B3/P2Q1PPP/R3KBNR w KQkq - 2 9,43
rnbqk2r/pp2ppbp/6p1/2p5/3PP3/2P1B3/P4PPP/R2QKBNR w KQkq - 0 8,32
rnbqk2r/pp2ppbp/6p1/2p5/3PP3/2P1B3/P2Q1PPP/R3KBNR b KQkq - 1 8,36
rnb1k2r/p3ppbp/1p4p1/qBp5/3PP3/2P1B3/P2Q1PPP/1R2K1NR b Kkq - 1 10,16
rn2k2r/p2bppbp/1p4p1/qBp5/3PP3/2P1B3/P2Q1PPP/1R2K1NR w Kkq - 2 11,12
rnb1k2r/pp2ppbp/6p1/q1p5/3PP3/2P1B3/P2Q1PPP/1R2KBNR b Kkq - 3 9,15
rn2k2r/p2bppbp/1p4p1/q1p5/3PP3/2P1B3/P2QBPPP/1R2K1NR b Kkq - 3 11,8
rn3rk1/p2bppbp/1p4p1/q1p5/3PP3/2P1B3/P2QBPPP/2R1K1NR b K - 5 12,13
rnb1k2r/p3ppbp/1p4p1/q1p5/3PP3/2P1B3/P2Q1PPP/1R2KBNR w Kkq - 0 10,23
rn3rk1/p3ppbp/1p4p1/qbp5/3PP3/2P1B3/P2QBPPP/2R1K1NR w K - 6 13,47
rn3rk1/p2bppbp/1p4p1/q1p5/3PP3/2P1B3/P2QBPPP/1R2K1NR w K - 4 12,19
r4rk1/p2nppbp/1p4p1/qbpP4/4P3/2P1B3/P2QBPPP/2R1K1NR w K - 1 14,18
rn3rk1/p3ppbp/1p4p1/qbpP4/4P3/2P1B3/P2QBPPP/2R1K1NR b K - 0 13,-1
r4rk1/p2nppbp/1p4p1/2pP4/b1P1P3/4B3/P2KBPPP/2R3NR w - - 1 16,16
r4rk1/p2nppbp/1p4p1/qbpP4/2P1P3/4B3/P2QBPPP/2R1K1NR b K - 0 14,16
r4rk1/p2nppbp/1p4p1/1bpP4/2P1P3/4B3/P2qBPPP/2R1K1NR w K - 0 15,16
r4rk1/p2nppbp/1p4p1/2pP4/b1P1P3/4B2N/P2KBPPP/2R4R b - - 2 16,9
r4rk1/p2n1pbp/1p2p1p1/2pP4/b1P1PN2/4B3/P2KBPPP/2R4R b - - 1 17,0
r4rk1/p2n1pbp/1p2p1p1/2pP4/b1P1P3/4B2N/P2KBPPP/2R4R w - - 0 17,10
r4rk1/p2nppbp/1p4p1/1bpP4/2P1P3/4B3/P2KBPPP/2R3NR b - - 0 15,15
4rrk1/p2b1pbp/1p2p1p1/2pPn3/2P1PN2/2R1BP2/P2KB1PP/7R w - - 3 20,5
4rrk1/p2n1pbp/1p2p1p1/2pP4/b1P1PN2/4B3/P2KBPPP/2R4R w - - 2 18,22
4rrk1/p4pbp/1p2p1p1/2pPn3/b1P1PN2/2R1BP2/P2KB1PP/7R b - - 2 19,28
4rrk1/p2b1pbp/1p2p1p1/2pPn3/2P1PN2/R3BP2/P2KB1PP/7R b - - 4 20,22
4rrk1/p4pbp/1p2p1p1/2pPn3/b1P1PN2/4BP2/P2KB1PP/2R4R w - - 1 19,27
4rrk1/R2b1pb1/1p4p1/2pPn2p/2P2N2/4BP2/P2KB1PP/7R b - - 0 22,0
4rrk1/R4pb1/1p4p1/2pPnb1p/2P2N2/4BP2/P2KB1PP/7R w - - 1 23,0
4rrk1/p2b1pbp/1p4p1/2pPn3/2P2N2/R3BP2/P2KB1PP/7R b - - 0 21,23
4rrk1/R4pb1/1p4p1/2pPnb1p/2P2N2/4BP2/P2KB1PP/3R4 b - - 2 23,0
4rrk1/p2b1pbp/1p4p1/2ppn3/2P1PN2/R3BP2/P2KB1PP/7R w - - 0 21,22
R4rk1/5pb1/1p4p1/2pPnb1p/2P2N2/4BP2/P2KB1PP/3R4 b - - 0 24,0
4rrk1/p2n1pbp/1p2p1p1/2pP4/b1P1PN2/4BP2/P2KB1PP/2R4R b - - 0 18,26
6k1/5pb1/1p4p1/2pPnb1p/2P2N2/4BP2/r3B1PP/3RK3 w - - 0 26,0
r4rk1/R4pb1/1p4p1/2pPnb1p/2P2N2/4BP2/P2KB1PP/3R4 w - - 3 24,0
6k1/5pb1/1p1P2p1/2p1nb1p/2P2N2/4BP2/r3B1PP/3RK3 b - - 0 26,0
6k1/3n1pb1/1p1P2p1/2pN1b1p/2P5/4BP2/r3B1PP/3RK3 b - - 2 27,0
r5k1/5pb1/1p4p1/2pPnb1p/2P2N2/4BP2/P2KB1PP/3R4 w - - 0 25,0
6k1/3n1pb1/1p1P2p1/2p2b1p/2P2N2/4BP2/r3B1PP/3RK3 w - - 1 27,0
5k2/3n1pb1/1p1P2p1/2pN3p/2P5/3bBP2/r5PP/3RK3 w - - 0 29,0
5k2/3n1pb1/1p1P2p1/2pN1b1p/2P5/3BBP2/r5PP/3RK3 b - - 4 28,0
5k2/3n1pb1/1p1P2p1/2pN1b1p/2P5/4BP2/r3B1PP/3RK3 w - - 3 28,0
5k2/3n1pb1/1p1P2p1/2pN3p/2P5/3RBP2/r5PP/4K3 b - - 0 29,0
5k2/3n1p2/1p1P2p1/2pNb2p/2P5/3RBP2/r5PP/4K3 w - - 1 30,0
r5k1/5pb1/1p4p1/2pPnb1p/2P2N2/4BP2/P3B1PP/3RK3 b - - 1 25,-20
6k1/3n1p2/1p1P2pB/2pNb2p/2P5/3R1P2/r5PP/4K3 w - - 3 31,0
5k2/3n1p2/1p1P2pB/2pNb2p/2P5/3R1P2/r5PP/4K3 b - - 2 30,0
4rrk1/p2b1pb1/1p4p1/2pPn2p/2P2N2/R3BP2/P2KB1PP/7R w - - 0 22,25
6k1/3nNp2/1p1P2pB/2p1b2p/2P5/3R1P2/r5PP/4K3 b - - 4 31,-13
8/3nNp1k/1p1P2pB/2p1b2p/2P5/3R1P2/r5PP/4K3 w - - 5 32,-14
8/3n1p1k/1pNP2p1/2p4p/2P2P2/3R4/r2B2P1/4K1b1 b - - 2 34,0
8/3nNp1k/1p1P2p1/2p4p/2P5/3R1P2/r2B2Pb/4K3 w - - 0 33,0
8/3nNp1k/1p1P2p1/2p4p/2P2P2/3R4/r2B2Pb/4K3 b - - 0 33,-1
8/3nNp1k/1p1P2p1/2p4p/2P2P2/3R4/r2B2P1/4K1b1 w - - 1 34,0
8/3nNp1k/1p1P2p1/2p1b2p/2P5/3R1P2/r2B2PP/4K3 b - - 6 32,-8
6k1/3n1p2/1pNP2p1/2p4p/2P2P2/3R4/3B2P1/r3K1b1 w - - 7 37,0
6k1/3n1p2/1pNP2p1/2p4p/2P2P2/3R4/3BK1P1/r5b1 b - - 8 37,0
6k1/r2n1p2/1pNP2p1/2p4p/2P2P2/3R4/3B2P1/4K1b1 b - - 6 36,0
6k1/3n1p2/1pNP2p1/2p4p/2P2P2/3R4/r2B2P1/4K1b1 w - - 3 35,10
5k2/3n1p2/1pNP2p1/2p2P1p/2P5/3R4/3BK1P1/r5b1 b - - 0 38,0
5k2/3n1p2/1pNP2p1/2p4p/2P2P2/3R4/3BK1P1/r5b1 w - - 9 38,0
5k2/3n1p2/1pNP4/2p2p1p/2Pb4/7R/3BK1P1/r7 w - - 2 40,0
5k2/3n1p2/1pNP4/2p2p1p/2P5/7R/3BK1P1/r5b1 b - - 1 39,0
6k1/3n1p2/1p1P2p1/2p1N2p/2P2P2/3R4/r2B2P1/4K1b1 b - - 4 35,7
5k2/3n1p2/1pNP4/2p2p1R/2Pb4/8/3BK1P1/r7 b - - 0 40,0
6k1/r2n1p2/1p1P2p1/2p1N2p/2P2P2/3R4/3B2P1/4K1b1 w - - 5 36,9
5k2/3n1p2/1pNP1b2/2p2p1R/2P5/8/3BK1P1/r7 w - - 1 41,2
5k2/3n1p2/1pNP1b2/2p2R2/2P5/8/3BK1P1/r7 b - - 0 41,2
5k2/3n1p2/1pNP4/2p2p1p/2P5/3R4/3BK1P1/r5b1 w - - 0 39,4
4k3/3n1p2/1pNP1b2/2p2RB1/r1P5/3K4/6P1/8 b - - 4 43,0
4k3/3nBp2/1pNP4/2p2R2/r1P5/3K4/6P1/b7 b - - 6 44,17
4k3/3nB3/1pNP1p2/2p2R2/r1P5/3K4/6P1/b7 w - - 0 45,8
4k3/3nB3/1pNP1p2/2p2R2/r1P3P1/3K4/8/b7 b - - 0 45,0
5k2/3n1p2/1pNP1b2/2p2R2/r1P5/8/3BK1P1/8 w - - 1 42,0
4k3/3n1p2/1pNP1b2/2p2R2/r1P5/3K4/3B2P1/8 w - - 3 43,0
5k2/3n1p2/1pNP1b2/2p2R2/r1P5/3K4/3B2P1/8 b - - 2 42,4
4k3/3nB3/1pNP1p2/2p4R/2P1K1P1/2r5/8/b7 b - - 4 47,0
4k3/3nB3/1pNP1p2/2p4R/2r1K1P1/8/8/b7 w - - 0 48,0
4k3/3nB3/1pNP1p2/2p2K1R/2r3P1/8/8/b7 b - - 1 48,0
4k3/3n1p2/1pNP4/2p2RB1/r1P5/3K4/6P1/b7 w - - 5 44,13
4k3/3nB3/1pNP1p2/2p2R2/2P3P1/r2K4/8/b7 w - - 1 46,20
4k3/3nB3/1pNP1p2/2p2R2/2P1K1P1/2r5/8/b7 w - - 3 47,91
4k3/3nB3/1pNP1p2/2p2R2/2P1K1P1/r7/8/b7 b - - 2 46,17
7R/3nBk2/2NP1p2/1pp2K2/2r3P1/8/8/b7 w - - 2 50,475
4k2R/3nB3/2NP1p2/1pp2K2/2r3P1/8/8/b7 b - - 1 49,484
3R4/3nBk2/2NP1p2/1pp2K2/2r3P1/8/8/b7 b - - 3 50,468
5R2/4Bk2/3P1p2/1pp1nK2/2r3P1/8/8/8 b - - 1 52,831
3R4/3nBk2/2NP1p2/1pp1bK2/2r3P1/8/8/8 w - - 4 51,898
4k3/3nB3/2NP1p2/1pp2K1R/2r3P1/8/8/b7 w - - 0 49,496
rn1q1rk1/p2pbppp/bpp1pn2/8/2PP4/1PB2NP1/P3PPBP/RN1QK2R w KQ - 2 9,52
rn1q1rk1/p2pbppp/bpp1pn2/8/2PP4/1PB2NP1/P2NPPBP/R2QK2R b KQ - 3 9,52
rn1q1rk1/p3bppp/bpp1pn2/3p4/2PP4/1PB2NP1/P2NPPBP/R2QK2R w KQ - 0 10,45
5R2/4B1k1/3P1p2/1pp1nKP1/2r5/8/8/8 b - - 0 53,865
rn1q1rk1/p3bppp/bpp1pn2/3pN3/2PP4/1PB3P1/P2NPPBP/R2QK2R b KQ - 1 10,42
3R4/3nBk2/3P1p2/1pp1NK2/2r3P1/8/8/8 b - - 0 51,897
rn1q1rk1/pb2bppp/1pp1pn2/3pN3/2PP4/1PB3P1/P2NPPBP/R2Q1RK1 b - - 3 11,37
rn1q1rk1/pb2bppp/1pp1pn2/3pN3/2PP4/1PB3P1/P2NPPBP/R2QK2R w KQ - 2 11,66
rnbqkb1r/pppppp1p/5np1/8/2PP4/5N2/PP2PPPP/RNBQKB1R b KQkq - 1 3,75
rnbqk2r/ppppppbp/5np1/8/2PP4/5NP1/PP2PP1P/RNBQKB1R b KQkq - 0 4,50
rnbqk2r/ppppppbp/5np1/8/2PP4/5N2/PP2PPPP/RNBQKB1R w KQkq - 2 4,40
5R2/4B1k1/3P1p2/1pp1nK2/2r3P1/8/8/8 w - - 2 53,965
rnbqk2r/pp1pppbp/2p2np1/8/2PP4/5NP1/PP2PP1P/RNBQKB1R w KQkq - 0 5,59
rnbqk2r/pp1pppbp/2p2np1/8/2PP4/5NP1/PP2PPBP/RNBQK2R b KQkq - 1 5,49
rnbqk2r/pp2ppbp/2p2np1/3P4/3P4/5NP1/PP2PPBP/RNBQK2R b KQkq - 0 6,54
rnbqk2r/pp2ppbp/5np1/3p4/3P4/5NP1/PP2PPBP/RNBQK2R w KQkq - 0 7,41
3R4/4Bk2/3P1p2/1pp1nK2/2r3P1/8/8/8 w - - 0 52,941
rnbqk2r/pp2ppbp/2p2np1/3p4/2PP4/5NP1/PP2PPBP/RNBQK2R w KQkq - 0 6,26
rnbq1rk1/pp2ppbp/5np1/3pN3/3P4/2N3P1/PP2PPBP/R1BQK2R b KQ - 3 8,48
rnbqk2r/pp2ppbp/5np1/3p4/3P4/2N2NP1/PP2PPBP/R1BQK2R b KQkq - 1 7,49
rnbq1rk1/pp2ppbp/5np1/3p4/3P4/2N2NP1/PP2PPBP/R1BQK2R w KQ - 2 8,55
rnbq1rk1/pp3pbp/4pnp1/3pN3/3P4/2N3P1/PP2PPBP/R1BQ1RK1 b - - 1 9,37
rnbq1rk1/pp3pbp/4pnp1/3pN3/3P4/2N3P1/PP2PPBP/R1BQK2R w KQ - 0 9,53
r1bq1rk1/pp1n1pbp/2n1p1p1/3pN3/3P1P2/2N3P1/PP2P1BP/R1BQ1RK1 w - - 1 11,52
rnbq1rk1/pp1n1pbp/4p1p1/3pN3/3P1P2/2N3P1/PP2P1BP/R1BQ1RK1 b - - 0 10,47
rnbq1rk1/pp1n1pbp/4p1p1/3pN3/3P4/2N3P1/PP2PPBP/R1BQ1RK1 w - - 2 10,55
r1bq1rk1/pp1n1pbp/2n1p1p1/3pN3/3P1P2/2N1B1P1/PP2P1BP/R2Q1RK1 b - - 2 11,34
r1bq1rk1/pp4bp/1nn1ppp1/3p4/3P1P2/2NNB1P1/PP2P1BP/R2Q1RK1 w - - 2 13,59
r1bq1rk1/pp1n2bp/2n1ppp1/3p4/3P1P2/2NNB1P1/PP2P1BP/R2Q1RK1 b - - 1 12,56
r2q1rk1/pp1b2bp/1nn1ppp1/3p4/3P1P2/1PNN2P1/P3PBBP/R2Q1RK1 b - - 2 14,51
r1bq1rk1/pp1n2bp/2n1ppp1/3pN3/3P1P2/2N1B1P1/PP2P1BP/R2Q1RK1 w - - 0 12,49
r1bq1rk1/pp4bp/1nn1ppp1/3p4/3P1P2/1PNNB1P1/P3P1BP/R2Q1RK1 b - - 0 13,54
r4rk1/pp1bq1bp/1nn1ppp1/3p4/3P1P2/1PNN2P1/P3PBBP/R2Q1RK1 w - - 3 15,58
r2q1rk1/pp1b2bp/1nn1ppp1/3p4/3P1P2/1PNNB1P1/P3P1BP/R2Q1RK1 w - - 1 14,41
r4rk1/pp1bq1bp/1nn1ppp1/3p4/3P1P2/1PNN2P1/P3PBBP/2RQ1RK1 b - - 4 15,51
3r1rk1/pp1bq1bp/1nn1ppp1/3p4/3P1P2/1PNN2P1/P1R1PBBP/3Q1RK1 b - - 6 16,41
3r1rk1/pp1bq1bp/1nn1ppp1/3p4/3P1P2/1PNN2P1/P3PBBP/2RQ1RK1 w - - 5 16,74
2nrbrk1/pp2q1bp/2n1ppp1/3p4/3P1P2/1PNN2P1/P2RPBBP/3Q1RK1 w - - 9 18,62
3rbrk1/pp2q1bp/1nn1ppp1/3p4/3P1P2/1PNN2P1/P2RPBBP/3Q1RK1 b - - 8 17,24
2nrbrk1/pp2q1bp/2n1ppp1/3p4/3P1P2/1PNNP1P1/P2R1BBP/3Q1RK1 b - - 0 18,25
3rbrk1/pp2q1bp/1nn1ppp1/3p4/3P1P2/1PNN2P1/P1R1PBBP/3Q1RK1 w - - 7 17,60
3rbrk1/pp2q1bp/2nnppp1/3p4/3P1P2/1PNNP1P1/P2R1BBP/3Q1RK1 w - - 1 19,40
3rbrk1/pp2q1bp/2nnppp1/3p4/3P1PP1/1PNNP3/P2R1BBP/3Q1RK1 b - - 0 19,26
3rbr1k/pp2q1bp/2nnp1p1/3p1p2/3P1PP1/1PNNP3/P2RQBBP/5RK1 w - - 0 21,48
3rbr1k/pp2q1bp/2n1p1p1/3p1pP1/3PnP2/1PNNP3/P2RQBBP/5RK1 w - - 1 22,54
3rbr1k/pp2q1bp/2nnp1p1/3p1pP1/3P1P2/1PNNP3/P2RQBBP/5RK1 b - - 0 21,56
3rbr1k/pp2q1bp/2n1p1p1/3p1pP1/3PnP2/1PNNP3/P1R1QBBP/5RK1 b - - 2 22,51
3rbr1k/pp2q1bp/2nnppp1/3p4/3P1PP1/1PNNP3/P2R1BBP/3Q1RK1 w - - 1 20,19
3rbr1k/pp2q1bp/4p1p1/3p1pP1/1n1PnP2/1PNNP3/P1R1QBBP/5RK1 w - - 3 23,60
3rbr1k/pp2q1bp/2nnppp1/3p4/3P1PP1/1PNNP3/P2RQBBP/5RK1 b - - 2 20,28
3rbr1k/pp4bp/4p1p1/3p1pP1/1q1PnP2/1PN1P3/P1R1QBBP/2R3K1 b - - 1 24,31
3rbr1k/pp4bp/4p1p1/3p1pP1/1q1PnP2/1PN1P3/P1R1QBBP/5RK1 w - - 0 24,92
3rbr1k/pp2q1bp/4p1p1/3p1pP1/1N1PnP2/1PN1P3/P1R1QBBP/5RK1 b - - 0 23,58
3r1r1k/pp4bp/2b1p1p1/3p1pP1/1q1PnP2/1PN1P3/P1R1QBBP/2R3K1 w - - 2 25,119
3r1r1k/pp2q1bp/2b1p1p1/3p1pP1/3PnP2/1PN1P3/P1R1Q1BP/2R1B1K1 w - - 4 26,117
3r1r1k/pp2q1bp/2b1p1p1/5pP1/3PpP2/1P2P3/P1R1Q1BP/2R1B1K1 w - - 0 27,126
3r1r1k/pp4bp/2b1p1p1/3p1pP1/1q1PnP2/1PN1P3/P1R1Q1BP/2R1B1K1 b - - 3 25,121
2r2r1k/pp2q1bp/2b1p1p1/5pP1/3PpP2/1P2P3/P1R1Q2P/2R1BBK1 w - - 2 28,125
3r1r1k/pp2q1bp/2b1p1p1/5pP1/3PpP2/1P2P3/P1R1Q2P/2R1BBK1 b - - 1 27,127
2r2r1k/pp2q1bp/2b1p1p1/5pP1/3PpP1P/1P2P3/P1R1Q3/2R1BBK1 b - - 0 28,138
2r2r1k/pp2q1b1/2b1p1p1/5pPp/3PpP1P/1P2P3/P1RQ4/2R1BBK1 b - - 1 29,131
3r1r1k/pp2q1bp/2b1p1p1/3p1pP1/3PNP2/1P2P3/P1R1Q1BP/2R1B1K1 b - - 0 26,120
2r2r1k/1p1q2b1/p1b1p1p1/Q4pPp/3PpP1P/1P2P3/P1R5/2R1BBK1 w - - 0 31,136
2r2r1k/pp2q1b1/2b1p1p1/5pPp/3PpP1P/1P2P3/P1R1Q3/2R1BBK1 w - h6 0 29,138
2r1r2k/1p1q2b1/p1b1p1p1/Q4pPp/1B1PpP1P/1P2P3/P1R5/2R2BK1 w - - 2 32,131
2r2r1k/pp1q2b1/2b1p1p1/5pPp/3PpP1P/1P2P3/P1RQ4/2R1BBK1 w - - 2 30,140
2r2r1k/pp1q2b1/2b1p1p1/Q4pPp/3PpP1P/1P2P3/P1R5/2R1BBK1 b - - 3 30,143
2r2r1k/1p1q2b1/p1b1p1p1/Q4pPp/1B1PpP1P/1P2P3/P1R5/2R2BK1 b - - 1 31,133
4r2k/1p1q2b1/pB2p1p1/Q2b1pPp/3PpP1P/1P2P3/P1r5/2R2BK1 w - - 0 34,88
2r1r2k/1p1q2b1/pB2p1p1/Q2b1pPp/3PpP1P/1P2P3/P1R5/2R2BK1 b - - 5 33,97
2R4k/1p1q2b1/pB2p1p1/Q2b1pPp/3PpP1P/1P2P3/P7/5BK1 b - - 0 35,94
2q4k/1p4b1/pB2p1p1/Q2b1pPp/3PpP1P/1P2P3/P7/5BK1 w - - 0 36,84
2r4k/1p1q2b1/pB2p1p1/Q2b1pPp/3PpP1P/1P2P3/P1R5/5BK1 w - - 1 35,85
7k/1p4b1/pB2p1p1/2qb1pPp/3PpP1P/1P2P3/P7/5BK1 w - - 0 37,74
2r1r2k/1p1q2b1/p1b1p1p1/Q1B2pPp/3PpP1P/1P2P3/P1R5/2R2BK1 b - - 3 32,100
2q4k/1p4b1/pB2p1p1/2Qb1pPp/3PpP1P/1P2P3/P7/5BK1 b - - 1 36,0
2r1r2k/1p1q2b1/p3p1p1/Q1Bb1pPp/3PpP1P/1P2P3/P1R5/2R2BK1 w - - 4 33,127
7k/1p4b1/p3p1p1/2Bb1pPp/3PpP1P/1P2P3/P7/5BK1 b - - 0 37,30
6k1/1p4b1/p3p1p1/2Bb1pPp/3PpP1P/1P2P3/P7/5BK1 w - - 1 38,37
8/1p3kb1/p3p1p1/2Bb1pPp/3PpP1P/1P2P3/P7/4KB2 b - - 4 39,49
5b2/1p3k2/p3p1p1/2Bb1pPp/3PpP1P/1P2P3/P7/4KB2 w - - 5 40,20
6k1/1p4b1/p3p1p1/2Bb1pPp/3PpP1P/1P2P3/P4K2/5B2 b - - 2 38,70
8/1p2bk2/p3p1p1/2Bb1pPp/3PpP1P/1P2P3/P2K4/5B2 w - - 7 41,8
5b2/1p3k2/p3p1p1/2Bb1pPp/3PpP1P/1P2P3/P2K4/5B2 b - - 6 40,61
8/1p2k3/p3p1p1/3b1pPp/3PpP1P/1P2P3/P2K4/5B2 w - - 0 42,1
8/1p2k3/4p1p1/p2b1pPp/3PpP1P/1PK1P3/P7/5B2 w - - 0 43,0
8/1p2k3/4p1p1/p2b1pPp/3PpP1P/PPK1P3/8/5B2 b - - 0 43,0
8/1p3kb1/p3p1p1/2Bb1pPp/3PpP1P/1P2P3/P4K2/5B2 w - - 3 39,49
8/4k3/1p2p1p1/p2b1pPp/3PpP1P/PPK1P3/8/5B2 w - - 0 44,0
8/3k4/1p2p1p1/p2b1pPp/1P1PpP1P/P1K1P3/8/5B2 w - - 1 45,0
8/3k4/1p2p1p1/pB1b1pPp/1P1PpP1P/P1K1P3/8/8 b - - 2 45,0
8/4k3/1p2p1p1/p2b1pPp/1P1PpP1P/P1K1P3/8/5B2 b - - 0 44,0
8/8/1p1kp1p1/p2b1pPp/1PBPpP1P/P1K1P3/8/8 b - - 4 46,0
8/2k5/1p2p1p1/p2b1pPp/1PBPpP1P/P1K1P3/8/8 w - - 5 47,0
8/2k5/1p2p1p1/pB1b1pPp/1P1PpP1P/P1K1P3/8/8 b - - 6 47,0
3k4/8/1p2p1p1/pB1b1pPp/1P1PpP1P/P1K1P3/8/8 w - - 7 48,0
3k4/8/1p2p1p1/p2b1pPp/BP1PpP1P/P1K1P3/8/8 b - - 8 48,0
8/4k3/1p2p1p1/p2b1pPp/BP1PpP1P/P1K1P3/8/8 w - - 9 49,0
8/4k3/1p2p1p1/p2b1pPp/1P1PpP1P/PBK1P3/8/8 b - - 10 49,0
8/4k3/1pb1p1p1/p4pPp/1P1PpP1P/PBK1P3/8/8 w - - 11 50,0
8/4k3/1pb1p1p1/P4pPp/3PpP1P/PBK1P3/8/8 b - - 0 50,0
8/4k3/2b1p1p1/p4pPp/3PpP1P/PBK1P3/8/8 w - - 0 51,0
8/4k3/2b1p1p1/p4pPp/2BPpP1P/P1K1P3/8/8 b - - 1 51,0
4r2k/1p1q2b1/pB2p1p1/Q2b1pPp/3PpP1P/1P2P3/P1R5/5BK1 b - - 0 34,85
8/8/2bkp1p1/p4pPp/2BPpP1P/P1K1P3/8/8 w - - 2 52,0
8/1p2k3/p3p1p1/3b1pPp/3PpP1P/1PK1P3/P7/5B2 b - - 1 42,19
8/1p2Bk2/p3p1p1/3b1pPp/3PpP1P/1P2P3/P2K4/5B2 b - - 0 41,2
rnbqkb1r/ppp1pppp/5n2/3p4/8/5NP1/PPPPPPBP/RNBQK2R b KQkq - 1 3,37
rnbqkb1r/pppppppp/5n2/8/8/5NP1/PPPPPP1P/RNBQKB1R b KQkq - 0 2,38
rnbqkb1r/ppp1pppp/5n2/3p4/8/5NP1/PPPPPP1P/RNBQKB1R w KQkq - 0 3,33
rn1qkb1r/pp2pppp/2p2n2/3p4/6b1/5NP1/PPPPPPBP/RNBQ1RK1 w kq - 2 5,46
rn1qkb1r/pp2pppp/2p2n2/3p4/6b1/1P3NP1/P1PPPPBP/RNBQ1RK1 b kq - 0 5,9
rnbqkb1r/pp2pppp/2p2n2/3p4/8/5NP1/PPPPPPBP/RNBQ1RK1 b kq - 1 4,39
rnbqkb1r/pp2pppp/2p2n2/3p4/8/5NP1/PPPPPPBP/RNBQK2R w KQkq - 0 4,37
r2qkb1r/pp1npppp/2p2n2/3p4/6b1/1P3NP1/P1PPPPBP/RNBQ1RK1 w kq - 1 6,21
r2qkb1r/pp1npppp/2p2n2/3p4/6b1/1P3NP1/PBPPPPBP/RN1Q1RK1 b kq - 2 6,18
r2qkb1r/pp1n1ppp/2p1pn2/3p4/6b1/1P3NP1/PBPPPPBP/RN1Q1RK1 w kq - 0 7,28
r2qk2r/pp1n1ppp/2pbpn2/3p4/2P3b1/1P3NP1/PB1PPPBP/RN1Q1RK1 w kq - 1 8,15
r2qkb1r/pp1n1ppp/2p1pn2/3p4/2P3b1/1P3NP1/PB1PPPBP/RN1Q1RK1 b kq - 0 7,6
r2qk2r/pp1n1ppp/2pbpn2/3p4/2P3b1/1P1P1NP1/PB2PPBP/RN1Q1RK1 b kq - 0 8,1
r2q1rk1/pp1n1ppp/2pbpn2/3p4/2P3b1/1P1P1NP1/PB1NPPBP/R2Q1RK1 b - - 2 9,0
r4rk1/pp1nqppp/2pbpn2/3p4/2P3b1/1P1P1NP1/PB1NPPBP/R2Q1RK1 w - - 3 10,24
r2q1rk1/pp1n1ppp/2pbpn2/3p4/2P3b1/1P1P1NP1/PB2PPBP/RN1Q1RK1 w - - 1 9,13
8/8/1p1kp1p1/pB1b1pPp/1P1PpP1P/P1K1P3/8/8 w - - 3 46,727
r4rk1/pp1nqppp/2pb1n2/3pp3/2P5/1P1P1NPP/PBQ1PPB1/R4RK1 b - - 0 12,46
r4rk1/pp1nqppp/2pb1n2/3pp3/2P3b1/1P1P1NP1/PBQNPPBP/R4RK1 w - - 0 11,32
r4rk1/pp1nqppp/2pb1n2/3pp3/2P5/1P1P1bPP/PBQNPPB1/R4RK1 w - - 0 12,38
r3r1k1/pp1nqppp/2pb1n2/3pp3/2P5/1P1P1NPP/PBQ1PPB1/R4RK1 w - - 1 13,43
r4rk1/pp1nqppp/2pb1n2/3pp3/2P3b1/1P1P1NPP/PBQNPPB1/R4RK1 b - - 0 11,26
r4rk1/pp1nqppp/2pbpn2/3p4/2P3b1/1P1P1NP1/PBQNPPBP/R4RK1 b - - 4 10,1
r3r1k1/pp1nqppp/2pb1n2/3pp3/2P5/1P1PPNPP/PBQ2PB1/R4RK1 b - - 0 13,39
r3r1k1/pp1nqppp/2p2n2/3pp3/2P5/bP1PPNPP/PBQ2PB1/R4RK1 w - - 1 14,40
r3r1k1/pp1n1ppp/2p2n2/3Pp3/8/qP1PPNPP/P1Q2PB1/R4RK1 b - - 0 15,32
r3r1k1/pp1n1ppp/2p5/3np3/8/qP1PPNPP/P1Q2PB1/R4RK1 w - - 0 16,36
r3r1k1/pp1nqppp/2p2n2/3pp3/2P5/BP1PPNPP/P1Q2PB1/R4RK1 b - - 0 14,43
r3r1k1/pp1n1ppp/2p2n2/3pp3/2P5/qP1PPNPP/P1Q2PB1/R4RK1 w - - 0 15,38
r3r1k1/1p1n1ppp/2p5/p2np3/8/qP1PPNPP/P1Q2PB1/R2R2K1 w - - 0 17,30
r3r1k1/1p1n1ppp/2p5/p2np3/3P4/qP2PNPP/P1Q2PB1/R2R2K1 b - - 0 17,32
r3r1k1/1p1n1ppp/2p5/p2n4/3Pp3/qP2PNPP/P1Q2PB1/R2R2K1 w - - 0 18,32
r3r1k1/pp1n1ppp/2p5/3np3/8/qP1PPNPP/P1Q2PB1/R2R2K1 b - - 1 16,32
r5k1/1p3ppp/2p5/p2nr3/4p3/qP2P1PP/P1Q2PB1/R2R2K1 w - - 0 20,35
r3r1k1/1p1n1ppp/2p5/p2nN3/3Pp3/qP2P1PP/P1Q2PB1/R2R2K1 b - - 1 18,23
r3r1k1/1p3ppp/2p5/p2nP3/4p3/qP2P1PP/P1Q2PB1/R2R2K1 b - - 0 19,9
r3r1k1/1p3ppp/2p5/p2nn3/3Pp3/qP2P1PP/P1Q2PB1/R2R2K1 w - - 0 19,0
r5k1/1p3ppp/2p5/p2n4/4r3/qP2P1PP/P1Q2P2/R2R2K1 w - - 0 21,40
r5k1/1p3ppp/2p5/p7/4Q3/qPn1P1PP/P4P2/R2R2K1 w - - 1 22,20
r5k1/1p3ppp/2p5/p7/8/qP2P1PP/P1Q2P2/R2n2K1 w - - 0 23,34
r5k1/1p3ppp/2p5/p7/8/qPn1P1PP/P1Q2P2/R2R2K1 b - - 2 22,12
r5k1/1p2qppp/2p5/p7/8/1P2P1PP/P1Q2P2/3R2K1 w - - 1 24,25
r5k1/1p3ppp/2p5/p2nr3/4B3/qP2P1PP/P1Q2P2/R2R2K1 b - - 0 20,25
r5k1/1p3ppp/2p5/p2n4/4Q3/qP2P1PP/P4P2/R2R2K1 b - - 0 21,0
3r2k1/1p2qppp/2p5/p7/3RQ3/1P2P1PP/P4P2/6K1 b - - 4 25,0
3r2k1/1p2qppp/2p5/p7/3R4/1P2P1PP/P1Q2P2/6K1 w - - 3 25,36
3r1qk1/1p3ppp/2p5/p7/3RQ3/1P2P1PP/P4P2/6K1 w - - 5 26,0
3r1qk1/1p3ppp/2p5/p7/3RQ2P/1P2P1P1/P4P2/6K1 b - - 0 26,0
3r1qk1/1p3p1p/2p3p1/p3Q3/3R3P/1P2P1P1/P4P2/6K1 b - - 1 27,0
3r1qk1/1p3p1p/2p3p1/p7/3RQ2P/1P2P1P1/P4P2/6K1 w - - 0 27,0
r5k1/1p3ppp/2p5/p7/8/qP2P1PP/P1Q2P2/3R2K1 b - - 0 23,32
r5k1/1p2qppp/2p5/p7/3R4/1P2P1PP/P1Q2P2/6K1 b - - 2 24,4
rnb1k2r/pp3ppp/4p3/qN6/2B1nB2/2P5/P4PPP/R2QK2R b KQkq - 1 11,23
rnb2rk1/pp3ppp/4p3/qN6/2B1nB2/2P5/P4PPP/R2Q1RK1 b - - 3 12,34
r1b2rk1/pp1n1ppp/4p3/qN6/2B1nB2/2P5/P4PPP/R2Q1RK1 w - - 4 13,42
rnb2rk1/pp3ppp/4p3/qN6/2B1nB2/2P5/P4PPP/R2QK2R w KQ - 2 12,7
r1b2rk1/ppNn1ppp/4p3/q7/2B1nB2/2P5/P4PPP/R2Q1RK1 b - - 5 13,-25
r1b2rk1/ppNn1ppp/8/q3p3/2B1nB2/2P5/P4PPP/R2Q1RK1 w - - 0 14,-18
N1b2rk1/pp1n1ppp/8/q3p3/2B1nB2/2P5/P4PPP/R2Q1RK1 b - - 0 14,-25
N1b2rk1/pp3ppp/5n2/q2B4/4np2/2P5/P4PPP/R2Q1RK1 w - - 2 16,-138
N1b2rk1/pp1n1ppp/8/q2B4/4np2/2P5/P4PPP/R2Q1RK1 b - - 1 15,-158
N1b2rk1/pp3ppp/5n2/q7/4Bp2/2P5/P4PPP/R2Q1RK1 b - - 0 16,-121
N1b2rk1/pp1n1ppp/8/q7/2B1np2/2P5/P4PPP/R2Q1RK1 w - - 0 15,-13
N1b2rk1/pp3ppp/8/q7/4np2/2P5/P4PPP/R2Q1RK1 w - - 0 17,-123
N1b2rk1/pp3ppp/3Q4/q2n4/5p2/5P2/P5PP/R1R3K1 b - - 3 19,0
N1b2rk1/pp3ppp/3Q4/q2n4/5p2/5P2/P5PP/R4RK1 w - - 2 19,0
N1b2rk1/pp3ppp/8/q7/5p2/2n2P2/P5PP/R2Q1RK1 w - - 0 18,-39
N1b2rk1/pp3ppp/3Q4/q7/5p2/2n2P2/P5PP/R4RK1 b - - 1 18,-24
N4rk1/pp3ppp/3Qb3/q2n4/5p2/5P2/P5PP/R1R3K1 w - - 4 20,116
5rk1/ppn2ppp/3Qb3/q7/5p2/5P2/P5PP/R1R3K1 w - - 0 21,121
N1b2rk1/pp3ppp/8/q7/4np2/2P2P2/P5PP/R2Q1RK1 b - - 0 17,-173
5rk1/ppN2ppp/3Qb3/q2n4/5p2/5P2/P5PP/R1R3K1 b - - 5 20,101
5rk1/ppq2ppp/4b3/8/5p2/5P2/P5PP/R1R3K1 w - - 0 22,199
5rk1/ppR2ppp/4b3/8/5p2/5P2/P5PP/R5K1 b - - 0 22,169
5rk1/ppQ2ppp/4b3/q7/5p2/5P2/P5PP/R1R3K1 b - - 0 21,106
5rk1/ppR2ppp/8/3b4/5p2/5P2/P5PP/R5K1 w - - 1 23,171
5rk1/pp3ppp/8/2Rb4/5p2/5P2/P5PP/R5K1 b - - 2 23,59
5rk1/pp3ppp/4b3/R7/5p2/5P2/P5PP/R5K1 b - - 8 26,42
5rk1/pp3ppp/4b3/2R5/5p2/5P2/P5PP/R5K1 w - - 3 24,177
5rk1/1p3ppp/p3b3/R7/5p2/5P2/P5PP/R5K1 w - - 0 27,45
2r3k1/1p3ppp/p3b3/R7/5p2/5P2/P5PP/1R4K1 w - - 2 28,55
5rk1/1p3ppp/p3b3/R7/5p2/5P2/P5PP/1R4K1 b - - 1 27,39
6k1/1pr2ppp/p3b3/R7/5p1P/5P2/P5P1/1R4K1 w - - 1 29,45
6k1/1pr2ppp/p3b3/R7/1R3p1P/5P2/P5P1/6K1 b - - 2 29,53
6k1/1pr2ppp/p7/R7/1Rb2p1P/5P2/P5P1/6K1 w - - 3 30,57
2r3k1/1p3ppp/p3b3/R7/5p1P/5P2/P5P1/1R4K1 b - - 0 28,26
6k1/1pr2ppp/p7/8/RRb2p1P/5P2/P5P1/6K1 b - - 4 30,47
6k1/1pr2ppp/p3b3/8/RR3p1P/5P2/P5P1/6K1 w - - 5 31,37
6k1/1pr2pp1/pR2b2p/8/R4p1P/5P2/P5P1/6K1 w - - 0 32,22
6k1/1pr2p2/pR2b2p/6p1/1R3p1P/P4P2/6P1/6K1 b - - 1 33,4
6k1/1pr2pp1/pR2b2p/8/R4p1P/P4P2/6P1/6K1 b - - 0 32,27
6k1/1pr2ppp/pR2b3/8/R4p1P/5P2/P5P1/6K1 b - - 6 31,1
6k1/1pr2p2/1R2b2p/p5p1/1R3p1P/P4P2/6P1/6K1 w - - 0 34,47
6k1/1pr2p2/1R2b2p/p5p1/R4p1P/P4P2/6P1/6K1 b - - 1 34,47
6k1/1pr2p2/pR2b2p/6p1/R4p1P/P4P2/6P1/6K1 w - - 0 33,0
6k1/1pr2p2/1R2b2p/p7/5R2/P4P1p/6P1/6K1 w - - 0 36,35
6k1/1pr2p2/1R5p/p7/5R2/P4P1b/8/6K1 w - - 0 37,54
6k1/1pr2p2/1R2b2p/p7/R4p1p/P4P2/6P1/6K1 w - - 0 35,51
6k1/1pr2p2/1R2b2p/p7/5R1p/P4P2/6P1/6K1 b - - 0 35,37
6k1/1pr2p2/1R2b2p/p7/5R2/P4P1P/8/6K1 b - - 0 36,38
6k1/1R3p2/7p/p7/R7/P4r1b/8/6K1 w - - 0 39,42
6k1/1pr2p2/1R5p/p7/R7/P4P1b/8/6K1 b - - 1 37,18
6k1/1p3p2/1R5p/p7/R7/P1r2P1b/8/6K1 w - - 2 38,30
6k1/5p2/4b3/R6p/8/P4r2/8/1R4K1 w - - 0 41,237
6k1/1R3p2/4b2p/R7/8/P4r2/8/6K1 w - - 1 40,263
6k1/1R3p2/7p/p7/R7/P1r2P1b/8/6K1 b - - 0 38,6
6k1/5p2/4b2p/R7/8/P4r2/8/1R4K1 b - - 2 40,259
6k1/1R3p2/7p/R7/8/P4r1b/8/6K1 b - - 0 39,2
5k2/5p2/4b3/6Rp/8/P4r2/8/1R4K1 w - - 2 42,289
5k2/5p2/4b3/6R1/7p/P4r2/8/R5K1 w - - 0 43,315
5k2/5p2/4b3/6Rp/8/P4r2/8/R5K1 b - - 3 42,294
6k1/5p2/4b3/6Rp/8/P4r2/8/1R4K1 b - - 1 41,272
5k2/5p2/4b3/6R1/P6p/5r2/8/R5K1 b - - 0 43,304
5k2/8/5p2/3b4/P6p/5r2/6R1/R5K1 w - - 2 45,347
5k2/8/4bp2/6R1/P6p/5r2/8/R5K1 w - - 0 44,376
5k2/8/4bp2/8/P6p/5r2/6R1/R5K1 b - - 1 44,334
5k2/8/5p2/P7/4b2p/5r2/3R4/R5K1 b - - 0 46,327
5k2/8/5p2/3b4/P6p/5r2/3R4/R5K1 b - - 3 45,356
5k2/8/5p2/8/P3b2p/5r2/3R4/R5K1 w - - 4 46,365
5k2/8/5p2/P7/4b2p/7r/3R4/R5K1 w - - 1 47,395
5k2/8/5p2/P7/R3b2p/7r/3R4/6K1 b - - 2 47,367
5k2/8/2b2p2/P7/2R4p/7r/3R4/6K1 b - - 4 48,359
5k2/8/2b2p2/P7/R6p/7r/3R4/6K1 w - - 3 48,349
5k2/8/2b2p2/P7/2R4p/8/3R4/6Kr w - - 5 49,354
5k2/2R5/5p2/Pb6/7p/8/3R1K2/7r b - - 8 50,479
4k3/2R5/5p2/Pb6/7p/8/3R1K2/7r w - - 9 51,489
5k2/8/5p2/Pb6/2R4p/8/3R1K2/7r w - - 7 50,494
3k4/2R5/5p2/Pb5R/7p/8/5K2/1r6 w - - 13 53,607
4k3/2R5/5p2/Pb1R4/7p/8/5K2/1r6 w - - 11 52,702
4k3/2R5/5p2/Pb1R4/7p/8/5K2/7r b - - 10 51,507
3k4/R7/5p2/Pb5R/7p/8/5K2/1r6 b - - 14 53,533
rnbqkb1r/pppp1ppp/4pn2/8/2PP4/2N5/PP2PPPP/R1BQKBNR b KQkq - 1 3,34
5k2/8/2b2p2/P7/2R4p/8/3R1K2/7r b - - 6 49,464
4k3/2R5/5p2/Pb5R/7p/8/5K2/1r6 b - - 12 52,634
rnbqk2r/pppp1ppp/4pn2/8/1bPP4/2N5/PP2PPPP/R1BQKBNR w KQkq - 2 4,39
rnbqk2r/pppp1ppp/4pn2/8/1bPP4/2N5/PPQ1PPPP/R1B1KBNR b KQkq - 3 4,27
rnbq1rk1/pppp1ppp/4pn2/8/2PP4/P1Q5/1P2PPPP/R1B1KBNR b KQ - 0 6,38
rnbq1rk1/pppp1ppp/4pn2/8/1bPP4/2N5/PPQ1PPPP/R1B1KBNR w KQ - 4 5,20
rnbq1rk1/pppp1ppp/4pn2/8/2PP4/P1b5/1PQ1PPPP/R1B1KBNR w KQ - 0 6,22
rnbq1rk1/pppp1ppp/4pn2/8/1bPP4/P1N5/1PQ1PPPP/R1B1KBNR b KQ - 0 5,33
rnbq1rk1/p2p1ppp/1p2pn2/2P3B1/2P5/P1Q5/1P2PPPP/R3KBNR b KQ - 0 8,39
rnbq1rk1/p2p1ppp/1p2pn2/2p3B1/2PP4/P1Q5/1P2PPPP/R3KBNR w KQ - 0 8,33
rnbq1rk1/p1pp1ppp/1p2pn2/8/2PP4/P1Q5/1P2PPPP/R1B1KBNR w KQ - 0 7,24
rnbq1rk1/p2p1ppp/4pn2/2p3B1/2P5/P1Q5/1P2PPPP/R3KBNR w KQ - 0 9,38
rnbq1rk1/p1pp1ppp/1p2pn2/6B1/2PP4/P1Q5/1P2PPPP/R3KBNR b KQ - 1 7,32
r1bq1rk1/p2p1ppp/2n1pn2/2p3B1/2P5/P1Q1P2N/1P3PPP/R3KB1R b KQ - 2 10,-7
rnbq1rk1/p2p1ppp/4pn2/2p3B1/2P5/P1Q1P3/1P3PPP/R3KBNR b KQ - 0 9,39
r1bq1rk1/p2p1pp1/2n1pn1p/2p3B1/2P5/P1Q1P2N/1P3PPP/R3KB1R w KQ - 0 11,-4
r1bq1rk1/p2p1pp1/2n1pn1p/2p5/2P4B/P1Q1P2N/1P3PPP/R3KB1R b KQ - 1 11,-99
r1bq1rk1/p2p1p2/2n1pn1p/2p3p1/2P4B/P1Q1P2N/1P3PPP/R3KB1R w KQ - 0 12,-102
r1bq1rk1/p2p1ppp/2n1pn2/2p3B1/2P5/P1Q1P3/1P3PPP/R3KBNR w KQ - 1 10,56
r1b2rk1/p2p1p2/2n1p2p/q1p3p1/2P1n3/P3P1BN/1PQ2PPP/R3KB1R w KQ - 4 14,-155
r1bq1rk1/p2p1p2/2n1p2p/2p3p1/2P1n3/P1Q1P1BN/1P3PPP/R3KB1R w KQ - 2 13,-165
r1bq1rk1/p2p1p2/2n1pn1p/2p3p1/2P5/P1Q1P1BN/1P3PPP/R3KB1R b KQ - 1 12,-159
r1bq1rk1/p2p1p2/2n1p2p/2p3p1/2P1n3/P3P1BN/1PQ2PPP/R3KB1R b KQ - 3 13,-160
r1b2rk1/p2p4/2n1p2p/q1p2pp1/2P1n3/P3P1BN/1PQ1KPPP/R4B1R w - - 0 15,-112
r1b2rk1/p2p1p2/2n1p2p/q1p3p1/2P1n3/P3P1BN/1PQ1KPPP/R4B1R b - - 5 14,-175
r1b2rk1/p2p4/2n1p2p/q1p2pp1/2P1n3/P3PPBN/1PQ1K1PP/R4B1R b - - 0 15,-88
1rb2rk1/p2p4/2n1p2p/q1p2pp1/2P5/P3PPPN/1PQ1K1P1/R4B1R w - - 1 17,-84
r1b2rk1/p2p4/2n1p2p/q1p2pp1/2P5/P3PPPN/1PQ1K1P1/R4B1R b - - 0 16,-106
r1b2rk1/p2p4/2n1p2p/q1p2pp1/2P5/P3PPnN/1PQ1K1PP/R4B1R w - - 0 16,-93
1r3rk1/p7/b1n1p2p/q1pp1pp1/2P5/PP1NPPP1/2Q1K1P1/R4B1R b - - 0 19,-157
1rb2rk1/p2p4/2n1p2p/q1p2pp1/2P5/P3PPP1/1PQ1KNP1/R4B1R b - - 2 17,-152
1r3rk1/p7/b1n1p2p/q1pp1pp1/2P5/P2NPPP1/1PQ1K1P1/R4B1R w - - 0 19,-155
1r3rk1/p2p4/b1n1p2p/q1p2pp1/2P5/P2NPPP1/1PQ1K1P1/R4B1R b - - 4 18,-165
5rk1/p7/b1n1p2p/q1p2pp1/2p5/PQ1NPPP1/4K1P1/R4B1R w - - 0 21,-173
5rk1/p7/b1n1p2p/q1pp1pp1/2P5/PQ1NPPP1/4K1P1/R4B1R b - - 0 20,-176
5rk1/p7/b1n1p2p/q1pp1pp1/2P5/Pr1NPPP1/2Q1K1P1/R4B1R w - - 0 20,-187
1r3rk1/p2p4/b1n1p2p/q1p2pp1/2P5/P3PPP1/1PQ1KNP1/R4B1R w - - 3 18,-10
5rk1/p7/b1n1p2p/q1p2pp1/8/P2pPPP1/Q4KP1/R4B1R b - - 1 22,-306
5rk1/p7/b1n1p2p/q1p2pp1/8/P2pPPP1/Q3K1P1/R4B1R w - - 0 22,-296
5rk1/p7/b1n1p2p/q1p2pp1/2p5/P2NPPP1/Q3K1P1/R4B1R b - - 1 21,-299
6k1/p7/b1n1pr1p/q1p2pp1/8/P2pPPP1/Q4KP1/R4B1R w - - 2 23,-319
8/p5k1/b1n1pr1p/q1p2pp1/8/P2pPPP1/Q4KP1/2R2B1R w - - 4 24,-330
8/p5k1/b1n1pr1p/q1p2pp1/5P2/P2pP1P1/Q4KP1/2R2B1R b - - 0 24,-325
8/p5k1/b1n1pr1p/q4pp1/2p2P2/P2pP1P1/Q4KP1/2R2B1R w - - 0 25,-343
6k1/p7/b1n1pr1p/q1p2pp1/8/P2pPPP1/Q4KP1/2R2B1R b - - 3 23,-361
8/p5k1/b1n2r1p/q3ppP1/2p5/P2pP1P1/1Q3KP1/2R2B1R b - - 0 26,-379
8/p5k1/b1n2r1p/q3ppp1/2p2P2/P2pP1P1/1Q3KP1/2R2B1R w - - 0 26,-392
8/p5k1/b1n1pr1p/q4pp1/2p2P2/P2pP1P1/1Q3KP1/2R2B1R b - - 1 25,-351
8/p5k1/b1n2r2/q3ppp1/2p5/P2pP1P1/1Q3KP1/2R2B1R w - - 0 27,-389
8/p5k1/b1n2r2/q3ppp1/2p5/P1RpP1P1/1Q3KP1/5B1R b - - 1 27,-480
8/p5k1/bQn2r2/4ppp1/2p5/P1RpP1P1/5KP1/5B1R b - - 0 28,-469
8/6k1/bpn2r2/4ppp1/2p5/P1RpP1P1/5KP1/5B1R w - - 0 29,-469
8/6k1/bpn2r2/4pppR/2p5/P1RpP1P1/5KP1/5B2 b - - 1 29,-492
8/p5k1/bqn2r2/4ppp1/2p5/P1RpP1P1/1Q3KP1/5B1R w - - 2 28,-475
8/2R1n1k1/bp3r2/4pppR/8/P2pP1P1/5KP1/8 b - - 1 31,-479
8/4n1k1/bp3r2/4pppR/2p5/P1RpP1P1/5KP1/5B2 w - - 2 30,-495
8/4n1k1/bp3r2/4pppR/8/P1RpP1P1/5KP1/8 w - - 0 31,-480
8/4n1k1/bp3r2/4pppR/2p5/P1RBP1P1/5KP1/8 b - - 0 30,-503
8/2R1n1k1/bp2r3/4pppR/8/P2pP1P1/5KP1/8 w - - 2 32,-487
8/2R1n1k1/1p2r3/1b2pppR/6P1/P2pP3/6P1/4K3 b - - 0 33,-551
8/2R1n1k1/1p2r3/1b2pppR/8/P2pP1P1/6P1/4K3 w - - 4 33,-507
8/2R1n1k1/bp2r3/4pppR/8/P2pP1P1/6P1/4K3 b - - 3 32,-513
8/2R1n3/1p2r1k1/1b2pppR/6P1/P2pP3/6P1/4K3 w - - 1 34,-531
7R/2R1n3/1p2r1k1/1b2ppp1/6P1/P2pP3/6P1/4K3 b - - 2 34,-574
rnbqk2r/ppppppbp/5np1/8/2PPP3/2N5/PP3PPP/R1BQKBNR b KQkq - 0 4,52
rnbqk2r/ppppppbp/5np1/8/2PP4/2N5/PP2PPPP/R1BQKBNR w KQkq - 2 4,53
7R/2R1n3/1p2r1k1/1b2p1p1/5pP1/P2pP3/6P1/4K3 w - - 0 35,-582
rnbq1rk1/ppp1ppbp/3p1np1/8/2PPP3/2N2P2/PP4PP/R1BQKBNR w KQ - 1 6,15
rnbqk2r/ppp1ppbp/3p1np1/8/2PPP3/2N2P2/PP4PP/R1BQKBNR b KQkq - 0 5,23
rnbqk2r/ppp1ppbp/3p1np1/8/2PPP3/2N5/PP3PPP/R1BQKBNR w KQkq - 0 5,39
rnbq1rk1/ppp1ppbp/3p1np1/8/2PPP3/2N1BP2/PP4PP/R2QKBNR b KQ - 2 6,34
r1bq1rk1/pppnppbp/3p1np1/8/2PPP3/2N1BP2/PP4PP/R2QKBNR w KQ - 3 7,44
r1bq1rk1/pppnppbp/3p1np1/8/2PPP3/2N1BP2/PP1Q2PP/R3KBNR b KQ - 4 7,57
r1bq1rk1/pp1nppbp/3p1np1/2p5/2PPP3/2N1BP2/PP1Q2PP/R3KBNR w KQ - 0 8,55
r1b2rk1/pp1nppbp/3p1np1/q1p5/2PPP3/2N1BP2/PP1Q1NPP/R3KB1R b KQ - 3 9,7
r1bq1rk1/pp1nppbp/3p1np1/2p5/2PPP3/2N1BP1N/PP1Q2PP/R3KB1R b KQ - 1 8,4
r1b2rk1/pp1nppbp/3p1np1/q1p5/2PPP3/2N1BP1N/PP1Q2PP/R3KB1R w KQ - 2 9,21
r1b2rk1/1p1nppbp/p2p1np1/q1p5/2PPP3/2N1BP2/PP1Q1NPP/R3KB1R w KQ - 0 10,50
r1b2rk1/1p1nppbp/p2p1np1/q1P5/2P1P3/2N1BP2/PP1Q1NPP/R3KB1R b KQ - 0 10,50
r1b2rk1/1p2ppbp/p2p1np1/q1n5/2P1P3/2N1BP2/PP1Q1NPP/1R2KB1R b K - 1 11,61
r1b2rk1/1p2ppbp/p2p1np1/q1n5/2P1P3/2N1BP2/PP1Q1NPP/R3KB1R w KQ - 0 11,57
r1b2rk1/1p2ppbp/p2p1np1/2n5/1qP1P3/2N1BP2/PP1Q1NPP/1R2KB1R w K - 2 12,106
r1b2rk1/1p2ppbp/p2p1np1/2n5/1qP1P3/2N1BP2/PP1QBNPP/1R2K2R b K - 3 12,108
r1b2rk1/1p1nppbp/p2p1np1/8/1qP1P3/2N1BP2/PP1QBNPP/1R2K2R w K - 4 13,142
r1b1r1k1/1p1nppbp/p2p1np1/8/1qP1P3/2N1BP2/PP1QBNPP/1RR3K1 b - - 7 14,157
r1b1r1k1/1p1nppbp/p2p1np1/8/1qP1P3/2N1BP2/PP1QBNPP/1R3RK1 w - - 6 14,166
r1b2rk1/1p1nppbp/p2p1np1/8/1qP1P3/2N1BP2/PP1QBNPP/1R3RK1 b - - 5 13,147
1rb1r1k1/1p1nppbp/p2p1np1/8/1qP1P3/2N1BP2/PP1QBNPP/1RR3K1 w - - 8 15,172
1rb1r1k1/1p1nppbp/p2p1np1/8/1qP1P3/2NNBP2/PP1QB1PP/1RR3K1 b - - 9 15,185
1rb1r1k1/1p1nppbp/p2p1np1/q7/2P1P3/2NNBP2/PP1QB1PP/1RR3K1 w - - 10 16,171
1rbqr1k1/1p1nppbp/p2p1np1/2P5/1P2P3/2NNBP2/P2QB1PP/1RR3K1 b - - 0 17,167
1rbqr1k1/1p1nppbp/p2p1np1/8/1PP1P3/2NNBP2/P2QB1PP/1RR3K1 w - - 1 17,171
1rb1r1k1/1p1nppbp/p2p1np1/q7/1PP1P3/2NNBP2/P2QB1PP/1RR3K1 b - - 0 16,169
1rbqrnk1/1p2ppbp/p2p1np1/2P5/1P2P3/2NNBP2/P2QB1PP/1RR3K1 w - - 1 18,178
1rbqrnk1/1p2ppbp/p2p1np1/1PP5/4P3/2NNBP2/P2QB1PP/1RR3K1 b - - 0 18,179
1rbqrnk1/1p2ppbp/3P1np1/1p6/4P3/2NNBP2/P2QB1PP/1RR3K1 b - - 0 19,230
1rbqrnk1/1p2ppbp/3p1np1/1pP5/4P3/2NNBP2/P2QB1PP/1RR3K1 w - - 0 19,237
1rbqrnk1/1p3pbp/3p1np1/1p6/4P3/2NNBP2/P2QB1PP/1RR3K1 w - - 0 20,232
1rbqrnk1/1p3pbp/3p1np1/1p6/4PN2/2N1BP2/P2QB1PP/1RR3K1 b - - 1 20,153
1r1qrnk1/1p3pbp/4bnp1/1N1pP3/5N2/4BP2/P2QB1PP/1RR3K1 b - - 0 22,280
1r1qrnk1/1p3pbp/3pbnp1/1N6/4PN2/4BP2/P2QB1PP/1RR3K1 b - - 0 21,195
1r1qrnk1/1p3pbp/3pbnp1/1p6/4PN2/2N1BP2/P2QB1PP/1RR3K1 w - - 2 21,206
1r1qrnk1/1p3pbp/4bnp1/1N1p4/4PN2/4BP2/P2QB1PP/1RR3K1 w - - 0 22,257
1r1qrnk1/1p1n1pbp/4b1p1/1N1pP3/5N2/4BP2/P2QB1PP/1RR3K1 w - - 1 23,255
1r2qnk1/1p3pbp/4b1p1/3pn3/5N2/4BP2/P2QB1PP/1RR3K1 w - - 0 25,280
1r2qnk1/1p3pbp/4b1p1/1B1pn3/5N2/4BP2/P2Q2PP/1RR3K1 b - - 1 25,277
1r1qNnk1/1p3pbp/4b1p1/3pn3/5N2/4BP2/P2QB1PP/1RR3K1 b - - 0 24,273
1r1qrnk1/1p1n1pbp/3Nb1p1/3pP3/5N2/4BP2/P2QB1PP/1RR3K1 b - - 2 23,270
1r1qrnk1/1p3pbp/3Nb1p1/3pn3/5N2/4BP2/P2QB1PP/1RR3K1 w - - 0 24,261
1r3nk1/1p2qpbp/4N1p1/1B1pn3/8/4BP2/P2Q2PP/1RR3K1 b - - 0 26,245
1r3nk1/1p2qpbp/4b1p1/1B1pn3/5N2/4BP2/P2Q2PP/1RR3K1 w - - 2 26,276
1r3nk1/1p3pbp/4q1p1/1B1pn3/8/4BP2/P2Q2PP/1RR3K1 w - - 0 27,222
1r3nk1/1p3pbp/6p1/1B1pnq2/3B4/5P2/P2Q2PP/1RR3K1 w - - 2 28,219
1r3nk1/1p3pbp/4q1p1/1B1pn3/3B4/5P2/P2Q2PP/1RR3K1 b - - 1 27,193
1r3nk1/1p3pbp/6p1/3p1q2/3B1P2/3B4/P2Q2PP/1RR3K1 b - - 0 29,219
1r3nk1/1p3pbp/6p1/1B1pnq2/3B1P2/8/P2Q2PP/1RR3K1 b - - 0 28,213
1r3nk1/1p3pbp/6p1/1B1p1q2/3B1P2/3n4/P2Q2PP/1RR3K1 w - - 1 29,193
1r3nk1/1p3p1p/6p1/3p1q2/3b1P2/3B4/P2Q2PP/1RR4K b - - 1 30,240
1r3nk1/1p3p1p/6p1/3p1q2/3b1P2/3B4/P2Q2PP/1RR3K1 w - - 0 30,229
1r3nk1/1p3p1p/5qp1/3p1P2/3b4/3B4/P2Q2PP/1RR4K b - - 0 31,209
1r3nk1/1p3p1p/5qp1/3p4/3b1P2/3B4/P2Q2PP/1RR4K w - - 2 31,216
1r3nk1/1p3p1p/5qp1/3pbP2/8/3B4/P2Q2PP/1RR4K w - - 1 32,193
1r3nk1/1p3p1p/5qp1/3pbP2/8/3B4/P2Q2PP/1R3R1K b - - 2 32,212
1r3nk1/1p3p1p/3q2p1/3pbP2/1Q6/3B4/P5PP/1R3R1K b - - 4 33,200
1r3nk1/1p3p1p/3q2p1/3p1P2/1Q6/3B4/P5Pb/1R3R1K w - - 0 34,237
1r3nk1/1p3p1p/3b2p1/3p1P2/8/3B4/P5P1/1R3R1K w - - 0 35,223
1r3nk1/1p3p1p/3Q2p1/3p1P2/8/3B4/P5Pb/1R3R1K b - - 0 34,233
1r3nk1/1p3p1p/3b2p1/1R1p1P2/8/3B4/P5P1/5R1K b - - 1 35,209
1r3nk1/1p3p1p/3q2p1/3pbP2/8/3B4/P2Q2PP/1R3R1K w - - 3 33,269
1r3nk1/5p1p/1p1b2p1/1R1p1P2/8/3B4/P5P1/5R1K w - - 0 36,252
1r3nk1/5p1p/1p4p1/2bR1P2/8/3B4/P5P1/5R1K w - - 1 37,234
1r3nk1/5p1p/1p1b2p1/3R1P2/8/3B4/P5P1/5R1K b - - 0 36,236
1r3nk1/5p1p/1p4p1/2bR1P2/2B5/8/P5P1/5R1K b - - 2 37,239
5nk1/1r3p1p/1p4p1/2bR1P2/2B5/8/P5P1/5R1K w - - 3 38,261
5nk1/4rp1p/1p4p1/2bR1P2/2B3P1/8/P7/5R1K w - - 1 39,284
3R1nk1/2r2p1p/1p4p1/2b2P2/2B3P1/8/P7/5R1K w - - 3 40,314
3R1nk1/2r2p1p/1p4p1/2b2P2/6P1/1B6/P7/5R1K b - - 4 40,314
5nk1/1r3p1p/1p4p1/2bR1P2/2B3P1/8/P7/5R1K b - - 0 38,276
3R1nk1/4rp1p/1p4p1/2b2P2/2B3P1/8/P7/5R1K b - - 2 39,292
3R1n2/2r2pkp/1p4p1/2b2P2/6P1/1B6/P7/5R1K w - - 5 41,305
3R1nk1/2r2p2/1p3PpP/2b5/8/1B6/P7/5R1K b - - 0 43,305
3R1nk1/2r2p2/1p3Ppp/2b3P1/8/1B6/P7/5R1K w - - 0 43,343
3R1nk1/2r2p1p/1p3Pp1/2b3P1/8/1B6/P7/5R1K b - - 0 42,353
3R1n2/2r2pkp/1p3Pp1/2b5/6P1/1B6/P7/5R1K b - - 0 41,345
3R1n2/2r2p1k/1p3PpP/2b5/8/1B6/P7/5R1K w - - 1 44,316
3R1n2/2r2p1k/1p3PpP/2b5/8/1B6/P5K1/5R2 b - - 2 44,300
3R1nk1/2r2p1p/1p3Pp1/2b5/6P1/1B6/P7/5R1K w - - 1 42,355
3R1n2/2r2p2/1p3Ppk/2b5/8/1B6/P5K1/5R2 w - - 0 45,604
5n2/2r2p1k/1p3Pp1/2bR4/8/1B6/P5K1/5R2 w - - 2 46,319
5nk1/2r2p2/1p3Pp1/2bR4/8/1B6/P5K1/7R w - - 4 47,329
5n2/2r2p1k/1p3Pp1/2bR4/8/1B6/P5K1/7R b - - 3 46,310
3R1nk1/2r2p2/1p3Pp1/2b5/8/1B6/P5K1/7R b - - 5 47,329
5n2/2r2p2/1p3Ppk/2bR4/8/1B6/P5K1/5R2 b - - 1 45,309
3R1nk1/5p2/1pr2Pp1/2b5/8/1B6/P5K1/7R w - - 6 48,316
3R1nk1/5p2/1pr2Pp1/8/5R2/bB6/P5K1/8 w - - 10 50,375
3R1nk1/5p2/1pr2Pp1/2b5/8/1B6/P5K1/5R2 b - - 7 48,363
3R1nk1/5p2/1pr2Pp1/8/1b3R2/1B6/P5K1/8 b - - 9 49,326
4Rnk1/5p2/1prb1Pp1/8/5R2/1B6/P5K1/8 w - - 12 51,417
3R1nk1/5p2/1pr2Pp1/8/1b6/1B6/P5K1/5R2 w - - 8 49,349
4Rnk1/5p2/1pr2Pp1/8/5R2/bB6/P5K1/8 b - - 11 50,355
4Rnk1/5p2/1prb1Pp1/8/6R1/1B6/P5K1/8 b - - 13 51,485
4Rn2/5B1k/1p1b1Pp1/8/6R1/5K2/P1r5/8 b - - 2 53,421
4Rn2/5B1k/1p1b1Pp1/8/6R1/8/P1r3K1/8 w - - 1 53,422
4Rn2/5B2/1p1b1Ppk/8/6R1/5K2/P1r5/8 w - - 3 54,417
5n2/5B2/1p1b1Ppk/8/6R1/5K2/P1r5/4R3 b - - 4 54,420
4Rn2/5B1k/1prb1Pp1/8/6R1/8/P5K1/8 b - - 0 52,420
5n2/5B2/1p1b1Ppk/8/6R1/5K2/P6r/4R3 w - - 5 55,411
4Rn2/5p1k/1prb1Pp1/8/6R1/1B6/P5K1/8 w - - 14 52,629
5n2/5B2/1p3Ppk/2b4r/6R1/6K1/P7/3R4 w - - 9 57,416
5n2/5B2/1p3Ppk/2b5/6R1/6K1/P6r/3R4 b - - 8 56,432
5n2/5B2/1p1b1Ppk/8/6R1/5K2/P6r/3R4 b - - 6 55,387
5n2/5B2/1p3Ppk/2b5/6R1/5K2/P6r/3R4 w - - 7 56,418
5n2/5B2/1p3Ppk/2b4r/6R1/8/P5K1/3R4 b - - 10 57,388
5n2/5B2/1p3Ppk/7r/6R1/b7/P5K1/3R4 w - - 11 58,427
5n2/5B2/1p3Ppk/2b4r/6R1/6R1/P5K1/8 b - - 14 59,867
5n2/5B2/1p3Ppk/2b4r/6R1/3R4/P5K1/8 w - - 13 59,1003
5n2/5B2/1p3Ppk/7r/6R1/b2R4/P5K1/8 b - - 12 58,416
rnbqkbnr/pp2pppp/2p5/3pP3/3P4/8/PPP2PPP/RNBQKBNR b KQkq - 0 3,56
rn1qkbnr/pp2pppp/2p5/3pPb2/3P4/8/PPP2PPP/RNBQKBNR w KQkq - 1 4,63
rn1qkbnr/pp3ppp/2p1p3/3pPb2/3P4/2N5/PPP2PPP/R1BQKBNR w KQkq - 0 5,40
rn1qkbnr/pp2pppp/2p5/3pPb2/3P4/2N5/PPP2PPP/R1BQKBNR b KQkq - 2 4,34
rn1qkbnr/pp3ppp/2p1p3/3pPb2/3P2P1/2N5/PPP2P1P/R1BQKBNR b KQkq - 0 5,32
rn1qkbnr/pp3ppp/2p1p1b1/3pP3/3P2P1/2N5/PPP2P1P/R1BQKBNR w KQkq - 1 6,28
rn1qkbnr/pp3pp1/4p1b1/2ppP2p/3P2PP/2N5/PPP1NP2/R1BQKB1R w KQkq - 0 8,39
rn1qkbnr/pp3pp1/4p1b1/2ppP2p/3P1NPP/2N5/PPP2P2/R1BQKB1R b KQkq - 1 8,26
rn1qkbnr/pp3ppp/2p1p1b1/3pP3/3P2P1/2N5/PPP1NP1P/R1BQKB1R b KQkq - 2 6,30
rn1qkbnr/pp3ppp/4p1b1/2ppP3/3P2PP/2N5/PPP1NP2/R1BQKB1R b KQkq - 0 7,38
rn1qkbnr/pp3ppp/4p1b1/2ppP3/3P2P1/2N5/PPP1NP1P/R1BQKB1R w KQkq - 0 7,18
r2qkbnr/pp3pp1/2n1p1N1/2ppP2p/3P2PP/2N5/PPP2P2/R1BQKB1R b KQkq - 0 9,79
r2qkbnr/pp3pp1/2n1p1b1/2ppP2p/3P1NPP/2N5/PPP2P2/R1BQKB1R w KQkq - 2 9,65
r2qkbnr/pp4p1/2n1p1p1/2ppP2p/3P2PP/2N5/PPP2P2/R1BQKB1R w KQkq - 0 10,52
r2qkb1r/pp2n1p1/2n1p1p1/2ppP2p/3P2PP/8/PPP1NP2/R1BQKB1R w KQkq - 2 11,126
r2qkbnr/pp4p1/2n1p1p1/2ppP2p/3P2PP/8/PPP1NP2/R1BQKB1R b KQkq - 1 10,71
r2qkb1r/pp2n1p1/2n1p1p1/2ppP2p/3P1NPP/8/PPP2P2/R1BQKB1R b KQkq - 3 11,118
r2qkb1r/pp2n1p1/4p1p1/3pn2p/3p1NPP/7B/PPP1QP2/R1B1K2R b KQkq - 1 13,5
r2qkb1r/pp4p1/2n1p1p1/3pn2p/3p1NPP/7B/PPP1QP2/R1B1K2R w KQkq - 2 14,77
r2qkb1r/pp2n1p1/2n1p1p1/3pP2p/3p1NPP/8/PPP2P2/R1BQKB1R w KQkq - 0 12,131
r2qkb1r/pp2n1p1/2n1p1p1/3pP2p/3p1NPP/7B/PPP2P2/R1BQK2R b KQkq - 1 12,26
r2qkb1r/pp4p1/2n1N1p1/3pn2p/3p2PP/7B/PPP1QP2/R1B1K2R b KQkq - 0 14,83
r2qkb1r/pp2n1p1/4p1p1/3pn2p/3p1NPP/7B/PPP2P2/R1BQK2R w KQkq - 0 13,34
r3kb1r/pp4p1/2n1N1p1/q2pn2p/3p2PP/7B/PPP1QP2/R1B1K2R w KQkq - 1 15,74
r3k2r/pp4p1/2nbN1p1/q2pn3/3p2BP/8/PPP1QP2/R1B2K1R w kq - 1 17,94
r3kb1r/pp4p1/2n1N1p1/q2pn3/3p2pP/7B/PPP1QP2/R1B2K1R w kq - 0 16,68
r3kb1r/pp4p1/2n1N1p1/q2pn3/3p2BP/8/PPP1QP2/R1B2K1R b kq - 0 16,81
r3kb1r/pp4p1/2n1N1p1/q2pn2p/3p2PP/7B/PPP1QP2/R1B2K1R b kq - 2 15,82
r3k2r/pp4p1/q1nbN1p1/3p4/3p2nP/8/PPP2PK1/R1BQ3R w kq - 0 19,56
r3k2r/pp4p1/2nbN1p1/q2pn3/3p2BP/8/PPP1QPK1/R1B4R b kq - 2 17,37
r3k2r/pp4p1/q1nbN1p1/3p4/3p2QP/8/PPP2PK1/R1B4R b kq - 0 19,64
r3k2r/pp4p1/q2bN1p1/3pn3/3p2QP/8/PPP2PK1/R1B4R w kq - 1 20,62
r3k2r/pp4p1/q2bN1p1/3pn3/3Q3P/8/PPP2PK1/R1B4R b kq - 0 20,54
r3k2r/pp4p1/3bN1p1/3pn3/2qQ3P/8/PPP2PK1/R1B4R w kq - 1 21,66
r3k2r/pp4p1/3bN1p1/3pn3/2Q4P/8/PPP2PK1/R1B4R b kq - 0 21,52
r3k2r/pp4p1/q1nbN1p1/3pn3/3p2BP/8/PPP1QPK1/R1B4R w kq - 3 18,45
r3k2r/pp4p1/q1nbN1p1/3pn3/3p2BP/8/PPP2PK1/R1BQ3R b kq - 4 18,31
r3k2r/pp4p1/3bN1p1/4n3/2p4P/8/PPP2PK1/R1B4R w kq - 0 22,175
r6r/pp1k2p1/3bN1p1/4n3/2p4P/4B3/PPP2PK1/R6R w - - 2 23,118
r3k2r/pp4p1/3bN1p1/4n3/2p4P/4B3/PPP2PK1/R6R b kq - 1 22,120
r6r/pp1k2p1/3b2p1/4n1N1/2p4P/4B3/PPP2PK1/R6R b - - 3 23,127
r6r/pp2b1p1/2k3p1/4n1N1/2p4P/4B3/PPP2PK1/3R3R w - - 6 25,126
r6r/pp1kb1p1/6p1/4n1N1/2p4P/4B3/PPP2PK1/3R3R b - - 5 24,144
r6r/pp1kb1p1/6p1/4n1N1/2p4P/4B3/PPP2PK1/R6R w - - 4 24,122
r6r/pp4p1/2k1Nbp1/4n3/2p4P/4B3/PPP2PK1/3R3R w - - 8 26,122
r6r/pp2b1p1/2k1N1p1/4n3/2p4P/4B3/PPP2PK1/3R3R b - - 7 25,105
r6r/pp4p1/1k3bp1/4n3/2p4P/4BN2/PPP2PK1/3R3R b - - 11 27,58
r6r/pp4p1/2k2bp1/4n3/2pN3P/4B3/PPP2PK1/3R3R b - - 9 26,125
r6r/pp4p1/1k3bp1/4n3/2pN3P/4B3/PPP2PK1/3R3R w - - 10 27,107
r6r/pp4p1/1k3bp1/4n3/2pN3P/4B3/PPP2PK1/3RR3 b - - 15 29,51
r6r/pp4p1/2k2bp1/4n3/2p4P/4BN2/PPP2PK1/3R3R w - - 12 28,120
4r2r/pp4p1/1k3bp1/4n3/2pN3P/4B3/PPP2PK1/3RR3 w - - 16 30,45
4r2r/pp4p1/1k2Nbp1/4n3/2p4P/4B3/PPP2PK1/3RR3 b - - 17 30,48
4r2r/pp4p1/2k1Nbp1/4n3/2p4P/4B3/PPP2PK1/3RR3 w - - 18 31,47
4r2r/pp3np1/1k3bp1/6B1/2pN3P/8/PPP2PK1/3RR3 w - - 22 33,30
4r2r/pp4p1/1k3bp1/4n1B1/2pN3P/8/PPP2PK1/3RR3 b - - 21 32,25
4r2r/pp3np1/k4bp1/8/2pN3P/4B3/PPP2PK1/3RR3 w - - 24 34,18
4r2r/pp4p1/2k2bp1/4n3/2pN3P/4B3/PPP2PK1/3RR3 b - - 19 31,39
4r2r/pp3np1/1k3bp1/8/2pN3P/4B3/PPP2PK1/3RR3 b - - 23 33,13
r1bq1rk1/pp1nppbp/3p1np1/2P5/2P1P3/2N1BP2/PP1Q2PP/R3KBNR b KQ - 0 8,40
r1bq1rk1/pp1nppbp/5np1/2p5/2P1P3/2N1BP2/PP1Q2PP/2KR1BNR b - - 1 9,35
r1b2rk1/pp1nppbp/5np1/q1p5/2P1P3/2N1BP2/PP1Q2PP/1K1R1BNR b - - 3 10,60
r1b2rk1/pp1nppbp/5np1/q1p5/2P1P3/2N1BP2/PP1Q2PP/2KR1BNR w - - 2 10,68
r1b2rk1/pp2ppbp/5np1/q1p1n3/2P1P3/2N1BP2/PP1Q2PP/1K1R1BNR w - - 4 11,21
r1b2rk1/pp2ppbp/5np1/q1p1n3/2P1P3/2N1BP2/PP1QB1PP/1K1R2NR b - - 5 11,-22
r1bq1rk1/pp1nppbp/5np1/2p5/2P1P3/2N1BP2/PP1Q2PP/R3KBNR w KQ - 0 9,57
r1b2rk1/pp2ppbp/2n2np1/q1p5/2P1P3/2N1BP2/PP1QB1PP/1K1R2NR w - - 6 12,-19
r1b2rk1/pp2ppbp/2n2np1/q1pN4/2P1P3/4BP2/PP1QB1PP/1K1R2NR b - - 7 12,-13
r1b2rk1/pp2ppbp/2n2np1/2pN4/2P1P3/4BP2/PP1qB1PP/1K1R2NR w - - 0 13,-12
r1b2rk1/pp2ppbp/2n2np1/2pN4/2P1P3/4BP2/PP1RB1PP/1K4NR b - - 0 13,-15
r1b2rk1/p3ppbp/1pn2np1/2pN4/2P1P3/4BP2/PP1RB1PP/1K4NR w - - 0 14,-8
r1b2rk1/p3ppbp/1pn2Np1/2p5/2P1P3/4BP2/PP1RB1PP/1K4NR b - - 0 14,-67
r1b2rk1/p3pp1p/1pn3p1/2p5/2PbPP2/4B3/PP1RB1PP/1K4NR w - - 1 16,-41
r1b2rk1/p3pp1p/1pn2bp1/2p5/2P1PP2/4B3/PP1RB1PP/1K4NR b - - 0 15,-87
r1b2rk1/p3pp1p/1pn2bp1/2p5/2P1P3/4BP2/PP1RB1PP/1K4NR w - - 0 15,-39
r1b2rk1/p3pp1p/1p4p1/2p5/2PnPP2/5N2/PP1RB1PP/1K5R b - - 1 17,-45
r1b2rk1/p3pp1p/1pn3p1/2p5/2PBPP2/8/PP1RB1PP/1K4NR b - - 0 16,-22
r1b2rk1/p3pp1p/1p4p1/2p5/2P1PP2/5N2/PP2R1PP/1K5R b - - 0 18,-15
r1b2rk1/p3pp1p/1p4p1/2p5/2PnPP2/8/PP1RB1PP/1K4NR w - - 0 17,-30
r4rk1/pb2pp1p/1p4p1/2p5/2P1PP2/5N2/PP2R1PP/1K1R4 b - - 2 19,-5
r1b2rk1/p3pp1p/1p4p1/2p5/2P1PP2/5N2/PP1Rn1PP/1K5R w - - 0 18,-14
r4rk1/pb2pp1p/1p4p1/2p5/2P1PP2/5N2/PP2R1PP/1K5R w - - 1 19,-4
3r1rk1/pb2pp1p/1p4p1/2p5/2P1PP2/5N2/PPK1R1PP/3R4 b - - 4 20,-15
3r1rk1/pb2pp1p/1p4p1/2p5/2P1PP2/5N2/PP2R1PP/1K1R4 w - - 3 20,-12
5rk1/p3p2p/1pb2pp1/2p5/2P1PP2/2Kr1N2/PP2R1PP/8 w - - 0 23,0
5rk1/p3p2p/1pb2pp1/2p5/2P1PP2/3K1N2/PP2R1PP/8 b - - 0 23,0
3r2k1/p3p2p/1pb2pp1/2p5/2P1PP2/3K1N2/PP2R1PP/8 w - - 1 24,0
3r1rk1/p3p2p/1pb2pp1/2p5/2P1PP2/3R1N2/PPK1R1PP/8 w - - 2 22,-1
3r1rk1/p3p2p/1pb2pp1/2p5/2P1PP2/2KR1N2/PP2R1PP/8 b - - 3 22,-12
3r2k1/p3p2p/1pb2pp1/2p5/2P1PP2/4KN2/PP2R1PP/8 b - - 2 24,0
3r4/p3p1kp/1pb2pp1/2p5/2P1PPP1/4KN2/PP2R2P/8 b - - 0 25,0
8/p3p1kp/1pb2pp1/2p5/2P1PPP1/4KN2/PP5P/3rR3 b - - 2 26,0
8/p3p1kp/1pb2pp1/2p5/2P1PPP1/4KN2/PP5P/4r3 w - - 0 27,0
8/p3p1kp/1pb2pp1/2p5/2P1PPP1/4KN2/PP2R2P/3r4 w - - 1 26,0
8/p3p1kp/1pb2pp1/2p5/2P1PPP1/4K3/PP5P/4N3 b - - 0 27,0
8/p2bp1kp/1p3pp1/2p3P1/2P1PP2/4K3/PP5P/4N3 b - - 0 28,0
8/p2b2kp/1p3pp1/2p1p1P1/2P1PP2/4K3/PP5P/4N3 w - - 0 29,0
3r4/p3p1kp/1pb2pp1/2p5/2P1PP2/4KN2/PP2R1PP/8 w - - 3 25,11
8/p2bp1kp/1p3pp1/2p5/2P1PPP1/4K3/PP5P/4N3 w - - 1 28,0
8/p2b2kp/1p3pp1/2p1p1P1/2P1PP1P/4K3/PP6/4N3 b - - 0 29,0
8/p2b2kp/1p3pp1/2p3P1/2P1Pp1P/4K3/PP6/4N3 w - - 0 30,0
8/p2b2k1/1p3ppp/2p3P1/2P1PK1P/8/PP6/4N3 w - - 0 31,0
8/p2b2kp/1p3pp1/2p3P1/2P1PK1P/8/PP6/4N3 b - - 0 30,0
3r1rk1/pb2p2p/1p3pp1/2p5/2P1PP2/3R1N2/PPK1R1PP/8 b - - 1 21,-6
3r1rk1/pb2p2p/1p3pp1/2p5/2P1PP2/5N2/PPK1R1PP/3R4 w - - 0 21,-9
8/p2b2k1/1p3ppp/2p3P1/2P1PK1P/3N4/PP6/8 b - - 1 31,-3
8/p4k2/1p2bpp1/2p3P1/2P1PK2/8/PP3N2/8 w - - 3 34,0
8/p2b2k1/1p3pp1/2p3P1/2P1PK2/3N4/PP6/8 b - - 0 32,-13
8/p4k2/1p2bpp1/2p3P1/2P1PK2/1P6/P4N2/8 b - - 0 34,0
8/p2b1k2/1p3pp1/2p3P1/2P1PK2/3N4/PP6/8 w - - 1 33,-7
2b5/p4k2/1p3Pp1/2p5/2P1PK2/1P6/P4N2/8 b - - 0 35,0
2b5/p7/1p3kp1/2p1P3/2P2K2/1P6/P4N2/8 b - - 0 36,0
2b5/p7/1p3kp1/2p5/2P1PK2/1P6/P4N2/8 w - - 0 36,0
2b5/p4k2/1p3pp1/2p3P1/2P1PK2/1P6/P4N2/8 w - - 1 35,0
2b5/p3k3/1p4p1/2p1P3/2P2K2/1P6/P4N2/8 w - - 1 37,0
2b5/p3k3/1p4p1/2p1P3/2P1NK2/1P6/P7/8 b - - 2 37,0
8/p3k3/1p4p1/2p1Pb2/2P1NK2/1P6/P7/8 w - - 3 38,0
8/p2b2k1/1p3pp1/2p3p1/2P1PK1P/3N4/PP6/8 w - - 0 32,-10
8/p3k3/1p4p1/2p1Pb2/2P2K2/1PN5/P7/8 b - - 4 38,0
8/p7/1p2k1p1/2p1Pb2/2P2K2/1PN5/P7/8 w - - 5 39,3
8/p2b1k2/1p3pp1/2p3P1/2P1PK2/8/PP3N2/8 b - - 2 33,-7
rnbqkb1r/pppppppp/5n2/8/2P5/8/PP1PPPPP/RNBQKBNR w KQkq - 1 2,34
rn1qkb1r/pbpp1ppp/1p2pn2/8/2PP4/P1N2N2/1P2PPPP/R1BQKB1R b KQkq - 2 5,22
rnbqkb1r/p1pp1ppp/1p2pn2/8/2PP4/P4N2/1P2PPPP/RNBQKB1R b KQkq - 0 4,23
rn1qkb1r/pbpp1ppp/1p2pn2/8/2PP4/P4N2/1P2PPPP/RNBQKB1R w KQkq - 1 5,26
rn1qkb1r/pbp2ppp/1p2pn2/3P4/3P4/P1N2N2/1P2PPPP/R1BQKB1R b KQkq - 0 6,25
rn1qkb1r/pbp2ppp/1p2pn2/3p4/2PP4/P1N2N2/1P2PPPP/R1BQKB1R w KQkq - 0 6,22
rn1qkb1r/pbp2ppp/1p2p3/3n4/3P4/P1N2N2/1P2PPPP/R1BQKB1R w KQkq - 0 7,20
rn1qkb1r/pbp2ppp/1p2p3/8/3P4/P1n2N2/1PQ1PPPP/R1B1KB1R w KQkq - 0 8,23
rn1qkb1r/pbp2ppp/1p2p3/3n4/3P4/P1N2N2/1PQ1PPPP/R1B1KB1R b KQkq - 1 7,25
rn1qkb1r/pbp2ppp/1p2p3/8/3P4/P1P2N2/2Q1PPPP/R1B1KB1R b KQkq - 0 8,24
r2qkb1r/pbpn1ppp/1p2p3/8/3P4/P1P2N2/2Q1PPPP/R1B1KB1R w KQkq - 1 9,15
r2qkb1r/pb1n1ppp/1p2p3/2p5/3PP3/P1P2N2/2Q2PPP/R1B1KB1R w KQkq - 0 10,20
r2qkb1r/pb1n1ppp/1p2p3/2p5/3PPB2/P1P2N2/2Q2PPP/R3KB1R b KQkq - 1 10,20
r2qkb1r/pb1n1ppp/1p2p3/8/3pPB2/P1P2N2/2Q2PPP/R3KB1R w KQkq - 0 11,12
r2qkb1r/pb1n1ppp/1p2p3/8/3PPB2/P4N2/2Q2PPP/R3KB1R b KQkq - 0 11,13
r2qkb1r/pbpn1ppp/1p2p3/8/3PP3/P1P2N2/2Q2PPP/R1B1KB1R b KQkq - 0 9,15
2rqkb1r/pb1n1ppp/1p2p3/8/3PPB2/P4N2/2Q2PPP/R3KB1R w KQk - 1 12,13
2rqk2r/pb1nbppp/1p2p3/8/3PPB2/PQ3N2/5PPP/R3KB1R w KQk - 3 13,10
2rqk2r/pb2bppp/1p2pn2/8/3PPB2/PQ1B1N2/5PPP/R3K2R w KQk - 5 14,6
2rqk2r/pb1nbppp/1p2p3/8/3PPB2/PQ1B1N2/5PPP/R3K2R b KQk - 4 13,21
2rqkb1r/pb1n1ppp/1p2p3/8/3PPB2/PQ3N2/5PPP/R3KB1R b KQk - 2 12,19
2rqk2r/pb2bppp/1p2pn2/1Q6/3PPB2/P2B1N2/5PPP/R3K2R b KQk - 6 14,9
2r1k2r/pb1qbppp/1p2pn2/1Q6/3PPB2/P2B1N2/5PPP/R3K2R w KQk - 7 15,46
2r1k2r/pb2bppp/1p2pn2/1q2N3/3PPB2/P2B4/5PPP/R3K2R w KQk - 0 16,51
2r2k1r/pb2bppp/1p2pn2/1B2N3/3PPB2/P7/5PPP/R3K2R w KQ - 1 17,46
2r2k1r/pb2bppp/1p2pn2/1B2N3/3PPB2/P4P2/6PP/R3K2R b KQ - 0 17,46
2r1k2r/pb1qbppp/1p2pn2/1Q2N3/3PPB2/P2B4/5PPP/R3K2R b KQk - 8 15,44
3rnk1r/pb1Bbppp/1p2p3/4N3/3PPB2/P4P2/6PP/R3K2R w KQ - 3 19,30
2r1k2r/pb2bppp/1p2pn2/1B2N3/3PPB2/P7/5PPP/R3K2R b KQk - 0 16,34
2brnk1r/p3bppp/1pB1p3/4N3/3PPB2/P4P2/6PP/R3K2R w KQ - 5 20,33
2r1nk1r/pb1Bbppp/1p2p3/4N3/3PPB2/P4P2/6PP/R3K2R b KQ - 2 18,31
3rnk1r/pb2bppp/1pB1p3/4N3/3PPB2/P4P2/6PP/R3K2R b KQ - 4 19,29
2brnk1r/p3b1pp/1pB1pp2/4N3/3PP3/P3BP2/6PP/R3K2R w KQ - 0 21,28
2r1nk1r/pb2bppp/1p2p3/1B2N3/3PPB2/P4P2/6PP/R3K2R w KQ - 1 18,34
2brnk1r/p3bppp/1pB1p3/4N3/3PP3/P3BP2/6PP/R3K2R b KQ - 6 20,30
2brnk1r/p3b1pp/1pB1pp2/8/3PP3/P2NBP2/6PP/R3K2R b KQ - 1 21,31
3rnk1r/p2bb1pp/1pB1pp2/8/3PP3/P2NBP2/6PP/R3K2R w KQ - 2 22,26
3rnk1r/p2Bb1pp/1p2pp2/8/3PP3/P2NBP2/6PP/R3K2R b KQ - 0 22,26
4n2r/p2rbkpp/1p2pp2/8/3PP3/P2NBP2/4K1PP/R6R w - - 2 24,30
4nk1r/p2rb1pp/1p2pp2/8/3PP3/P2NBP2/6PP/R3K2R w KQ - 0 23,26
4n2r/p2rbkpp/1p2pp2/8/3PP3/P2NBP2/4K1PP/R1R5 b - - 3 24,31
4nk1r/p2rb1pp/1p2pp2/8/3PP3/P2NBP2/4K1PP/R6R b - - 1 23,20
7r/p2rbkpp/1p1npp2/8/3PP3/P2NBP2/4K1PP/R1R5 w - - 4 25,21
7r/p2rbkpp/1p1npp2/8/P2PP3/3NBP2/4K1PP/R1R5 b - - 0 25,21
2n5/p2rbkpp/1p2pp2/8/P2PP3/3NBP2/4K1PP/R7 w - - 0 27,27
2r5/p2rbkpp/1p1npp2/8/P2PP3/3NBP2/4K1PP/R1R5 w - - 1 26,25
2n5/p2rbkpp/1p2pp2/8/P2PP3/3NBP2/4K1PP/2R5 b - - 1 27,23
2R5/p2rbkpp/1p1npp2/8/P2PP3/3NBP2/4K1PP/R7 b - - 0 26,22
8/p2rbkpp/1p1npp2/8/P2PP3/3NBP2/4K1PP/2R5 w - - 2 28,21
8/p2rbkpp/1p1npp2/8/P2PP1P1/3NBP2/4K2P/2R5 b - - 0 28,5
8/pn1rbkpp/1p2pp2/8/P2PP1P1/3NBP2/4K2P/2R5 w - - 1 29,66
8/p2rbkpp/1p2pp2/n4P2/P2PP1P1/3NB3/4K2P/2R5 b - - 0 30,22
8/pn1rbkpp/1p2pp2/8/P2PPPP1/3NB3/4K2P/2R5 b - - 0 29,53
8/p2rbkpp/1p3p2/n4p2/P2PP1P1/3NB3/4K2P/2R5 w - - 0 31,29
8/p2rbkpp/1p2pp2/n7/P2PPPP1/3NB3/4K2P/2R5 w - - 1 30,48
8/p2rbkpp/1p3p2/5P2/P2PP3/1n1NB3/4K2P/2R5 w - - 1 32,20
8/p2rbk1p/1p3pp1/5P2/P1RPP3/1n1NB3/4K2P/8 w - - 0 33,27
8/p2rbkpp/1p3p2/n4P2/P2PP3/3NB3/4K2P/2R5 b - - 0 31,32
8/p2rbk2/1p3pp1/8/P1RPP2P/1n1NB3/4K3/8 b - - 0 34,16
8/p2r1k2/1p1b1pp1/8/P1RPP2P/1n1NB3/4K3/8 w - - 1 35,21
8/p2r1k2/1p1b1pp1/4P3/P1RP3P/1n1NB3/4K3/8 b - - 0 35,0
8/p1R2k2/1p1b1pp1/4P3/P2P3P/1n1NB3/4K3/8 b - - 0 36,0
8/p1b2k2/1p3pp1/4P3/P2P3P/1n1NB3/4K3/8 w - - 0 37,0
8/p1r2k2/1p1b1pp1/4P3/P1RP3P/1n1NB3/4K3/8 w - - 1 36,0
8/p1b2k2/1p3pp1/4P3/P2P3P/1n1NBK2/8/8 b - - 1 37,0
8/p1b2k2/1p4p1/4P3/P6P/1n1NBK2/8/8 b - - 0 38,0
8/p2rbk2/1p3pp1/8/P1RPP3/1n1NB3/4K2P/8 w - - 0 34,22
8/p1b2k2/1p4p1/4p3/P2P3P/1n1NBK2/8/8 w - - 0 38,0
8/p1b2k2/1p4p1/2n1P3/P6P/3NBK2/8/8 w - - 1 39,0
8/p1b2k2/6p1/2B1P3/P6P/5K2/8/8 b - - 0 40,0
8/p1b2k2/1p4p1/2N1P3/P6P/4BK2/8/8 b - - 0 39,0
8/p1b2k2/6p1/2p1P3/P6P/4BK2/8/8 w - - 0 40,0
8/p2rbkpp/1p3p2/5P2/P1RPP3/1n1NB3/4K2P/8 b - - 2 32,27
8/B1b5/4k1p1/4P3/P6P/5K2/8/8 b - - 0 41,0
8/B1b5/6p1/4k3/P6P/5K2/8/8 w - - 0 42,11
8/2b5/6p1/3k4/P6P/4BK2/8/8 w - - 2 43,0
8/p1b5/4k1p1/2B1P3/P6P/5K2/8/8 w - - 1 41,2
8/2b5/6p1/3k4/P5KP/4B3/8/8 b - - 3 43,9
8/2b5/6p1/4k3/P6P/4BK2/8/8 b - - 1 42,1
8/p2rbk1p/1p3pP1/8/P1RPP3/1n1NB3/4K2P/8 b - - 0 33,21
r1bqkbnr/pp1ppppp/2n5/2p5/2P5/2N2N2/PP1PPPPP/R1BQKB1R b KQkq - 2 3,36
r1bqkbnr/pp1ppppp/2n5/2p5/2P5/5N2/PP1PPPPP/RNBQKB1R w KQkq - 1 3,36
r1bqkb1r/pp1ppppp/2n2n2/2p5/2P5/2N2N2/PP1PPPPP/R1BQKB1R w KQkq - 3 4,31
rnbqkbnr/pp1ppppp/8/2p5/2P5/5N2/PP1PPPPP/RNBQKB1R b KQkq - 0 2,32
rnbqkbnr/pp1ppppp/8/2p5/8/5N2/PPPPPPPP/RNBQKB1R w KQkq - 0 2,34
r1bqkb1r/pp1ppppp/2n2n2/8/2Pp4/2N2N2/PP2PPPP/R1BQKB1R w KQkq - 0 5,24
r1bqkb1r/pp1p1ppp/2n1pn2/8/2PN4/2N5/PP2PPPP/R1BQKB1R w KQkq - 0 6,34
r1bqkb1r/pp1ppppp/2n2n2/2p5/2PP4/2N2N2/PP2PPPP/R1BQKB1R b KQkq - 0 4,23
r1bqkb1r/pp1ppppp/2n2n2/8/2PN4/2N5/PP2PPPP/R1BQKB1R b KQkq - 0 5,18
r1bqkb1r/pp1p1ppp/2n1pn2/8/2PN4/P1N5/1P2PPPP/R1BQKB1R b KQkq - 0 6,10
r1bqkb1r/pp1p1ppp/4pn2/8/2Pn4/P1N5/1P2PPPP/R1BQKB1R w KQkq - 0 7,54
r1bqkb1r/p2p1ppp/1p2pn2/8/2PQ4/P1N5/1P2PPPP/R1B1KB1R w KQkq - 0 8,33
r1bqkb1r/pp1p1ppp/4pn2/8/2PQ4/P1N5/1P2PPPP/R1B1KB1R b KQkq - 0 7,31
r1bqk2r/p2p1ppp/1p2pn2/2b5/2P2B2/P1N5/1P1QPPPP/R3KB1R b KQkq - 3 9,-12
r1bq1rk1/p2p1ppp/1p2pn2/2b5/2P2B2/P1N5/1P1QPPPP/R3KB1R w KQ - 4 10,15
r1bqk2r/p2p1ppp/1p2pn2/2b5/2PQ1B2/P1N5/1P2PPPP/R3KB1R w KQkq - 2 9,18
r1bqkb1r/p2p1ppp/1p2pn2/8/2PQ1B2/P1N5/1P2PPPP/R3KB1R b KQkq - 1 8,15
r1bq1rk1/p2p1ppp/1p2pn2/2b5/2P2B2/P1N5/1P1QPPPP/3RKB1R b K - 5 10,-21
r2q1rk1/pb1p1ppp/1p2pn2/2b5/2P2B2/P1N5/1P1QPPPP/3RKB1R w K - 6 11,-16
r2q1rk1/pb1p1ppp/1p1Bpn2/2b5/2P5/P1N5/1P1QPPPP/3RKB1R b K - 7 11,-17
r2q1rk1/pb1p1ppp/1p1Qpn2/8/2P5/P1N5/1P2PPPP/3RKB1R b K - 0 12,-16
r2q1rk1/pb1p1ppp/1p1bpn2/8/2P5/P1N5/1P1QPPPP/3RKB1R w K - 0 12,-25
2rqr1k1/pb1p1ppp/1p1Qpn2/8/2P5/P1N1P3/1P3PPP/3RKB1R w K - 1 14,-20
2rq1rk1/pb1p1ppp/1p1Qpn2/8/2P5/P1N1P3/1P3PPP/3RKB1R b K - 0 13,-15
2rq1rk1/pb1p1ppp/1p1Qpn2/8/2P5/P1N5/1P2PPPP/3RKB1R w K - 1 13,-33
3qr1k1/p2p1ppp/bpr1pn2/8/2PQ4/P1N1PP2/1P4PP/3RKB1R w K - 3 16,-29
3qr1k1/pb1p1ppp/1pr1pn2/8/2PQ4/P1N1PP2/1P4PP/3RKB1R b K - 2 15,-24
3qr1k1/pb1p1ppp/1prQpn2/8/2P5/P1N1PP2/1P4PP/3RKB1R w K - 1 15,-13
2rqr1k1/pb1p1ppp/1p1Qpn2/8/2P5/P1N1PP2/1P4PP/3RKB1R b K - 0 14,-18
3qr1k1/p2p1ppp/bpr1pn2/8/2PQN3/P3PP2/1P4PP/3RKB1R b K - 4 16,-55
4r1k1/p1qp1ppp/bpr1p3/8/2P1Q3/P2BPP2/1P4PP/3RK2R b K - 2 18,-54
4r1k1/p1qp1ppp/bpr1p3/8/2P1Q3/P3PP2/1P4PP/3RKB1R w K - 1 18,-37
4r1k1/p1qp1p1p/bpr1p1p1/8/2P1Q3/P2BPP2/1P4PP/3RK2R w K - 0 19,-57
4r1k1/p1qp1p1p/bpr1p1p1/8/2P1Q3/PP1BPP2/6PP/3RK2R b K - 0 19,-62
4r1k1/p1q2p1p/bpr1p1p1/3p4/2P1Q3/PP1BPP2/6PP/3RK2R w K - 0 20,-60
3qr1k1/p2p1ppp/bpr1p3/8/2P1Q3/P3PP2/1P4PP/3RKB1R b K - 0 17,-27
3qr1k1/p2p1ppp/bpr1p3/8/2PQn3/P3PP2/1P4PP/3RKB1R w K - 0 17,-46
4r1k1/p1q2p1p/bpr1p1p1/3P4/4Q3/PP1BPP2/6PP/3RK2R b K - 0 20,-70
4r1k1/p1q2p1p/1pr3p1/3p4/8/PP1QPP2/6PP/3RK2R w K - 0 22,-64
4r1k1/p1q2p1p/1p4p1/3p4/8/PPrQPP2/5KPP/3R3R w - - 2 23,-221
4r1k1/p1q2p1p/1pr3p1/3p4/8/PP1QPP2/5KPP/3R3R b - - 1 22,-212
4r1k1/p1q2p1p/1pr1p1p1/3P4/8/PP1QPP2/6PP/3RK2R b K - 0 21,-60
4r1k1/p1q2p1p/1pr1p1p1/3P4/4Q3/PP1bPP2/6PP/3RK2R w K - 0 21,-76
4r1k1/p1q2p1p/1p4p1/3Q4/8/PPr1PP2/5KPP/3R3R b - - 0 23,-209
4r1k1/p3qp1p/1p4p1/3Q4/8/PP2rP2/3R1KPP/7R w - - 2 25,-208
4r1k1/p1q2p1p/1p4p1/3Q4/8/PP2rP2/5KPP/3R3R w - - 0 24,-227
4r1k1/p3qp1p/1p4p1/3Q4/8/PP2rPK1/3R2PP/7R b - - 3 25,-334
4r1k1/p3qp1p/1p4p1/3Q4/P7/1r3PK1/3R2PP/7R b - - 0 26,-338
4r1k1/p3qp1p/1p4p1/3Q4/8/Pr3PK1/3R2PP/7R w - - 0 26,-339
4r1k1/p3qp1p/1p4p1/3Q4/Pr6/5PK1/3R2PP/7R w - - 1 27,-342
4r1k1/p1q2p1p/1p4p1/3Q4/8/PP2rP2/3R1KPP/7R b - - 1 24,-273
4r1k1/p3qp1p/1p4p1/8/P2Q4/5PK1/6PP/7R b - - 0 28,-440
4r1k1/p4p1p/1p4p1/6q1/P2Q4/5PK1/6PP/7R w - - 1 29,-438
4r1k1/p3qp1p/1p4p1/3Q4/P2r4/5PK1/6PP/7R w - - 0 28,-448
6k1/p4p1p/1p4p1/6q1/P2Q4/5P1K/4r1PP/6R1 b - - 4 30,-451
4r1k1/p4p1p/1p4p1/6q1/P2Q4/5P1K/6PP/7R b - - 2 29,-460
6k1/p4p1p/1p4p1/7q/P2Q4/5P1K/4r1PP/6R1 w - - 5 31,-458
4r1k1/p3qp1p/1p4p1/3Q4/Pr1R4/5PK1/6PP/7R b - - 2 27,-447
6k1/p4p1p/1p4p1/6q1/P2Q4/5P1K/3r2PP/6R1 w - - 9 33,-455
6k1/p4p1p/1p4p1/6q1/P2Q4/5PK1/4r1PP/6R1 w - - 7 32,-461
6k1/p4p1p/1p4p1/6q1/P2Q4/5P1K/r5PP/6R1 b - - 12 34,-463
6k1/p4p1p/1p4p1/6q1/P7/2Q2P1K/r5PP/6R1 w - - 11 34,-444
6k1/p4p2/1p4pp/6q1/P2Q4/5P1K/r5PP/6R1 w - - 0 35,-472
6k1/p4p1p/1p4p1/6q1/P2Q4/5P1K/4r1PP/7R w - - 3 30,-469
6k1/p4p2/1p4pp/6q1/P1Q5/5P1K/r5PP/6R1 b - - 1 35,-485
6k1/p4p2/1p4pp/4q3/P1Q5/5PK1/r5PP/6R1 w - - 4 37,-490
6k1/p4p2/1p4pp/7q/P1Q5/5PK1/r5PP/6R1 b - - 3 36,-454
6k1/p4p2/1p4pp/4q3/P1Q5/5P1K/r5PP/6R1 b - - 5 37,-497
6k1/p4p2/1p4pp/7q/P1Q5/5P1K/r5PP/6R1 w - - 2 36,-460
6k1/p4p2/1p4pp/4q3/P6Q/5P1K/3r2PP/6R1 b - - 7 38,-537
6k1/p4p2/1p4pp/5q2/P6Q/5P1K/3r2PP/6R1 w - - 8 39,-482
6k1/p4p1p/1p4p1/7q/P2Q4/5PK1/4r1PP/6R1 b - - 6 31,-474
6k1/p4p2/1p5Q/5qp1/P7/5PK1/3r2PP/6R1 b - - 0 40,M-15
6k1/p4p2/1p5Q/6p1/P4q2/5PK1/3r2PP/6R1 w - - 1 41,M-14
6k1/p4p2/1p4pp/4q3/P1Q5/5P1K/3r2PP/6R1 w - - 6 38,-488
rnbq1rk1/p1pp1ppp/1p2pn2/8/2PP4/P1Q2N2/1P2PPPP/R1B1KB1R b KQ - 1 7,-21
rn1q1rk1/pbpp1ppp/1p2pn2/8/2PP4/P1Q2N2/1P2PPPP/R1B1KB1R w KQ - 2 8,-14
rn1q1rk1/pbpp1ppp/1p2pn2/8/2PP4/P1Q1PN2/1P3PPP/R1B1KB1R b KQ - 0 8,-19
6k1/p4p1p/1p4p1/6q1/P7/2Q2P1K/3r2PP/6R1 b - - 10 33,-518
rn1q1rk1/pbp2ppp/1p1ppn2/8/2PP4/PPQ1PN2/5PPP/R1B1KB1R b KQ - 0 9,13
rn1q1rk1/pbp2ppp/1p1ppn2/8/2PP4/P1Q1PN2/1P3PPP/R1B1KB1R w KQ - 0 9,32
6k1/p4p2/1p4pp/5q2/P6Q/5PK1/3r2PP/6R1 b - - 9 39,-512
r2q1rk1/pbpn1ppp/1p1ppn2/8/2PP4/PPQ1PN2/1B3PPP/R3KB1R b KQ - 2 10,18
6k1/p4p2/1p5p/5qp1/P6Q/5PK1/3r2PP/6R1 w - - 0 40,-482
r2q1rk1/pbpn1ppp/1p1ppn2/8/2PP4/PPQ1PN2/5PPP/R1B1KB1R w KQ - 1 10,7
r4rk1/pbpnqppp/1p1ppn2/8/2PP4/PPQ1PN2/1B3PPP/R3KB1R w KQ - 3 11,21
r4rk1/pbpnqppp/1p1ppn2/8/2PP4/PPQ1PN2/1B2BPPP/R3K2R b KQ - 4 11,0
2r2rk1/pb1nqppp/1p1ppn2/2p5/2PP4/PPQ1PN2/1B2BPPP/3R1RK1 b - - 3 13,20
2r2rk1/pb1nqppp/1p1ppn2/2p5/2PP4/PPQ1PN2/1B2BPPP/R4RK1 w - - 2 13,50
r4rk1/pb1nqppp/1p1ppn2/2p5/2PP4/PPQ1PN2/1B2BPPP/R4RK1 b - - 1 12,35
r4rk1/pb1nqppp/1p1ppn2/2p5/2PP4/PPQ1PN2/1B2BPPP/R3K2R w KQ - 0 12,31
2r2rk1/pb1nqppp/1p2pn2/2Pp4/2P5/PPQ1PN2/1B2BPPP/3R1RK1 b - - 0 14,0
2r2rk1/pb1nqppp/1p2pn2/2pp4/2PP4/PPQ1PN2/1B2BPPP/3R1RK1 w - - 0 14,17
2r2rk1/pb2qppp/1p2pn2/2npQ3/2P5/PP2PN2/1B2BPPP/3R1RK1 b - - 1 15,-19
2r2rk1/pb2qppp/1p2pn2/2np4/2P5/PPQ1PN2/1B2BPPP/3R1RK1 w - - 0 15,-5
2rr2k1/pb2qppp/1p2pn2/2npQ3/2P5/PP2PN2/1B2BPPP/3R1RK1 w - - 2 16,0
2rr2k1/pb2qppp/1p2pn2/2npQ3/2PN4/PP2P3/1B2BPPP/3R1RK1 b - - 3 16,-11
2rr1qk1/pb3ppp/1p2pn2/2npQ3/2PN4/PP2PP2/1B2B1PP/3R1RK1 b - - 0 17,-46
2rr1qk1/pb3ppp/1p2pn2/2n1Q3/2pN4/PP2PP2/1B2B1PP/3R1RK1 w - - 0 18,-41
2rr1qk1/pb3ppp/1p2pn2/2npQ3/2PN4/PP2P3/1B2BPPP/3R1RK1 w - - 4 17,-15
2rr1qk1/pb3ppp/1p2pn2/2n1Q3/2BN4/PP2PP2/1B4PP/3R1RK1 b - - 0 18,-61
2rr1qk1/p4ppp/1p2pn2/2nBQ3/3N4/PP2PP2/1B4PP/3R1RK1 b - - 0 19,-122
2rr1qk1/p4ppp/1p2pn2/2nbQ3/2BN4/PP2PP2/1B4PP/3R1RK1 w - - 1 19,-57
rnbqkb1r/ppp1pp1p/5np1/3p4/2PP4/2N2N2/PP2PPPP/R1BQKB1R b KQkq - 1 4,23
rnbqk2r/ppp1ppbp/5np1/3p4/2PP4/2N2N2/PP2PPPP/R1BQKB1R w KQkq - 2 5,18
rnbqk2r/ppp1ppbp/5np1/8/2pP4/1QN2N2/PP2PPPP/R1B1KB1R w KQkq - 0 6,24
rnbqk2r/ppp1ppbp/5np1/3p4/2PP4/1QN2N2/PP2PPPP/R1B1KB1R b KQkq - 3 5,25
rnbq1rk1/ppp1ppbp/5np1/8/2QP4/2N2N2/PP2PPPP/R1B1KB1R w KQ - 1 7,15
rnbqk2r/ppp1ppbp/5np1/8/2QP4/2N2N2/PP2PPPP/R1B1KB1R b KQkq - 0 6,15
rnbq1rk1/ppp1ppbp/5np1/8/2QPP3/2N2N2/PP3PPP/R1B1KB1R b KQ - 0 7,17
r2q1rk1/ppp1ppbp/2n2np1/8/2QPP1b1/2N1BN2/PP2BPPP/R3K2R b KQ - 4 9,19
r1bq1rk1/ppp1ppbp/2n2np1/8/2QPP3/2N2N2/PP2BPPP/R1B1K2R b KQ - 2 8,12
r2q1rk1/ppp1ppbp/2n2np1/8/2QPP3/2N1Bb2/PP2BPPP/R3K2R w KQ - 0 10,10
r1bq1rk1/ppp1ppbp/2n2np1/8/2QPP3/2N2N2/PP3PPP/R1B1KB1R w KQ - 1 8,21
r2q1rk1/ppp1ppbp/2n2np1/8/2QPP1b1/2N2N2/PP2BPPP/R1B1K2R w KQ - 3 9,45
r2q1rk1/ppp1ppbp/2n2np1/8/2QPP3/2N1BB2/PP3PPP/R3K2R b KQ - 0 10,-18
r2q1rk1/ppp2pbp/2n2np1/3Pp3/2Q1P3/2N1BB2/PP3PPP/R3K2R b KQ - 0 11,-15
r2q1rk1/ppp2pbp/5np1/3Pp3/2QnP3/2N1BB2/PP3PPP/R3K2R w KQ - 1 12,-16
r2q1rk1/ppp2pbp/2n2np1/4p3/2QPP3/2N1BB2/PP3PPP/R3K2R w KQ - 0 11,-14
r2q1rk1/p1p2pbp/5np1/1N1Pp3/2QnP3/4B3/PP3PPP/R2BK2R b KQ - 0 13,-35
r2q1rk1/ppp2pbp/5np1/3Pp3/2QnP3/2N1B3/PP3PPP/R2BK2R b KQ - 2 12,-37
r2q1rk1/p1p2pbp/6p1/1N1Pp3/2Qnn3/4B3/PP3PPP/R2BK2R w KQ - 0 14,-31
r2q1rk1/p1p2pbp/6p1/1N1Pp3/2Qnn3/4B3/PP3PPP/R2B1RK1 b - - 1 14,-39
r2q1rk1/p1p2pbp/5np1/1p1Pp3/2QnP3/2N1B3/PP3PPP/R2BK2R w KQ - 0 13,-22
r2q1rk1/2p2pbp/p5p1/3Pp3/2Qnn3/2N1B3/PP3PPP/R2B1RK1 b - - 1 15,-37
r4rk1/2p2pbp/p2n2p1/3Pp3/3n3q/2NQB3/PP3PPP/R2B1RK1 w - - 4 17,4
r2q1rk1/2p2pbp/p5p1/1N1Pp3/2Qnn3/4B3/PP3PPP/R2B1RK1 w - - 0 15,46
r2q1rk1/2p2pbp/p2n2p1/3Pp3/3n4/2NQB3/PP3PPP/R2B1RK1 b - - 3 16,-32
r4rk1/2p2pbp/p2n2p1/3Pp3/3B4/2NQ2Pq/PP3P1P/R2B1RK1 b - - 0 18,19
r4rk1/2p2pbp/p2n2p1/3Pp3/3n4/2NQB1Pq/PP3P1P/R2B1RK1 w - - 1 18,15
r4rk1/2p2pbp/p2n2p1/3Pp3/3n3q/2NQB1P1/PP3P1P/R2B1RK1 b - - 0 17,5
r4rk1/2p2pbp/p2n2p1/3P4/3p4/2NQ2Pq/PP3P1P/R2B1RK1 w - - 0 19,14
r4rk1/2p2pbp/p2n2p1/3P4/3p4/3Q2Pq/PP2NP1P/R2B1RK1 b - - 1 19,0
r4rk1/2p2pbp/p2n2p1/3P1q2/3p4/3Q2P1/PP2NP1P/R2B1RK1 w - - 2 20,20
r2q1rk1/2p2pbp/p2n2p1/3Pp3/2Qn4/2N1B3/PP3PPP/R2B1RK1 w - - 2 16,-41
r4rk1/2p2pbp/p2n2p1/3P1q2/3p1N2/3Q2P1/PP3P1P/R2B1RK1 b - - 3 20,0
rr4k1/2p2pbp/p2n2p1/3P1q2/3p1N2/3Q2P1/PP3P1P/R2B1RK1 w - - 4 21,45
rr4k1/2p2pbp/p2n2p1/3P1Q2/3p1N2/6P1/PP3P1P/R2B1RK1 b - - 0 21,48
rr4k1/2p2pbp/p5p1/3P1n2/3p1N2/6P1/PP3P1P/R2B1RK1 w - - 0 22,40
rr4k1/2p2pbp/p5p1/3P1n2/3p4/3N2P1/PP3P1P/R2B1RK1 b - - 1 22,45
rr4k1/2p2p1p/p5pb/3P1n2/3p4/3N2P1/PP3P1P/R2B1RK1 w - - 2 23,61
rr4k1/2p2p1p/p5pb/3P1n2/3p4/3N2P1/PP3P1P/R2BR1K1 b - - 3 23,66
rr4k1/2p2p1p/6pb/p2P1n2/3p4/3N2P1/PP3P1P/R2BR1K1 w - - 0 24,71
rr4k1/2p2p1p/6pb/p2P1n2/3p2B1/3N2P1/PP3P1P/R3R1K1 b - - 1 24,69
rr4k1/2p2p1p/3n2pb/p2P4/3p2B1/3N2P1/PP3P1P/R3R1K1 w - - 2 25,71
rr4k1/2p2p1p/3n2pb/3P4/p2p2B1/P2N2P1/1P2RP1P/R5K1 b - - 0 26,70
rr4k1/2p2p1p/3n2pb/3P4/p2p2B1/3N2P1/PP2RP1P/R5K1 w - - 0 26,72
1r4k1/2p2p1p/3n2pb/r2P4/p2p2B1/P2N2P1/1P2RP1P/R5K1 w - - 1 27,64
1r4k1/2p2p1p/3n2pb/r2P4/p2p2B1/P2N2P1/1PR2P1P/R5K1 b - - 2 27,76
rr4k1/2p2p1p/3n2pb/p2P4/3p2B1/3N2P1/PP2RP1P/R5K1 b - - 3 25,60
1r4k1/2p2p1p/3n2pb/3r4/p2p2B1/P2N2P1/1PR2P1P/R5K1 w - - 0 28,104
1r4k1/2R2p1p/3n2pb/3r4/p2p2B1/P2N2P1/1P3P1P/R5K1 b - - 0 28,95
1r4k1/2R2p1p/3n2p1/r5b1/p2p4/P2N1BP1/1P3P1P/R5K1 w - - 3 30,106
1r4k1/2R2p1p/3n2pb/r7/p2p4/P2N1BP1/1P3P1P/R5K1 b - - 2 29,106
1r4k1/2R2p1p/3n2pb/r7/p2p2B1/P2N2P1/1P3P1P/R5K1 w - - 1 29,98
2r3k1/2R2p1p/3n2p1/r5b1/p2p4/P2N1BP1/1P3P1P/3R2K1 w - - 5 31,132
2R3k1/5p1p/3n2p1/r5b1/p2p4/P2N1BP1/1P3P1P/3R2K1 b - - 0 31,116
2n3k1/5p1p/6p1/r5b1/p2p3P/P2N1BP1/1P3P2/3R2K1 b - - 0 32,110
1r4k1/2R2p1p/3n2p1/r5b1/p2p4/P2N1BP1/1P3P1P/3R2K1 b - - 4 30,111
2n3k1/5p1p/6p1/r5b1/p2p4/P2N1BP1/1P3P1P/3R2K1 w - - 0 32,108
2n3k1/5p1p/5bp1/r7/p2p3P/P2N1BP1/1P3P2/2R3K1 b - - 2 33,129
2n3k1/5p1p/5bp1/r7/p2p3P/P2N1BP1/1P3P2/3R2K1 w - - 1 33,131
6k1/5p1p/3n1bp1/r7/p2p3P/P2N1BP1/1P3P2/2R2K2 b - - 4 34,131
6k1/5p1p/3n1bp1/r7/p2p3P/P2N1BP1/1P3P2/2R3K1 w - - 3 34,126
6k1/4bp1p/3n2p1/r7/p2p3P/P2N1BP1/1P3P2/2R2K2 w - - 5 35,133
6k1/4bp1p/3n2p1/r7/p2p3P/P2N1BP1/1P2KP2/2R5 b - - 6 35,113
5k2/2R2p1p/3n1bp1/r7/p2p3P/P2N1BP1/1P2KP2/8 w - - 9 37,141
5k2/4bp1p/3n2p1/r7/p2p3P/P2N1BP1/1P2KP2/2R5 w - - 7 36,131
5k2/2R1bp1p/3n2p1/r7/p2p3P/P2N1BP1/1P2KP2/8 b - - 8 36,114
5k2/2R2p1p/3n1bp1/r7/p2p3P/P2N1BP1/1P1K1P2/8 b - - 10 37,131
5k2/2R2p2/3n1bp1/r6p/p2p3P/P2N1BP1/1P1K1P2/8 w - - 0 38,131
5k2/2R2p2/5bp1/r4n1p/p2p3P/P2N1BP1/1P2KP2/8 w - - 2 39,273
5k2/5p2/5bp1/r4n1p/p1Rp3P/P2N1BP1/1P2KP2/8 b - - 3 39,273
5k2/5p2/r2n1bp1/7p/pR1p3P/P2N1BP1/1P2KP2/8 w - - 6 41,291
5k2/2R2p2/3n1bp1/r6p/p2p3P/P2N1BP1/1P2KP2/8 b - - 1 38,162
5k2/5p2/3n1bp1/r6p/p1Rp3P/P2N1BP1/1P2KP2/8 w - - 4 40,277
5k2/5p2/3n1bp1/r6p/pR1p3P/P2N1BP1/1P2KP2/8 b - - 5 40,284
5k2/r4p2/3n1bp1/2N4p/pR1p3P/P4BP1/1P2KP2/8 w - - 8 42,278
5k2/r4p2/3n1bp1/2N4p/pR1p3P/P2K1BP1/1P3P2/8 b - - 9 42,262
5k2/2r2p2/3n1bp1/2N4p/pR1p3P/P2K1BP1/1P3P2/8 w - - 10 43,272
5k2/5p2/r2n1bp1/2N4p/pR1p3P/P4BP1/1P2KP2/8 b - - 7 41,287
5k2/2r2p2/3n1bp1/7p/NR1p3P/P2K1BP1/1P3P2/8 b - - 0 43,265
5k2/5pb1/1N1n2p1/7p/1R1p3P/P2K1BP1/1P3P2/2r5 w - - 3 45,318
r7/pp1r1kQ1/1n1q3p/5P2/2b2R2/2P1B1RP/P5PK/8 b - - 0 31,1293
5k2/5p2/1N1n1bp1/7p/1R1p3P/P2K1BP1/1P3P2/2r5 b - - 2 44,278
5k2/5p2/3n1bp1/7p/NR1p3P/P2K1BP1/1P3P2/2r5 w - - 1 44,279
5k2/5pb1/1N1n2p1/7p/PR1p3P/3K1BP1/1P3P2/r7 w - - 1 46,316
5k2/5pb1/1N1n2p1/7p/PR1p3P/3K1BP1/1P3P2/2r5 b - - 0 45,300
4k3/3N1pb1/3n2p1/7p/PR1p3P/3K1BP1/1P3P2/r7 w - - 3 47,329
8/4kpb1/3n2p1/2N4p/PR1p3P/3K1BP1/1P3P2/r7 w - - 5 48,319
4k3/5pb1/3n2p1/2N4p/PR1p3P/3K1BP1/1P3P2/r7 b - - 4 47,314
8/4kpb1/3n2p1/2N4p/PR1p3P/5BP1/1PK2P2/5r2 w - - 7 49,338
5k2/3N1pb1/3n2p1/7p/PR1p3P/3K1BP1/1P3P2/r7 b - - 2 46,309
8/4kpb1/3n2p1/2N4p/PR1p3P/5BP1/1PK2P2/r7 b - - 6 48,326
8/4kpb1/3n2p1/7p/PR1p3P/3N1BP1/1PK2P2/5r2 b - - 8 49,377
8/4k1b1/3n2p1/5p1p/PR1p3P/1K1N1BP1/1P3P2/r7 w - - 0 51,364
8/4kpb1/3n2p1/7p/PR1p3P/1K1N1BP1/1P3P2/r7 b - - 10 50,355
8/4kpb1/3n2p1/7p/PR1p3P/3N1BP1/1PK2P2/r7 w - - 9 50,364
8/4k1b1/1R1n2p1/5p1p/P2p3P/1K1N1BP1/1P3P2/r7 b - - 1 51,386
8/4k3/1R1n2pb/5p1p/P2p3P/1K1N1BP1/1P3P2/r7 w - - 2 52,399
8/4k3/1R1n3b/3B1ppp/P2p3P/1K1N2P1/1P3P2/r7 w - - 0 53,410
8/4k3/1R1n2pb/3B1p1p/P2p3P/1K1N2P1/1P3P2/r7 b - - 3 52,417
8/4k3/R2n3b/3B1p1p/P2p3P/1K1N4/1P3P2/r7 b - - 0 54,415
8/4k3/R2n3b/3B1p1p/P2p3p/1K1N2P1/1P3P2/r7 w - - 0 54,417
8/4k3/R2n3b/3B1ppp/P2p3P/1K1N2P1/1P3P2/r7 b - - 1 53,414
8/4k3/R2n3b/3B1p1p/P2p3P/1K1N4/1P3P2/3r4 w - - 1 55,422
rnbqkbnr/pp2pppp/2p5/3P4/3P4/8/PPP2PPP/RNBQKBNR b KQkq - 0 3,37
8/4k3/R2n3b/5p1p/P1Bp3P/1K1N4/1P3P2/7r w - - 3 56,459
rnbqkbnr/pp2pppp/8/3p4/3P4/8/PPP2PPP/RNBQKBNR w KQkq - 0 4,33
rnbqkbnr/pp2pppp/8/3p4/2PP4/8/PP3PPP/RNBQKBNR b KQkq - 0 4,29
8/4k3/R2n3b/P4p1p/2Bp3P/1K1N4/1P3P2/7r b - - 0 56,456
rnbqkb1r/pp2pppp/5n2/3p4/2PP4/2N5/PP3PPP/R1BQKBNR b KQkq - 2 5,30
rnbqkb1r/pp2pppp/5n2/3p4/2PP4/8/PP3PPP/RNBQKBNR w KQkq - 1 5,67
rnbqkb1r/pp3ppp/4pn2/3p4/2PP4/2N5/PP3PPP/R1BQKBNR w KQkq - 0 6,29
8/4k3/R2n3b/P4p1p/2Bp3r/1K1N4/1P3P2/8 w - - 0 57,563
rnbqk2r/pp3ppp/4pn2/3p4/1bPP4/2N2N2/PP3PPP/R1BQKB1R w KQkq - 2 7,32
rnbqkb1r/pp3ppp/4pn2/3p4/2PP4/2N2N2/PP3PPP/R1BQKB1R b KQkq - 1 6,37
8/4k3/R2n3b/5p1p/P1Bp3P/1K1N4/1P3P2/3r4 b - - 2 55,444
rnbqk2r/pp3ppp/4p3/3n4/1b1P4/2N2N2/PP3PPP/R1BQKB1R w KQkq - 0 8,32
rnbqk2r/pp3ppp/4p3/3n4/1b1P4/2N2N2/PP1B1PPP/R2QKB1R b KQkq - 1 8,39
rnbqk2r/pp3ppp/4pn2/3P4/1b1P4/2N2N2/PP3PPP/R1BQKB1R b KQkq - 0 7,62
r1bqk2r/pp2bppp/2n1p3/3n4/3P4/2NB1N2/PP1B1PPP/R2QK2R w KQkq - 4 10,50
r1bqk2r/pp3ppp/2n1p3/3n4/1b1P4/2N2N2/PP1B1PPP/R2QKB1R w KQkq - 2 9,37
r1bqk2r/pp2bppp/2n1p3/3n4/3P4/2NB1N2/PP1B1PPP/R2Q1RK1 b kq - 5 10,42
r1bqk2r/pp3ppp/2n1p3/3n4/1b1P4/2NB1N2/PP1B1PPP/R2QK2R b KQkq - 3 9,55
r1bq1rk1/pp2bppp/2n1p3/3n4/3P4/2NB1N2/PP1B1PPP/R2Q1RK1 w - - 6 11,50
r1bq1rk1/pp2bppp/2n1pn2/8/3PN3/3B1N2/PP1BQPPP/R4RK1 b - - 9 12,37
r1bq1rk1/pp2bppp/2n1p3/3n4/3P4/2NB1N2/PP1BQPPP/R4RK1 b - - 7 11,53
r1bq1rk1/pp2bppp/2n1pn2/8/3P4/2NB1N2/PP1BQPPP/R4RK1 w - - 8 12,41
r2q1rk1/pp1bbppp/2n1pn2/8/3PN3/3B1N2/PP1BQPPP/3R1RK1 b - - 11 13,60
r2q1rk1/pp1bbppp/2n1pn2/8/3PN3/3B1N2/PP1BQPPP/R4RK1 w - - 10 13,57
2rq1rk1/pp1bbppp/2n1pn2/8/3PN3/3B1N2/PP1BQPPP/3RR1K1 b - - 13 14,68
2rq1rk1/pp1bbppp/2n1pn2/8/3PN3/3B1N2/PP1BQPPP/3R1RK1 w - - 12 14,63
2rq1rk1/pp1bbppp/2n1p3/3n4/3P4/2NB1N2/PP1BQPPP/3RR1K1 b - - 15 15,72
2rq1rk1/pp1bbppp/2n1pn2/8/3P4/P1NB1N2/1P1BQPPP/3RR1K1 b - - 0 16,91
2rq1rk1/pp1bbppp/2n1pn2/8/3P4/2NB1N2/PP1BQPPP/3RR1K1 w - - 16 16,87
2rq1rk1/pp1bbppp/2n1p3/3n4/3PN3/3B1N2/PP1BQPPP/3RR1K1 w - - 14 15,73
2r2rk1/pp1bbppp/2n2n2/q2p2B1/8/P1NB1N2/1P2QPPP/3RR1K1 w - - 0 19,124
2r2rk1/pp1bbppp/2n1pn2/q2P2B1/8/P1NB1N2/1P2QPPP/3RR1K1 b - - 0 18,125
2r2rk1/ppqbbppp/2n1pn2/8/3P4/P1NB1N2/1P1BQPPP/3RR1K1 w - - 1 17,163
2r2rk1/pp1b1ppp/2n2b2/q2p4/8/P1NB1N2/1P2QPPP/3RR1K1 w - - 0 20,119
2r2rk1/pp1bbppp/2n2B2/q2p4/8/P1NB1N2/1P2QPPP/3RR1K1 b - - 0 19,132
2r2rk1/ppqbbppp/2n1pn2/6B1/3P4/P1NB1N2/1P2QPPP/3RR1K1 b - - 2 17,146
2r2rk1/pp1bbppp/2n1pn2/q5B1/3P4/P1NB1N2/1P2QPPP/3RR1K1 w - - 3 18,185
2r2rk1/pp1b1ppB/2n2b2/q2p4/8/P1N2N2/1P2QPPP/3RR1K1 b - - 0 20,140
2r2r2/pp1b1ppk/2n2b2/q2R4/8/P1N2N2/1P2QPPP/4R1K1 b - - 0 21,146
2r2r2/pp1b1ppk/2n2b2/q2p4/8/P1N2N2/1P2QPPP/3RR1K1 w - - 0 21,125
2r2r2/pp1b1ppk/2n5/q2R4/8/P1b2N2/1P2QPPP/4R1K1 w - - 0 22,349
2r2r2/pp1b1ppk/2n5/R7/8/P1b2N2/1P2QPPP/4R1K1 b - - 0 22,354
2r2rk1/pp1b1pp1/2n5/P7/8/P4N2/4QPPP/4R1K1 b - - 0 24,346
2r2r2/pp1b1ppk/2n5/b7/8/P4N2/1P2QPPP/4R1K1 w - - 0 23,368
2r2rk1/pp1b1pp1/2n5/b7/1P6/P4N2/4QPPP/4R1K1 w - - 1 24,351
2r2r2/pp1b1ppk/2n5/b7/1P6/P4N2/4QPPP/4R1K1 b - - 0 23,362
2r2rk1/pp3pp1/P1n5/8/6b1/P4N2/4QPPP/4R1K1 b - - 0 25,358
2r2rk1/p4pp1/p1n5/8/8/P4Q2/5PPP/4R1K1 b - - 0 27,370
2r2rk1/p4pp1/p1n5/8/6b1/P4N2/4QPPP/4R1K1 w - - 0 26,357
2r1r1k1/p4pp1/p1n5/8/8/P4Q2/5PPP/4R1K1 w - - 1 28,360
2r2rk1/p4pp1/p1n5/8/4Q1b1/P4N2/5PPP/4R1K1 b - - 1 26,356
2r2rk1/pp3pp1/2n5/P7/6b1/P4N2/4QPPP/4R1K1 w - - 1 25,370
2r3k1/p4pp1/p1n1r3/8/8/P4Q2/5PPP/R5K1 w - - 3 29,357
2r2rk1/p4pp1/p1n5/8/4Q3/P4b2/5PPP/4R1K1 w - - 0 27,340
3r2k1/p4pp1/p1n1r3/8/8/P4Q1P/5PP1/R5K1 w - - 1 30,360
3r2k1/p4pp1/p1n1r3/8/8/P1Q4P/5PP1/R5K1 b - - 2 30,365
2r3k1/p4pp1/p1n1r3/8/8/P4Q1P/5PP1/R5K1 b - - 0 29,356
6k1/p4pp1/p1nrr3/8/8/P1Q4P/5PP1/R5K1 w - - 3 31,368
2r1r1k1/p4pp1/p1n5/8/8/P4Q2/5PPP/R5K1 b - - 2 28,355
6k1/p2r1pp1/p1n1r3/8/8/P1Q4P/5PP1/1R4K1 w - - 5 32,364
6k1/p4pp1/p1nrr3/8/8/P1Q4P/5PP1/1R4K1 b - - 4 31,370
6k1/p4pp1/2n1r3/pR6/2Q5/P6P/5PPK/3r4 b - - 3 34,396
6k1/p2r1pp1/2n1r3/p7/2Q5/P6P/5PP1/1R4K1 w - - 0 33,383
6k1/p2r1pp1/p1n1r3/8/2Q5/P6P/5PP1/1R4K1 b - - 6 32,383
6k1/p4pp1/2n1r3/p4R2/2Q5/P6P/3r1PPK/8 b - - 5 35,388
6k1/p4pp1/2n1r3/pR6/2Q5/P6P/3r1PPK/8 w - - 4 35,387
6k1/p4pp1/2n1r3/pR6/2Q5/P6P/5PP1/3r2K1 w - - 2 34,401
6k1/p4pp1/2nrr3/p4R2/8/P1Q4P/5PPK/8 w - - 8 37,385
6k1/p4pp1/2n1r3/p4R2/3r4/P1Q4P/5PPK/8 b - - 7 36,400
6k1/p4pp1/2nr1r2/p1R5/8/P1Q4P/5PPK/8 w - - 10 38,388
6k1/p4pp1/2n1r3/p4R2/2Qr4/P6P/5PPK/8 w - - 6 36,413
6k1/p2r1pp1/2n1r3/pR6/2Q5/P6P/5PP1/6K1 b - - 1 33,402
6k1/p4pp1/2nrr3/p7/2R5/P1Q4P/5PPK/8 w - - 12 39,390
6k1/p4pp1/2nrr3/p1R5/8/P1Q4P/5PPK/8 b - - 9 37,385
6k1/p4pp1/2nrr3/p1R5/8/P5QP/5PPK/8 b - - 17 41,393
6k1/p4pp1/2nrr3/p1R5/8/P3Q2P/5PPK/8 w - - 16 41,387
6k1/p4pp1/2nr1r2/p7/2R5/P1Q4P/5PPK/8 b - - 11 38,384
6k1/p4pp1/2nr1r2/p1R5/8/P3Q2P/5PPK/8 b - - 15 40,388
6k1/p4pp1/2nr2r1/p1R5/8/P5QP/5PPK/8 w - - 18 42,391
6k1/pQ3pp1/2nr1r2/p1R5/8/P6P/5PPK/8 b - - 21 43,388
6k1/p1Q2pp1/2nrr3/p1R5/8/P6P/5PPK/8 b - - 23 44,398
6k1/p4pp1/2nr2r1/p1R5/8/PQ5P/5PPK/8 b - - 19 42,384
6k1/p4pp1/2nr1r2/p1R5/8/PQ5P/5PPK/8 w - - 20 43,397
6k1/p1Q2pp1/2nr1r2/p1R5/8/P6P/5PPK/8 w - - 24 45,396
6k1/pQ3pp1/2nrr3/p1R5/8/P6P/5PPK/8 w - - 22 44,385
6k1/p1Q2p2/2nr1rp1/p1R5/5P2/P6P/6PK/8 w - - 0 46,382
6k1/p1Q2p2/2n1rr2/p4R2/8/P6P/6PK/8 w - - 1 48,379
6k1/p1Q2p2/2nr1rp1/p1R2P2/8/P6P/6PK/8 b - - 0 46,395
6k1/p1Q2p2/2n1r2r/p6R/8/P6P/6PK/8 w - - 3 49,377
6k1/p1Q2pp1/2nr1r2/p1R5/5P2/P6P/6PK/8 b - - 0 45,402
6k1/p1Q2p2/2n1rr2/p6R/8/P6P/6PK/8 b - - 2 48,389
5k2/p4p2/2n1r2r/p6R/8/P5QP/6PK/8 w - - 5 50,373
6k1/p1Q2p2/2nr1r2/p1R2p2/8/P6P/6PK/8 w - - 0 47,392
5k2/p4p2/2n1r2r/p2R4/8/P5QP/6PK/8 b - - 6 50,381
6k1/p1Q2p2/2nr1r2/p4R2/8/P6P/6PK/8 b - - 0 47,423
5k2/p4p2/2n1r1r1/p2R4/8/P6P/5QPK/8 b - - 8 51,394
5k2/p4p2/2n1rr2/p2R4/8/P6P/5QPK/8 w - - 9 52,387
6k1/p4p2/2n1r2r/p6R/8/P5QP/6PK/8 b - - 4 49,391
5k2/p4p2/2n1r1r1/p2R4/8/P5QP/6PK/8 w - - 7 51,400
8/p3kp2/2n1rr2/p2R4/8/P6P/1Q4PK/8 w - - 11 53,421
8/p3kp2/2n1rr2/p6R/8/P6P/1Q4PK/8 b - - 12 53,397
8/p3kp2/2n1r2r/p6R/8/P6P/1Q4PK/8 w - - 13 54,405
8/p3kp2/2n1rr2/pR6/8/P1Q4P/6PK/8 b - - 16 55,406
8/p3kp2/2n1rr2/pR6/8/P6P/1Q4PK/8 w - - 15 55,422
5k2/p4p2/2n1rr2/pR6/8/P1Q4P/6PK/8 w - - 17 56,434
8/p3kp2/2n1r2r/pR6/8/P6P/1Q4PK/8 b - - 14 54,414
5k2/p4p2/2n1rr2/p2R4/8/P6P/1Q4PK/8 b - - 10 52,378
5k2/p4p2/2n1r2r/p6R/8/P1Q4P/6PK/8 w - - 19 57,427
5k2/p4p2/2n1rr2/p6R/8/P1Q4P/6PK/8 b - - 18 56,412
5k2/p4p2/2n1r2r/p4R2/8/P1Q4P/6PK/8 b - - 20 57,389
5k2/p4pr1/2n1r3/p4R2/8/P4Q1P/6PK/8 w - - 23 59,472
5k2/p4pr1/2n1r3/p4R2/5Q2/P6P/6PK/8 b - - 24 59,476
5k2/p4p2/2n1r1r1/p4R2/8/P4Q1P/6PK/8 b - - 22 58,429
5k2/p4p2/2n1r1r1/p4R2/8/P1Q4P/6PK/8 w - - 21 58,460
6k1/p4pr1/2n1r3/p4R2/5Q2/P6P/6PK/8 w - - 25 60,539
5k2/p1Q2pr1/2n1r3/p4R2/8/P6P/6PK/8 w - - 27 61,603
6k1/p1Q2pr1/2n1r3/p4R2/8/P6P/6PK/8 b - - 26 60,492
2Q5/p3kpr1/2n1r3/p4R2/8/P6P/6PK/8 w - - 29 62,610
2Q5/p3kpr1/2n1r3/p2R4/8/P6P/6PK/8 b - - 30 62,534
2Q5/p4pr1/2n1rk2/p2R4/8/P6P/6PK/8 w - - 31 63,716
7Q/p3nprR/5k2/p7/4r3/P6P/6PK/8 b - - 36 65,705
7Q/p4pr1/2n1rk2/p2R4/8/P6P/6PK/8 b - - 32 63,656
1r1q1rk1/p2nbppp/bpp1p3/3p4/2PP4/1PB3P1/P2NPPBP/R2QR1K1 b - - 5 13,53
2Q2k2/p4pr1/2n1r3/p4R2/8/P6P/6PK/8 b - - 28 61,653
1r1q1rk1/p2nbppp/bpp1p3/3p4/2PP4/1PB3P1/P2NPPBP/R2Q1RK1 w - - 4 13,55
7Q/p4pr1/2n2k2/p6R/4r3/P6P/6PK/8 b - - 34 64,749
7Q/p4pr1/2n2k2/p2R4/4r3/P6P/6PK/8 w - - 33 64,695
7Q/p3npr1/5k2/p6R/4r3/P6P/6PK/8 w - - 35 65,707
1r1q1rk1/p2nbppp/b1p1p3/1p1p4/2PP4/1PB3P1/P2NPPBP/R2QR1K1 w - - 0 14,62
1r1q1rk1/p2nbppp/b1p1p3/1pPp4/3P4/1PB3P1/P2NPPBP/R2QR1K1 b - - 0 14,83
1r1q1rk1/p2nbppp/b1p5/1pPpp3/3P4/1PB3P1/P2NPPBP/R2QR1K1 w - - 0 15,56
1r1q1rk1/p3bppp/b1p1n3/1p1pP3/1P6/P1B3P1/3NPPBP/R2QR1K1 b - - 0 17,44
1r1q1rk1/p2nbppp/b1p5/1pPpP3/8/1PB3P1/P2NPPBP/R2QR1K1 b - - 0 15,38
1r1q1rk1/p3bppp/b1p1n3/1p2P3/1P1p4/P1B3P1/3NPPBP/R2QR1K1 w - - 0 18,30
1r1q1rk1/p3bppp/b1p5/1pnpP3/8/PPB3P1/3NPPBP/R2QR1K1 b - - 0 16,28
1r1q1rk1/p3bppp/b1p5/1pnpP3/8/1PB3P1/P2NPPBP/R2QR1K1 w - - 0 16,43
1r1q1rk1/p3bppp/b1p1n3/1p1pP3/8/PPB3P1/3NPPBP/R2QR1K1 w - - 1 17,46
1r1q1rk1/p3bppp/b3n3/1pp1P3/1P1p4/P5P1/1B1NPPBP/R2QR1K1 w - - 0 19,34
1r1q1rk1/p3bppp/b1p1n3/1p2P3/1P1p4/P5P1/1B1NPPBP/R2QR1K1 b - - 1 18,31
1r1q1rk1/p4ppp/b3n3/1pb1P3/3p4/P5P1/1B1NPPBP/R2QR1K1 w - - 0 20,34
1r1q1rk1/p3bppp/b3n3/1pP1P3/3p4/P5P1/1B1NPPBP/R2QR1K1 b - - 0 19,28
1r1q1rk1/p3bppp/b3n3/1p2P3/3pN3/P5P1/1B2PPBP/R2QR1K1 w - - 2 21,26
1r1q1rk1/p3bppp/b3n3/1p2P3/4N3/P3p1P1/1B3PBP/R2QR1K1 w - - 0 22,44
1r1q1rk1/p4ppp/b3n3/1pb1P3/3pN3/P5P1/1B2PPBP/R2QR1K1 b - - 1 20,30
1r1q1rk1/p3bppp/b3n3/1p2P3/3pN3/P3P1P1/1B3PBP/R2QR1K1 b - - 0 21,28
1r1q1rk1/p3bppp/b3n3/1p2P3/4N3/P3R1P1/1B3PBP/R2Q2K1 b - - 0 22,52
1r3rk1/p3Rppp/4n3/1p2P3/4b3/P3R1P1/1B3PBP/6K1 b - - 0 25,26
1r3rk1/pb2bppp/4n3/1p2P3/4N3/P3R1P1/1B3PBP/3R2K1 w - - 1 24,44
1r3rk1/p3bppp/b3n3/1p2P3/4N3/P3R1P1/1B3PBP/3R2K1 b - - 0 23,35
1r3rk1/pb1Rbppp/4n3/1p2P3/4N3/P3R1P1/1B3PBP/6K1 b - - 2 24,30
1r3rk1/p3bppp/b3n3/1p2P3/4N3/P3R1P1/1B3PBP/R2q2K1 w - - 0 23,35
1r3rk1/p3Rppp/4n3/1p2P3/8/P3R1P1/1B3PbP/6K1 w - - 0 26,13
1r3rk1/p2Rbppp/4n3/1p2P3/4b3/P3R1P1/1B3PBP/6K1 w - - 0 25,17
1r3rk1/4Rppp/4n3/pp2P3/8/P3R1P1/1B3PKP/8 w - - 0 27,24
1r3rk1/p3Rppp/4n3/1p2P3/8/P3R1P1/1B3PKP/8 b - - 0 26,24
r5k1/5ppp/4n3/pp2P3/8/P3R1P1/1B3PKP/8 w - - 0 29,13
R4rk1/5ppp/4n3/pp2P3/8/P3R1P1/1B3PKP/8 b - - 0 28,7
r4rk1/R4ppp/4n3/pp2P3/8/P3R1P1/1B3PKP/8 w - - 2 28,15
1r3rk1/R4ppp/4n3/pp2P3/8/P3R1P1/1B3PKP/8 b - - 1 27,15
r5k1/5ppp/4n3/pp2P3/8/PR4P1/1B3PKP/8 b - - 1 29,4
1r4k1/5ppp/4n3/1p2P3/p7/P1B3P1/5PKP/1R6 b - - 1 31,0
2r3k1/5ppp/4n3/1p2P3/p7/P1B3P1/5PKP/1R6 w - - 2 32,0
1r4k1/5ppp/4n3/pp2P3/8/PRB3P1/5PKP/8 b - - 3 30,8
1r4k1/5ppp/4n3/1p2P3/p7/PRB3P1/5PKP/8 w - - 0 31,8
2r3k1/5ppp/4n3/Bp2P3/p7/P5P1/5PKP/1R6 b - - 3 32,0
1r4k1/5ppp/4n3/pp2P3/8/PR4P1/1B3PKP/8 w - - 2 30,20
6k1/5ppp/4n3/Bpr1P3/p4P2/P5P1/6KP/1R6 b - - 0 33,0
6k1/5ppp/4n3/Bpr1P3/p7/P5P1/5PKP/1R6 w - - 4 33,0
6k1/6pp/4np2/Bpr1P3/p4P2/P5P1/6KP/1R6 w - - 0 34,26
6k1/6pp/4nP2/Bpr5/p4P2/P5P1/6KP/1R6 b - - 0 34,16
8/3R1k1p/4np2/Bpr5/p4P2/P5P1/6KP/8 b - - 3 36,18
6k1/7p/4np2/Bpr5/p4P2/P5P1/6KP/1R6 w - - 0 35,19
6k1/7p/4np2/Bpr5/p4P2/P5P1/6KP/3R4 b - - 1 35,24
8/3R3p/4npk1/Bpr5/p4P2/P5P1/6KP/8 w - - 4 37,12
8/5k1p/4np2/Bpr5/p4P2/P5P1/6KP/3R4 w - - 2 36,6
8/3R3p/4npk1/Bpr5/p4P2/P4KP1/7P/8 b - - 5 37,14
8/5k1p/1B3p2/1pnR4/p1r2P2/P3K1P1/7P/8 b - - 11 40,0
8/5k1p/1B3p2/1pnR4/p4P2/P1r1K1P1/7P/8 w - - 12 41,0
8/5k1p/1B3p2/1pnR4/p2K1P2/P1r3P1/7P/8 b - - 13 41,0
8/5k1p/1B3p2/1pnR4/p1rK1P2/P5P1/7P/8 w - - 14 42,0
8/3R3p/5pk1/Bpn5/p1r2P2/P3K1P1/7P/8 w - - 8 39,37
8/5k1p/1B3p2/1pnR4/p4P2/P1r3P1/4K2P/8 b - - 17 43,0
8/5k1p/1B3p2/1p1R4/p3nP2/P1r3P1/4K2P/8 w - - 18 44,0
8/5k1p/1B3p2/1R6/p3nP2/r5P1/4K2P/8 w - - 0 45,0
8/5k1p/1B3p2/1R6/p3nP2/P1r3P1/4K2P/8 b - - 0 44,0
8/5k1p/1B3p2/R7/p3nP2/r5P1/4K2P/8 b - - 1 45,0
8/7p/1B3pk1/R7/p3nP2/r5P1/4K2P/8 w - - 2 46,0
8/7p/5pk1/R7/p2BnP2/r5P1/4K2P/8 b - - 3 46,0
8/3R3p/4npk1/Bp6/p1r2P2/P4KP1/7P/8 w - - 6 38,16
8/8/5pk1/R6p/p3nP2/r3B1P1/4K2P/8 b - - 1 47,0
8/8/R5k1/5p1p/p3nP2/r3B1P1/4K2P/8 b - - 1 48,0
8/8/6k1/R4p1p/p3nP2/r3B1P1/4K2P/8 w - - 0 48,0
8/5k2/8/R4p1p/p3nP2/r3B1P1/4K2P/8 b - - 3 49,0
8/5k2/R7/5p1p/p3nP2/r3B1P1/4K2P/8 w - - 2 49,0
8/8/5pk1/R6p/p2BnP2/r5P1/4K2P/8 w - - 0 47,0
8/3R3p/4npk1/Bp6/p1r2P2/P3K1P1/7P/8 b - - 7 38,19
8/7p/5pk1/BpnR4/p1r2P2/P3K1P1/7P/8 b - - 9 39,29
8/5k1p/5p2/BpnR4/p1r2P2/P3K1P1/7P/8 w - - 10 40,37
3r1rk1/pp1bbppp/1qn1pn2/8/3PN3/P2B1N2/1P1BQPPP/R2R2K1 w - - 3 15,55
r4rk1/pp1bbppp/1qn1pn2/8/3PN3/P2B1N2/1P1BQPPP/R4RK1 w - - 1 14,58
3r1rk1/pp1bbppp/1qn1pN2/8/3P4/P2B1N2/1P1BQPPP/R2R2K1 b - - 0 15,22
r1b2rk1/pp2bppp/1qn1pn2/8/3PN3/P2B1N2/1P1BQPPP/R4RK1 b - - 0 13,47
3r1rk1/pp1b1ppp/1qn1pb2/8/3PQ3/P2B1N2/1P1B1PPP/R2R2K1 b - - 1 16,0
3r1rk1/pp1b1ppp/1qn1pb2/8/3P4/P2B1N2/1P1BQPPP/R2R2K1 w - - 0 16,12
3r1rk1/pp1b1p1p/1qn1pbp1/8/3PQ3/P2B1N2/1P1B1PPP/R2R2K1 w - - 0 17,7
r4rk1/pp1bbppp/1qn1pn2/8/3PN3/P2B1N2/1P1BQPPP/R2R2K1 b - - 2 14,30
r1b2rk1/pp2bppp/1qn1pn2/8/3PN3/3B1N2/PP1BQPPP/R4RK1 w - - 10 13,45
3r1rk1/pp1b1p1p/1qn1pbp1/8/3PQ3/P2BBN2/1P3PPP/R2R2K1 b - - 1 17,-16
3r1rk1/pp1bnp1p/1q2pbp1/8/3PQ3/P2BBN2/1P3PPP/R2R2K1 w - - 2 18,-15
3r1rk1/pp1b1p1p/1q2pbp1/4Nn2/3PQ3/P2BB3/1P3PPP/R2R2K1 w - - 4 19,-62
3r1rk1/pp1b1p1p/1q2pbp1/5n2/2NPQ3/P2BB3/1P3PPP/R2R2K1 b - - 5 19,-52
3r1rk1/pp1bnp1p/1q2pbp1/4N3/3PQ3/P2BB3/1P3PPP/R2R2K1 b - - 3 18,-63
3r1rk1/pp1b1p1p/q3pbp1/5n2/2NPQ3/P2BB3/1P3PPP/R2R2K1 w - - 6 20,-71
3r1rk1/pp3p1p/q1b1pbp1/5n2/P1NP1Q2/3BB3/1P3PPP/R2R2K1 b - - 2 21,-52
3r1rk1/pp3p1p/q1b1pbp1/5n2/P1NPQ3/3BB3/1P3PPP/R2R2K1 w - - 1 21,-50
3r1rk1/pp1b1p1p/q3pbp1/5n2/P1NPQ3/3BB3/1P3PPP/R2R2K1 b - - 0 20,-52
3r1rk1/pp3p1p/q3pbp1/3bNn2/P2P1Q2/3BB3/1P3PPP/R2R2K1 b - - 4 22,-54
3r1rk1/pp3p1p/q3pbp1/3b1n2/P1NP1Q2/3BB3/1P3PPP/R2R2K1 w - - 3 22,-53
3r1rk1/pp3p1p/1q2pbp1/3bNn2/P2P1Q2/3BB3/1P3PPP/R2R2K1 w - - 5 23,-52
3r1rk1/pp3p1p/1q3bp1/3bNp2/P2P1Q2/4B3/1P3PPP/R2R2K1 w - - 0 24,-86
3r1rk1/pp3p1p/1q2pbp1/3bNB2/P2P1Q2/4B3/1P3PPP/R2R2K1 b - - 0 23,-76
3r1rk1/pp3p1p/1q3bp1/3bNp2/P2P1Q2/4B3/1P1R1PPP/R5K1 b - - 1 24,-82
3r1rk1/pp3pbp/1q4p1/3bNp2/P2P1Q2/4B3/1P1R1PPP/R5K1 w - - 2 25,-86
3r1rk1/pp3pbp/1q4p1/3bNp2/P2P1Q1P/4B3/1P1R1PP1/R5K1 b - - 0 25,-76
2r1r1k1/pp3pbp/1q4p1/3bNp2/P2P3P/4B1Q1/1P1R1PP1/R5K1 w - - 3 27,-74
3rr1k1/pp3pbp/1q4p1/3bNp2/P2P3P/4B1Q1/1P1R1PP1/R5K1 b - - 2 26,-73
3rr1k1/pp3pbp/1q4p1/3bNp2/P2P1Q1P/4B3/1P1R1PP1/R5K1 w - - 1 26,-89
2r1r1k1/pp1N1pbp/2q3p1/3b1p2/P2P3P/4B1Q1/1P1R1PP1/R5K1 w - - 5 28,-80
2r1r1k1/pp1N1pbp/1q4p1/3b1p2/P2P3P/4B1Q1/1P1R1PP1/R5K1 b - - 4 27,-105
2r1r1k1/p4pbp/1pq3p1/2Nb1p2/P2P3P/4B1Q1/1P1R1PP1/R5K1 w - - 0 29,-129
2r1r1k1/pp3pbp/2q3p1/2Nb1p2/P2P3P/4B1Q1/1P1R1PP1/R5K1 b - - 6 28,-132
2r1r1k1/p4pbp/1pq3p1/3b1p2/P2P3P/3NB1Q1/1P1R1PP1/R5K1 b - - 1 29,-121
2r1r1k1/p2q1pbp/1p4p1/3b1p2/P2P3P/3NB1Q1/1P1R1PP1/R5K1 w - - 2 30,-60
2r3k1/p2q1pbp/1p4p1/P2b1p2/3Pr2P/3NB1Q1/1P1R1PP1/R5K1 w - - 1 31,-94
2r1r1k1/p2q1pbp/1p4p1/P2b1p2/3P3P/3NB1Q1/1P1R1PP1/R5K1 b - - 0 30,-77
2r3k1/p2q1pbp/1p4p1/P2b1p2/3PrN1P/4B1Q1/1P1R1PP1/R5K1 b - - 2 31,-73
2r3k1/p2q1pbp/6p1/Pp1b1p2/3PrN1P/4B1Q1/1P3PP1/R2R2K1 b - - 1 32,-99
2r3k1/p2q1pbp/6p1/Pp1b1p2/3PrN1P/4B1Q1/1P1R1PP1/R5K1 w - - 0 32,-80
2r3k1/p2q1pbp/6p1/Pp3p2/2bPrN1P/4B1Q1/1P3PP1/2RR2K1 b - - 3 33,-121
2r3k1/p2q1pbp/6p1/Pp3p2/2bPrN1P/4B1Q1/1P3PP1/R2R2K1 w - - 2 33,-107
2r3k1/p2q1pb1/6pp/Pp3p2/2bPrN1P/4B1Q1/1P3PP1/2RR2K1 w - - 0 34,-126
2r3k1/p2q1pb1/6pp/P4p2/1pbPrN1P/4B1Q1/1PR2PP1/3R2K1 b - - 1 35,-157
2r3k1/p2q1pb1/6pp/P4p2/1pbPrN1P/2R1B1Q1/1P3PP1/3R2K1 w - - 0 35,-132
2r3k1/p2q1pb1/6pp/Pp3p2/2bPrN1P/2R1B1Q1/1P3PP1/3R2K1 b - - 1 34,-133
6k1/p2q1pb1/2r3pp/P4p2/1pbPrN1P/4B1Q1/1PR2PP1/2R3K1 b - - 3 36,-77
6k1/p2q1pb1/2r3pp/P4p2/1pbPrN1P/4B1Q1/1PR2PP1/3R2K1 w - - 2 36,-77
6k1/p2q1pb1/2r3pp/Pb3p2/1p1PrN1P/4B1Q1/1PR2PP1/2R3K1 w - - 4 37,-82
8/p2q1pbk/2R3pp/Pb3p2/1p1PrN1P/4B1Q1/1P3PPK/2R5 b - - 0 38,-225
6k1/p2q1pb1/2r3pp/Pb3p2/1p1PrN1P/4B1Q1/1PR2PPK/2R5 b - - 5 37,-222
8/p2q1pbk/2b3pp/P4p2/1p1PrN1P/4B1Q1/1P3PPK/2R5 w - - 0 39,-233
8/p2q1pbk/2r3pp/Pb3p2/1p1PrN1P/4B1Q1/1PR2PPK/2R5 w - - 6 38,-223
8/p2q1pbk/2b3pp/P4p2/1pRPrN1P/4B1Q1/1P3PPK/8 b - - 1 39,-246
5b2/p4p1k/2b1q1pp/P2P1p2/1pR1r2P/3NB1Q1/1P3PPK/8 b - - 0 41,-274
5b2/p2q1p1k/2b3pp/P4p2/1pRPrN1P/4B1Q1/1P3PPK/8 w - - 2 40,-241
5b2/p4p1k/2b1q1pp/P4p2/1pRPr2P/3NB1Q1/1P3PPK/8 w - - 4 41,-256
5b2/p4p1k/4q1pp/P2b1p2/1pR1r2P/3NB1Q1/1P3PPK/8 w - - 0 42,-285
5b2/p2q1p1k/2b3pp/P4p2/1pRPr2P/3NB1Q1/1P3PPK/8 b - - 3 40,-404
5b2/p4p1k/4q1pp/P2b1p2/1p2R2P/3NB1Q1/1P3PPK/8 b - - 0 42,-324
5b2/p4p1k/4q1pp/P4p2/1p2b2P/3NB1Q1/1P3PPK/8 w - - 0 43,-242
5b2/B4p1k/4q1pp/P4p2/1p2b2P/3N2Q1/1P3PPK/8 b - - 0 43,-482
8/B4p1k/3bq1pp/P4p2/1p2bN1P/6Q1/1P3PPK/8 b - - 2 44,-475
8/B4p1k/3bq1pp/P4p2/1p2b2P/3N2Q1/1P3PPK/8 w - - 1 44,-484
8/B4p1k/3b2pp/P3qp2/1p2bN1P/6Q1/1P3PPK/8 w - - 3 45,-489
8/B3qp1k/3b2pp/P4p2/1p2b2P/6QN/1P3PPK/8 w - - 5 46,-669
8/B4p1k/3b2pp/P3qp2/1p2b2P/6QN/1P3PPK/8 b - - 4 45,-621
rnbq1rk1/1pp1ppbp/p4np1/8/2QPP3/2N2N2/PP3PPP/R1B1KB1R w KQ - 0 8,17
rnbq1rk1/1pp1ppbp/p4np1/4P3/2QP4/2N2N2/PP3PPP/R1B1KB1R b KQ - 0 8,7
rnbq1rk1/2pnppbp/p5p1/1p2P3/3P4/1QN2N2/PP3PPP/R1B1KB1R w KQ - 2 10,0
rnbq1rk1/2p1ppbp/p4np1/1p2P3/2QP4/2N2N2/PP3PPP/R1B1KB1R w KQ - 0 9,4
rnbq1rk1/2p1ppbp/p4np1/1p2P3/3P4/1QN2N2/PP3PPP/R1B1KB1R b KQ - 1 9,0
rnbq1r1k/2pnp1bp/p3Q1p1/1p6/3P4/2N2N2/PP3PPP/R1B1KB1R w KQ - 1 12,0
rnbq1rk1/2pnppbp/p3P1p1/1p6/3P4/1QN2N2/PP3PPP/R1B1KB1R b KQ - 0 10,10
rnbq1r1k/2pnp1bp/p5p1/1p6/3PQ3/2N2N2/PP3PPP/R1B1KB1R b KQ - 2 12,0
rnbq1rk1/2pnp1bp/p3Q1p1/1p6/3P4/2N2N2/PP3PPP/R1B1KB1R b KQ - 0 11,0
rnbq1r1k/2p1p1bp/pn4p1/1p6/3PQ3/2N2N2/PP3PPP/R1B1KB1R w KQ - 3 13,0
rnbq1rk1/2pnp1bp/p3p1p1/1p6/3P4/1QN2N2/PP3PPP/R1B1KB1R w KQ - 0 11,7
rnbq1r1k/2p1p1bp/pn4p1/1p6/3P3Q/2N2N2/PP3PPP/R1B1KB1R b KQ - 4 13,-8
r1bq1r1k/2p1p1bp/pnn3p1/1p6/3P3Q/2N2N2/PP3PPP/R1B1KB1R w KQ - 5 14,-2
r1bq1r1k/2p1p1bp/pnn3p1/1p6/3P3Q/2NB1N2/PP3PPP/R1B1K2R b KQ - 6 14,-81
r1bq3k/2p1p1bp/pnn3p1/1p6/3P3Q/2NB1P2/PP3P1P/R1B1K2R b KQ - 0 15,-62
r1bq3k/2p1p1bp/pnn3p1/1p6/3P3Q/2NB1r2/PP3PPP/R1B1K2R w KQ - 0 15,-71
r2q3k/2p1p1bp/pn4p1/1p3b2/3nB2Q/2N1BP2/PP3P1P/R3K2R b KQ - 3 17,-29
r1bq3k/2p1p1bp/pn4p1/1p6/3n3Q/2NB1P2/PP3P1P/R1B1K2R w KQ - 0 16,-67
r1bq3k/2p1p1bp/pn4p1/1p6/3nB2Q/2N2P2/PP3P1P/R1B1K2R b KQ - 1 16,-62
2rq3k/4p1bp/pn4p1/1p3b2/3pB2Q/2N2P2/PP3P1P/3RK2R w K - 2 20,0
r2q3k/4p1bp/pn4p1/1pp2b2/3BB2Q/2N2P2/PP3P1P/R3K2R b KQ - 0 18,-127
r2q3k/4p1bp/pn4p1/1p3b2/3pB2Q/2N2P2/PP3P1P/R3K2R w KQ - 0 19,-99
r2q3k/2p1p1bp/pn4p1/1p3b2/3nB2Q/2N2P2/PP3P1P/R1B1K2R w KQ - 2 17,-11
r2q3k/4p1bp/pn4p1/1p3b2/3pB2Q/2N2P2/PP3P1P/3RK2R b K - 1 19,-104
r2q3k/4p1bp/pn4p1/1pp2b2/3nB2Q/2N1BP2/PP3P1P/R3K2R w KQ - 0 18,-35
2rq3k/4p2p/pn3bp1/1p3b2/3pB2Q/2N2P2/PP3P1P/3RK1R1 w - - 4 21,-104
2rq3k/4p1bp/pn4p1/1p3b2/3pB2Q/2N2P2/PP3P1P/3RK1R1 b - - 3 20,-140
rnbqkbnr/pppp1ppp/8/4p3/4P3/8/PPPP1PPP/RNBQKBNR w KQkq - 0 2,23
2rq3k/4p1bp/pn4pQ/1p3b2/3pB3/2N2P2/PP3P1P/3RK1R1 w - - 6 22,-128
2rq3k/4p2p/pn3bpQ/1p3b2/3pB3/2N2P2/PP3P1P/3RK1R1 b - - 5 21,-135
rnbqkbnr/pppp1ppp/8/4p3/4P3/5N2/PPPP1PPP/RNBQKB1R b KQkq - 1 2,27
rnbqkb1r/pppp1ppp/5n2/4p3/4P3/5N2/PPPP1PPP/RNBQKB1R w KQkq - 2 3,41
rnbqkb1r/pppp1ppp/8/4p3/3Pn3/5N2/PPP2PPP/RNBQKB1R w KQkq - 0 4,32
rnbqkb1r/pppp1ppp/5n2/4p3/3PP3/5N2/PPP2PPP/RNBQKB1R b KQkq - 0 3,36
rnbqkb1r/pppp1ppp/8/4p3/3Pn3/3B1N2/PPP2PPP/RNBQK2R b KQkq - 1 4,34
rnbqkb1r/ppp2ppp/8/3pp3/3Pn3/3B1N2/PPP2PPP/RNBQK2R w KQkq - 0 5,41
r1bqkb1r/pppn1ppp/8/3pN3/3Pn3/3B4/PPP2PPP/RNBQK2R w KQkq - 1 6,44
r1bqkb1r/pppN1ppp/8/3p4/3Pn3/3B4/PPP2PPP/RNBQK2R b KQkq - 0 6,33
rnbqkb1r/ppp2ppp/8/3pN3/3Pn3/3B4/PPP2PPP/RNBQK2R b KQkq - 0 5,34
r2qkb1r/pppb1ppp/8/3p4/3Pn3/3B4/PPP2PPP/RNBQ1RK1 b kq - 1 7,31
r2qkb1r/pppb1ppp/8/3p4/3Pn3/3B4/PPP2PPP/RNBQK2R w KQkq - 0 7,23
r2qk2r/pppb1ppp/3b4/3p4/3Pn3/3B4/PPP2PPP/RNBQ1RK1 w kq - 2 8,24
r3k2r/pppb1ppp/3b4/3p4/3Pn2q/2NB4/PPP2PPP/R1BQ1RK1 w kq - 4 9,54
r2qk2r/pppb1ppp/3b4/3p4/3Pn3/2NB4/PPP2PPP/R1BQ1RK1 b kq - 3 8,30
r3k2r/pppb1ppp/3b4/3p4/3P3q/2PB2P1/P1P2P1P/R1BQ1RK1 b kq - 0 10,45
r3k2r/pppb1ppp/3b4/3p4/3Pn2q/2NB2P1/PPP2P1P/R1BQ1RK1 b kq - 0 9,39
r3k2r/pppb1ppp/3b4/3p4/3P2q1/2PB2P1/P1P2P1P/R1BQR1K1 b kq - 2 11,51
r3k2r/pppb1ppp/3b4/3p4/3P3q/2nB2P1/PPP2P1P/R1BQ1RK1 w kq - 0 10,56
r2k3r/pppb1ppp/3b4/3p4/3P2q1/2PB2P1/P1P2P1P/R1BQR1K1 w - - 3 12,68
r3k2r/pppb1ppp/3b4/3p4/3P2q1/2PB2P1/P1P2P1P/R1BQ1RK1 w kq - 1 11,41
r2k3r/pppb1ppp/3b4/3p4/3P2q1/2P3P1/P1P1BP1P/R1BQR1K1 b - - 4 12,51
r2k3r/pppb1ppp/3b4/3p1q2/3P4/2P3P1/P1P1BP1P/1RBQR1K1 b - - 6 13,50
r2k3r/pppb1ppp/3b4/3p1q2/3P4/2P3P1/P1P1BP1P/R1BQR1K1 w - - 5 13,59
r2k3r/p1pb1ppp/1p1b4/3p1q2/3P4/2P3P1/P1P1BP1P/1RBQR1K1 w - - 0 14,47
r2k3r/p1pb1ppp/1p1b4/3p1q2/2PP4/6P1/P1P1BP1P/1RBQR1K1 b - - 0 14,57
r2k3r/p1pb1ppp/1p1b4/5q2/2pP4/6P1/P1P1BP1P/1RBQR1K1 w - - 0 15,49
r2kr3/p1pb1ppp/1p1b4/5q2/2BP4/6P1/P1P2P1P/1RBQR1K1 w - - 1 16,41
r2k3r/p1pb1ppp/1p1b4/5q2/2BP4/6P1/P1P2P1P/1RBQR1K1 b - - 0 15,42
r2kr3/p1p2ppp/1pbb4/5q2/2BP4/4B1P1/P1P2P1P/1R1QR1K1 w - - 3 17,52
r2kr3/p1pb1ppp/1p1b4/3P1q2/2B5/4B1P1/P1P2P1P/1R1QR1K1 w - - 1 18,83
r2kr3/p1pb1ppp/1p1b4/3P1q2/8/4B1P1/P1P2P1P/1R1QRBK1 b - - 2 18,23
r2kr3/p1pb1ppp/1p1b4/5q2/2BP4/4B1P1/P1P2P1P/1R1QR1K1 b - - 2 16,37
r2kr3/p1pb1pp1/1p1b3p/3P1q2/8/4B1P1/P1P2P1P/1R1QRBK1 w - - 0 19,85
r2kr3/p1p2ppp/1pbb4/3P1q2/2B5/4B1P1/P1P2P1P/1R1QR1K1 b - - 0 17,41
r2k4/p1pbrpp1/1p1b1q1p/3P4/2P5/3BB1P1/P4PKP/1R1QR3 b - - 4 21,-5
r2k4/p1pbrpp1/1p1b3p/3P1q2/2P5/4B1P1/P4P1P/1R1QRBK1 w - - 1 20,81
r3k3/p1pbrpp1/1p1b1q1p/3P4/2P5/3BB1P1/P4PKP/1R1QR3 w - - 5 22,0
r2kr3/p1pb1pp1/1p1b3p/3P1q2/2P5/4B1P1/P4P1P/1R1QRBK1 b - - 0 19,82
r3k3/p1pbrpp1/1p1b1q1p/3P4/2P5/4B1P1/P1B2PKP/1R1QR3 b - - 6 22,-21
r3k3/p1pbrpp1/1p1b3p/3P4/2P5/1Bq1B1P1/P4PKP/1R1QR3 b - - 8 23,-22
r4k2/p1pbrpp1/1p1b3p/3P4/2P5/1Bq1B1P1/P4PKP/1R1QR3 w - - 9 24,-26
r3k3/p1pbrpp1/1p1b3p/3P4/2P5/2q1B1P1/P1B2PKP/1R1QR3 w - - 7 23,-20
r2k4/p1pbrpp1/1p1b3p/3P1q2/2P5/3BB1P1/P4P1P/1R1QR1K1 b - - 2 20,52
r4k2/p1pbrpp1/1p1b3p/3P4/2P5/1Bq1B1P1/P4PKP/2RQR3 b - - 10 24,-24
r4k2/p1pbrpp1/1p1b1q1p/3P4/2P5/1B2B1P1/P4PKP/2RQR3 w - - 11 25,-6
r4k2/p1pbrpp1/1p1b1q1p/3P4/2P5/4B1P1/P1B2PKP/2RQR3 b - - 12 25,-41
r2k4/p1pbrpp1/1p1b1q1p/3P4/2P5/3BB1P1/P4P1P/1R1QR1K1 w - - 3 21,41
4rk2/p1pbrpp1/1p1b1q1p/3P4/2P5/4B1P1/P1B2PKP/2RQR3 w - - 13 26,-39
4rk2/p1pbrpp1/1p1b1q1p/3P4/2P5/3QB1P1/P1B2PKP/2R1R3 b - - 14 26,-154
4rk2/p1p1rpp1/1p1b1q1p/3P4/2P3b1/3QB1P1/P1B2PKP/2R1R3 w - - 15 27,-161
4rk2/p1p1rpp1/1p1b1q1p/3P4/2P3b1/3Q2P1/P1BB1PKP/2R1R3 b - - 16 27,-650
4rk2/p1p2pp1/1p1b1q1p/3P4/2P3b1/3Q2P1/P1BBrPKP/2R1R3 w - - 17 28,-633
4rk2/p1p2pp1/1p1b1q1p/3P4/2P3b1/3Q2P1/P1BBRPKP/2R5 b - - 0 28,-643
5k2/p1p2pp1/1p1b1q1p/3P4/2P3b1/3Q2P1/P1BBrPKP/2R5 w - - 0 29,-636
rnbqk2r/ppp1ppbp/3p1np1/8/2PPP3/2N2N2/PP3PPP/R1BQKB1R b KQkq - 1 5,44
5k2/p1p2pp1/1p1b1q1p/3P4/2P3b1/3Q2P1/P1BBrPKP/5R2 b - - 1 29,-648
rnbq1rk1/ppp2pbp/3p1np1/4p3/2PPP3/2N2N2/PP2BPPP/R1BQ1RK1 b - - 1 7,50
rnbq1rk1/ppp1ppbp/3p1np1/8/2PPP3/2N2N2/PP2BPPP/R1BQK2R b KQ - 3 6,47
rnbq1rk1/ppp1ppbp/3p1np1/8/2PPP3/2N2N2/PP3PPP/R1BQKB1R w KQ - 2 6,51
r1bq1rk1/ppp2pbp/2np1np1/4p3/2PPP3/2N2N2/PP2BPPP/R1BQ1RK1 w - - 2 8,63
r1bq1rk1/ppp1npbp/3p1np1/3Pp3/2P1P3/2N2N2/PP2BPPP/R1BQ1RK1 w - - 1 9,61
r1bq1rk1/ppp2pbp/2np1np1/3Pp3/2P1P3/2N2N2/PP2BPPP/R1BQ1RK1 b - - 0 8,50
rnbq1rk1/ppp2pbp/3p1np1/4p3/2PPP3/2N2N2/PP2BPPP/R1BQK2R w KQ - 0 7,38
r1bq1rk1/ppp1npbp/3p2p1/3Pp2n/1PP1P3/2N2N2/P3BPPP/R1BQ1RK1 w - - 1 10,78
r1bq1rk1/ppp1npbp/3p1np1/3Pp3/1PP1P3/2N2N2/P3BPPP/R1BQ1RK1 b - - 0 9,59
r1bq1rk1/ppp1npbp/3p2p1/3Pp2n/1PP1P3/2N2N2/P3BPPP/R1BQR1K1 b - - 2 10,63
r1bq1rk1/ppp1npb1/3p2pp/3Pp3/1PP1Pn2/2N5/P2NBPPP/R1BQR1K1 w - - 2 12,90
r1bq1rk1/ppp1npb1/3p2pp/3Pp2n/1PP1P3/2N5/P2NBPPP/R1BQR1K1 b - - 1 11,94
r1bq1rk1/ppp1npb1/3p2pp/3Pp2n/1PP1P3/2N2N2/P3BPPP/R1BQR1K1 w - - 0 11,86
r1bq1rk1/ppp1npb1/3p2pp/3Pp3/1PP1Pn2/2N5/P2N1PPP/R1BQRBK1 b - - 3 12,99
2bq1rk1/1pp1npb1/3p2pp/r2Pp3/2P1Pn2/2N5/P2N1PPP/R1BQRBK1 w - - 0 14,105
r1bq1rk1/1pp1npb1/3p2pp/P2Pp3/2P1Pn2/2N5/P2N1PPP/R1BQRBK1 b - - 0 13,101
2bq1rk1/1pp1npb1/3p2pp/r2Pp3/2P1Pn2/1NN5/P4PPP/R1BQRBK1 b - - 1 14,73
r1bq1rk1/1pp1npb1/3p2pp/p2Pp3/1PP1Pn2/2N5/P2N1PPP/R1BQRBK1 w - - 0 13,109
r1bq1rk1/1pp1n1b1/3P2pp/3Ppp2/4Pn2/1NN5/P4PPP/R1BQRBK1 b - - 0 16,109
r1bq1rk1/1pp1npb1/3p2pp/3Pp3/2P1Pn2/1NN5/P4PPP/R1BQRBK1 w - - 2 15,86
r1bq1rk1/1pp1npb1/3p2pp/2PPp3/4Pn2/1NN5/P4PPP/R1BQRBK1 b - - 0 15,62
r1bq1rk1/1pp1n1b1/3p2pp/2PPpp2/4Pn2/1NN5/P4PPP/R1BQRBK1 w - - 0 16,119
r1bq1rk1/1p2n1b1/3p2pp/3Ppp2/4Pn2/1NN5/P4PPP/R1BQRBK1 w - - 0 17,112
5k2/p1p2pp1/1p1b1q1p/3P4/2P3b1/3Q2P1/P1Br1PKP/5R2 w - - 0 30,-659
r1bq1rk1/1p2n1b1/3p2pp/3Ppp2/4Pn2/2N5/P2N1PPP/R1BQRBK1 b - - 1 17,122
r1bq1rk1/1p2n1b1/3p3p/3Ppp2/4Pnp1/2N5/P2N1PPP/1RBQRBK1 w - - 0 19,188
r1bq1rk1/1p2n1b1/3p3p/3Pppp1/4Pn2/2N5/P2N1PPP/R1BQRBK1 w - - 0 18,200
r1bq1rk1/1p2n1b1/3p3p/3Ppp2/4Pnp1/1QN5/P2N1PPP/1RB1RBK1 b - - 1 19,139
r1bq1rk1/1p2n1b1/3p3p/3Pppp1/4Pn2/2N5/P2N1PPP/1RBQRBK1 b - - 1 18,184
r1bq1rk1/1p2n1b1/3p3p/3Pp3/4pnp1/1QN5/P2N1PPP/1RB1RBK1 w - - 0 20,129
r1bq1rk1/1p2n1b1/3p3p/3Pp3/4Nnp1/1QN5/P4PPP/1RB1RBK1 b - - 0 20,145
r1bq1r1k/1p2n1b1/3p3p/3Pp3/4Nnp1/1QN5/P4PPP/1RB1RBK1 w - - 1 21,206
r1b2r1k/1p2q1b1/1B1p3p/3Ppn2/4Nnp1/1QN5/P4PPP/1R2RBK1 w - - 5 23,130
r1bq1r1k/1p2n1b1/3p3p/3Pp3/4Nnp1/1QN1B3/P4PPP/1R2RBK1 b - - 2 21,114
r1bq1r1k/1p4b1/1B1p3p/3Ppn2/4Nnp1/1QN5/P4PPP/1R2RBK1 b - - 4 22,132
r1bq1r1k/1p4b1/3p3p/3Ppn2/4Nnp1/1QN1B3/P4PPP/1R2RBK1 w - - 3 22,112
r1b4k/1p2qrb1/1B1p3p/3Ppn2/PQ2Nnp1/2N5/5PPP/1R2RBK1 b - - 0 24,142
r1b2r1k/1p2q1b1/1B1p3p/3Ppn2/1Q2Nnp1/2N5/P4PPP/1R2RBK1 b - - 6 23,70
r1b4k/1p2qrb1/1B1p3p/3Ppn2/1Q2Nnp1/2N5/P4PPP/1R2RBK1 w - - 7 24,156
r1b2b1k/1p2qr2/3p3p/3Ppn2/PQ2Nnp1/2N1B3/5PPP/1R2RBK1 b - - 2 25,152
r1b2b1k/1p2qr2/1B1p3p/3Ppn2/PQ2Nnp1/2N5/5PPP/1R2RBK1 w - - 1 25,169
r1b2b1k/1p2qr2/3p1n1p/3Ppn2/PQ2N1p1/2N1B3/5PPP/2R1RBK1 w - - 5 27,151
r1b2b1k/1p2qr2/3p3p/3Ppn1n/PQ2N1p1/2N1B3/5PPP/1R2RBK1 w - - 3 26,168
r1b2b1k/1p2qr2/3p3p/3Ppn1n/PQ2N1p1/2N1B3/5PPP/2R1RBK1 b - - 4 26,81
r1b2b1k/1p2qr2/1B1p1N2/3Ppn1p/PQ4p1/2N5/5PPP/2R1RBK1 b - - 0 28,155
r1b2b1k/1p2qr2/1B1p1n2/3Ppn1p/PQ2N1p1/2N5/5PPP/2R1RBK1 w - - 0 28,166
r1b2b1k/1p2qr2/1B1p1n1p/3Ppn2/PQ2N1p1/2N5/5PPP/2R1RBK1 b - - 6 27,157
r1b2b1k/1p3r2/1B1p1q2/3Ppn1p/PQ2N1p1/8/5PPP/2R1RBK1 b - - 1 29,141
r1b2b1k/1p3r2/1B1p1q2/3Ppn1p/PQ4p1/2N5/5PPP/2R1RBK1 w - - 0 29,141
r1b2b1k/1p3r2/1B1p2q1/P2Ppn1p/1Q2N1p1/8/5PPP/2R1RBK1 b - - 0 30,109
r1b2b1k/1p3rn1/1B1p2q1/PB1Pp2p/1Q2N1p1/8/5PPP/2R1R1K1 b - - 2 31,138
r1b2b1k/1p3rn1/1B1p2q1/P2Pp2p/1Q2N1p1/8/5PPP/2R1RBK1 w - - 1 31,177
r1b2b1k/1p3r2/1B1p2q1/3Ppn1p/PQ2N1p1/8/5PPP/2R1RBK1 w - - 2 30,145
r4b1k/1p3rn1/1B1p2q1/PB1Ppb1p/1Q2N1p1/8/5PPP/2R1R1K1 w - - 3 32,138
r4b1k/1p3rn1/1B1p2q1/PB1Ppb1p/1Q4p1/6N1/5PPP/2R1R1K1 b - - 4 32,145
r1b2b1k/1p3rn1/1B1p2q1/PB1Pp2p/1Q4p1/6N1/5PPP/2R1R1K1 w - - 5 33,224
r1b2b1k/1p3r2/1B1p2q1/P2PpN2/1Q4pp/2RB4/5PPP/4R1K1 b - - 0 35,139
r1b2b1k/1p3rn1/1B1p2q1/PB1Pp3/1Q4pp/2R3N1/5PPP/4R1K1 w - - 0 34,325
r1b2b1k/1p3rn1/1B1p2q1/PB1Pp2p/1Q4p1/2R3N1/5PPP/4R1K1 b - - 6 33,231
r4b1k/1p3r2/1B1p2q1/P2Ppb2/1Q4pp/2RB4/5PPP/4R1K1 w - - 0 36,143
r4b1k/1p3r2/1B1p4/P2Ppq2/1QR3pp/8/5PPP/4R1K1 b - - 1 37,172
r4b1k/1p3r2/1B1p2q1/P2PpB2/1Q4pp/2R5/5PPP/4R1K1 b - - 0 36,166
r4b1k/1p3r2/1B1p4/P2Ppq2/1Q4pp/2R5/5PPP/4R1K1 w - - 0 37,152
r4b1k/1p4r1/1B1p4/P2Ppq2/1QR3pp/8/5PPP/4R1K1 w - - 2 38,156
r1b2b1k/1p3rn1/1B1p2q1/P2Pp3/1Q4pp/2RB2N1/5PPP/4R1K1 b - - 1 34,267
r4b1k/1p4r1/1B1p4/P2Pp2q/2R3pp/8/5PPP/1Q2R1K1 w - - 4 39,156
r4b1k/1p4r1/1B1p4/P2Pp2q/2R3pp/8/5PPP/3QR1K1 b - - 5 39,146
r1b2b1k/1p3r2/1B1p2q1/P2Ppn2/1Q4pp/2RB2N1/5PPP/4R1K1 w - - 2 35,437
r4b1k/1p4r1/1B1p4/P2Ppq2/2R3pp/8/5PPP/1Q2R1K1 b - - 3 38,128
r4b1k/1p4r1/1B1p4/P2Pp2q/2R3p1/7p/5PPP/3QR1K1 w - - 0 40,138
r4b1k/1p4r1/1B1p4/P2Pp2q/2R1R1p1/7p/5PPP/3Q2K1 b - - 1 40,73
r4b1k/1p4r1/1B1p4/P2Pp2q/2R3R1/8/5PpP/3Q2K1 b - - 0 41,67
r4b1k/1p4r1/1B1p4/P2Pp2q/2R1R1p1/8/5PpP/3Q2K1 w - - 0 41,59
r4b1k/1p5r/1B1p4/P2Pp2q/2R3R1/8/5PpP/3Q2K1 w - - 1 42,63
6rk/1p2b2r/3p4/P2Pp2q/2R3RP/5P2/5Bp1/3Q2K1 b - - 2 44,98
r6k/1p2b2r/1B1p4/P2Pp2q/2R3RP/8/5Pp1/3Q2K1 w - - 1 43,47
r6k/1p2b2r/1B1p4/P2Pp2q/2R3RP/5P2/6p1/3Q2K1 b - - 0 43,30
6rk/1p2b2r/1B1p4/P2Pp2q/2R3RP/5P2/6p1/3Q2K1 w - - 1 44,86
r4b1k/1p5r/1B1p4/P2Pp2q/2R3RP/8/5Pp1/3Q2K1 b - - 0 42,34
3b2rk/1p4r1/3p4/P2Pp2q/2R3RP/5P2/4QBp1/6K1 w - - 5 46,26
3b2rk/1p3qr1/3p4/P2Pp3/2R3RP/3Q1P2/6p1/4B1K1 b - - 8 47,0
3b2rk/1p4r1/3p4/P2Pp2q/2R3RP/5P2/4Q1p1/4B1K1 b - - 6 46,1
6rk/1p2b1r1/3p4/P2Pp2q/2R3RP/5P2/5Bp1/3Q2K1 w - - 3 45,67
3b2rk/1p4r1/3p4/P2Pp2q/2R3RP/3Q1P2/6p1/4B1K1 w - - 9 48,76
3b2rk/1p3qr1/3p4/P2Pp3/2R3RP/5P2/4Q1p1/4B1K1 w - - 7 47,17
6rk/1p2b1r1/3p4/P2Pp2q/2R3RP/5P2/4QBp1/6K1 b - - 4 45,12
3b2rk/1p4r1/3p3q/P2Pp3/2R1Q1RP/5P2/6p1/4B1K1 w - - 11 49,26
3b2rk/1p4r1/3p3q/P2PpQ2/2R3RP/5P2/6p1/4B1K1 b - - 12 49,10
6rk/1p4r1/3p3q/b2PpQ2/2R3RP/5P2/6p1/4B1K1 w - - 0 50,27
3b2rk/1p4r1/3p4/P2Pp2q/2R1Q1RP/5P2/6p1/4B1K1 b - - 10 48,12
6rk/1p4R1/1b1p3q/3PpQ2/2R4P/5P2/6p1/4B1K1 w - - 1 51,22
6rk/1p4R1/3p3q/b2PpQ2/2R4P/5P2/6p1/4B1K1 b - - 0 50,15
6rk/1p4q1/1b1p4/3PpQ2/6RP/5P2/6K1/4B3 b - - 1 52,181
6rk/1p4R1/1b1p3q/3PpQ2/2R4P/5P2/6K1/4B3 b - - 0 51,11
6rk/1p4q1/1b1p4/3PpQ2/2R4P/5P2/6K1/4B3 w - - 0 52,232
6rk/1p2q3/1b1p4/3PpQ2/6RP/5P2/6K1/4B3 w - - 2 53,513
6k1/1p5q/1b1p4/3Pp2Q/7P/5P2/6K1/4B3 w - - 0 55,517
6rk/1p5q/1b1p4/3Pp2Q/6RP/5P2/6K1/4B3 w - - 4 54,520
6rk/1p2q3/1b1p4/3Pp2Q/6RP/5P2/6K1/4B3 b - - 3 53,524
4Q1k1/1p5q/1b1p4/3Pp3/7P/5P2/6K1/4B3 b - - 1 55,512
8/1p2Q1kq/1b1p4/3Pp3/7P/5P2/6K1/4B3 b - - 3 56,520
7k/1p4q1/1b1Q4/3Pp3/7P/5P2/6K1/4B3 w - - 1 58,573
7k/1p2Q2q/1b1p4/3Pp3/7P/5P2/6K1/4B3 w - - 4 57,524
4Q3/1p4kq/1b1p4/3Pp3/7P/5P2/6K1/4B3 w - - 2 56,535
7k/1p4q1/1b1Q4/3Pp3/7P/5PB1/6K1/8 b - - 2 58,569
6Rk/1p5q/1b1p4/3Pp2Q/7P/5P2/6K1/4B3 b - - 0 54,529
7k/1p5q/1b1Q4/3Pp3/7P/5P2/6K1/4B3 b - - 0 57,526
7k/1pb3q1/4Q3/3Pp3/7P/5PB1/6K1/8 b - - 4 59,712
8/1pb3qk/4Q3/3Pp3/7P/5PB1/6K1/8 w - - 5 60,637
7k/1pb3q1/3Q4/3Pp3/7P/5PB1/6K1/8 w - - 3 59,668
3b4/1p4qk/3P4/4pQ2/7P/5PB1/6K1/8 b - - 2 61,647
8/1pb3qk/3PQ3/4p3/7P/5PB1/6K1/8 b - - 0 60,657
3b4/1p4qk/3PQ3/4p3/7P/5PB1/6K1/8 w - - 1 61,621
3b4/1p4q1/3P3k/4pQ2/7P/5PB1/6K1/8 w - - 3 62,956
8/1p6/3P1b1k/4p3/7P/5PBK/8/8 w - - 0 64,1045
3b4/1p4q1/3P3k/4pQ2/7P/5PBK/8/8 b - - 4 62,904
8/1p6/3P1b1k/4p3/6KP/5PB1/8/8 b - - 1 64,1113
8/8/3P1b1k/1p2p3/6KP/5PB1/8/8 w - - 0 65,4775
3b4/1p6/3P1Q1k/4p3/7P/5PBK/8/8 b - - 0 63,1333
3b4/1p6/3P1q1k/4pQ2/7P/5PBK/8/8 w - - 5 63,1255
3b4/8/3P2k1/1p1K4/7P/5PB1/8/8 b - - 2 67,1139
3b4/8/3P3k/1p2pK2/7P/5PB1/8/8 w - - 2 66,3918
3b4/8/3P2k1/3K4/1p5P/5PB1/8/8 w - - 0 68,1033
3b4/8/3P2k1/1p2K3/7P/5PB1/8/8 w - - 1 67,1256
3b4/8/3P3k/1p2K3/7P/5PB1/8/8 b - - 0 66,1844
8/8/3P2k1/b7/1pK4P/5PB1/8/8 w - - 2 69,835
8/8/3Pk3/b7/Kp5P/5PB1/8/8 w - - 6 71,M24
8/8/3P1b1k/1p2pK2/7P/5PB1/8/8 b - - 1 65,1276
8/8/3P4/b4k2/1p5P/1K3PB1/8/8 w - - 4 70,1265
r1bqkbnr/pp1npppp/2p5/6N1/3P4/8/PPP2PPP/R1BQKBNR b KQkq - 2 5,54
3b4/8/3P2k1/8/1pK4P/5PB1/8/8 b - - 1 68,1286
r1bqkb1r/pp1npppp/2p2n2/6N1/3P4/3B4/PPP2PPP/R1BQK1NR b KQkq - 4 6,72
r1bqkb1r/pp1npppp/2p2n2/6N1/3P4/8/PPP2PPP/R1BQKBNR w KQkq - 3 6,59
r1bqkb1r/pp1n1ppp/2p1pn2/6N1/3P4/3B4/PPP2PPP/R1BQK1NR w KQkq - 0 7,65
r1bqkb1r/pp1n1ppp/2p1pn2/6N1/3P4/3B1N2/PPP2PPP/R1BQK2R b KQkq - 1 7,60
r1bqk2r/pp1n1ppp/2pbpn2/6N1/3P4/3B1N2/PPP2PPP/R1BQK2R w KQkq - 2 8,62
r1bqk2r/pp1n1ppp/2pbpn2/6N1/3P4/3B1N2/PPP1QPPP/R1B1K2R b KQkq - 3 8,65
r1bqk2r/pp1n1pp1/2pbpn1p/6N1/3P4/3B1N2/PPP1QPPP/R1B1K2R w KQkq - 0 9,58
r1bqk2r/pp1n1pp1/2pbpn1p/8/3PN3/3B1N2/PPP1QPPP/R1B1K2R b KQkq - 1 9,62
8/8/3Pk3/b6P/Kp6/5PB1/8/8 b - - 0 71,1763
8/8/3P4/b4k2/Kp5P/5PB1/8/8 b - - 5 70,1404
8/8/3P2k1/b7/1p5P/1K3PB1/8/8 b - - 3 69,1320
r1bqk2r/pp1n1pp1/2pbp2p/8/3Pn3/3B1N2/PPP1QPPP/R1B1K2R w KQkq - 0 10,60
r1bqk2r/pp1n1pp1/2pbp2p/8/3PQ3/3B1N2/PPP2PPP/R1B1K2R b KQkq - 0 10,61
r1bqk2r/pp3pp1/2pbpn1p/8/3PQ3/3B1N2/PPP2PPP/R1B1K2R w KQkq - 1 11,77
r1b1k2r/ppq2pp1/2pbpn1p/8/3P4/3B1N2/PPP1QPPP/R1B1K2R w KQkq - 3 12,84
r1bqk2r/pp3pp1/2pbpn1p/8/3P4/3B1N2/PPP1QPPP/R1B1K2R b KQkq - 2 11,82
r1b1k2r/p1q2pp1/1ppbpn1p/8/3P4/3B1N2/PPPBQPPP/R3K2R w KQkq - 0 13,74
r1b1k2r/ppq2pp1/2pbpn1p/8/3P4/3B1N2/PPPBQPPP/R3K2R b KQkq - 4 12,80
r3k2r/pbq2pp1/1ppbpn1p/4N3/3P4/3B4/PPPBQPPP/2KR3R b kq - 3 14,72
r3k2r/pbq2pp1/1p1bpn1p/1Bp1N3/3P4/8/PPPBQPPP/2KR3R b kq - 1 15,72
r1b1k2r/p1q2pp1/1ppbpn1p/8/3P4/3B1N2/PPPBQPPP/2KR3R b kq - 1 13,75
r3k2r/pbq2pp1/1ppbpn1p/8/3P4/3B1N2/PPPBQPPP/2KR3R w kq - 2 14,70
r3k2r/pbq2pp1/1p1bpn1p/2p1N3/3P4/3B4/PPPBQPPP/2KR3R w kq - 0 15,75
r6r/pbq1kpp1/1p1bpn1p/1Bp1N3/3P4/8/PPPBQPPP/2KR3R w - - 2 16,76
r6r/pbq1kpp1/1p1bpn1p/1BP1N3/8/8/PPPBQPPP/2KR3R b - - 0 16,90
r6r/pb2kpp1/1p1bpn1p/1Bq1N3/8/8/PPPBQPPP/2KR3R w - - 0 17,69
r6r/pbq1kpp1/1p1bp2p/1B1nN3/5B2/P7/1PP1QPPP/2KR3R w - - 3 19,70
r6r/pb2kpp1/1p1bpn1p/1Bq1N3/8/P7/1PPBQPPP/2KR3R b - - 0 17,70
r6r/pbq1kpp1/1p1bp2p/1B1nN3/8/P5B1/1PP1QPPP/2KR3R b - - 4 19,71
r6r/pbq1kpp1/1p1bpn1p/1B2N3/5B2/P7/1PP1QPPP/2KR3R b - - 2 18,35
r2r4/pbq1kpp1/1p1bp2p/1B1nN3/8/P5B1/1PP1QPPP/2KR3R w - - 5 20,61
r6r/pbq1kpp1/1p1bpn1p/1B2N3/8/P7/1PPBQPPP/2KR3R w - - 1 18,76
r2r1k2/1bq2pp1/pp1bp2p/1B1nN3/2R5/P5B1/1PP1QPPP/1K5R b - - 1 22,27
r2r4/pbq1kpp1/1p1bp2p/1B1nN3/3R4/P5B1/1PP1QPPP/2K4R b - - 6 20,66
r2r1k2/pbq2pp1/1p1bp2p/1B1nN3/3R4/P5B1/1PP1QPPP/1K5R b - - 8 21,65
r2r1k2/1b2qpp1/pp1bp2p/1B1nN3/2R5/P5B1/1PP1QPPP/1K5R w - - 2 23,29
r2r1k2/1b2qpp1/ppNbp2p/1B1n4/2R5/P5B1/1PP1QPPP/1K5R b - - 3 23,18
3r1k2/r3qpp1/ppBbp2p/3n4/2R5/P5B1/1PP1QPPP/1K5R w - - 1 25,51
r2r1k2/4qpp1/ppbbp2p/1B1n4/2R5/P5B1/1PP1QPPP/1K5R w - - 0 24,29
r2r1k2/4qpp1/ppBbp2p/3n4/2R5/P5B1/1PP1QPPP/1K5R b - - 0 24,25
3r1k2/r3qpp1/pp1bp2p/3B4/2R5/P5B1/1PP1QPPP/1K5R b - - 0 25,60
r2r1k2/pbq2pp1/1p1bp2p/1B1nN3/3R4/P5B1/1PP1QPPP/2K4R w - - 7 21,70
3r1k2/r3qpp1/pp1b3p/3p4/2R5/P5B1/1PP1QPPP/1K5R w - - 0 26,65
r2r1k2/1bq2pp1/pp1bp2p/1B1nN3/3R4/P5B1/1PP1QPPP/1K5R w - - 0 22,65
3r1k2/r4pp1/pp1q3p/3p4/2R5/P7/1PP1QPPP/1K5R w - - 0 27,64
3r1k2/r3qpp1/pp1B3p/3p4/2R5/P7/1PP1QPPP/1K5R b - - 0 26,71
3r1k2/r4pp1/pp1q3p/3p4/3R4/P7/1PP1QPPP/1K5R b - - 1 27,64
3r1k2/r4pp1/p2q3p/1p1p4/3R4/P2Q4/1PP2PPP/1K5R b - - 1 28,64
3r2k1/r4pp1/p3q2p/1p1p4/3R4/P2Q2P1/1PP2P1P/1K5R w - - 1 30,96
3r2k1/r4pp1/p2q3p/1p1p4/3R4/P2Q4/1PP2PPP/1K5R w - - 2 29,87
3r1k2/r4pp1/p2q3p/1p1p4/3R4/P7/1PP1QPPP/1K5R w - - 0 28,63
3r2k1/r4pp1/p2q3p/1p1p4/3R4/P2Q2P1/1PP2P1P/1K5R b - - 0 29,95
3r2k1/r4pp1/p3q2p/1p1p4/3R4/P2Q2P1/1PP2P1P/1K1R4 b - - 2 30,92
3r2k1/3r1pp1/p3q2p/1p1p4/3R4/P2Q2P1/1PP2P1P/1K1R4 w - - 3 31,101
3r2k1/5pp1/p2r3p/1p1p4/3R3P/P2Q2P1/1PPR1P2/1K2q3 w - - 3 33,96
3r2k1/5pp1/p2rq2p/1p1p4/3R3P/P2Q2P1/1PP2P2/1K1R4 w - - 1 32,86
3r2k1/5pp1/p2r3p/1p1p4/3R3P/P2Q2P1/KPPR1P2/4q3 b - - 4 33,92
3r2k1/5pp1/p2rq2p/1p1p4/3R3P/P2Q2P1/1PPR1P2/1K6 b - - 2 32,82
3r2k1/3r1pp1/p3q2p/1p1p4/3R3P/P2Q2P1/1PP2P2/1K1R4 b - - 0 31,86
2qr2k1/5pp1/p2r3p/1p1p4/3R3P/P4QP1/KPP1RP2/8 w - - 9 36,88
3r2k1/4qpp1/p2r3p/1p1p4/3R3P/P4QP1/KPPR1P2/8 b - - 6 34,90
3r2k1/4qpp1/p2r3p/1p1p4/3R3P/P2Q2P1/KPPR1P2/8 w - - 5 34,92
3r2k1/5pp1/p2rq2p/1p1p4/3R3P/P4QP1/KPP1RP2/8 b - - 8 35,92
3r2k1/5pp1/p2rq2p/1p1p4/3R3P/P4QP1/KPPR1P2/8 w - - 7 35,93
2qr2k1/5pp1/p2r3p/1p1p4/3R3P/P2Q2P1/KPP1RP2/8 b - - 10 36,86
2qr2k1/5pp1/p3r2p/1p1p4/3R3P/P2QR1P1/1PP2P2/1K6 b - - 14 38,62
2qr2k1/5pp1/p1r4p/1p1p4/3R3P/P2Q2P1/KPP1RP2/8 w - - 11 37,93
2qr2k1/5pp1/p3r2p/1p1p4/3R3P/P2Q2P1/1PP1RP2/1K6 w - - 13 38,51
2qr2k1/5pp1/p1r4p/1p1p4/3R3P/P2Q2P1/1PP1RP2/1K6 b - - 12 37,63
3r2k1/5pp1/p1q1r2p/1p1p4/3R3P/P2QR1P1/1PP2P2/1K6 w - - 15 39,55
3r2k1/5pp1/p1q1r2p/1p1p4/3R3P/P3R1P1/1PPQ1P2/1K6 b - - 16 39,42
3r2k1/5pp1/p1q4p/1p1p4/3R3P/P3Q1P1/1PP2P2/1K6 b - - 0 40,35
3r2k1/5pp1/p1q4p/1p1p4/3R3P/P3r1P1/1PPQ1P2/1K6 w - - 0 40,29
6k1/5pp1/p2rq2p/1p1p4/3R3P/P5P1/1PPQ1P2/1K6 w - - 3 42,47
3r2k1/5pp1/p3q2p/1p1p4/3R3P/P5P1/1PPQ1P2/1K6 b - - 2 41,28
3r2k1/5pp1/p3q2p/1p1p4/3R3P/P3Q1P1/1PP2P2/1K6 w - - 1 41,31
6k1/5pp1/p2rq2p/1p1p4/3R2PP/P7/1PPQ1P2/1K6 b - - 0 42,59
6k1/5pp1/p2r1q1p/1p1p4/3R2PP/P7/1PPQ1P2/1K6 w - - 1 43,46
6k1/5pp1/p2r3p/1p1p2P1/3R3P/P4q2/1PPQ1P2/1K6 w - - 1 44,55
6k1/5pp1/p2r3p/1p1p1qP1/3R3P/P1P5/KP1Q1P2/8 b - - 0 45,25
6k1/5pp1/p2r3p/1p1p2P1/3R3P/P4q2/KPPQ1P2/8 b - - 2 44,45
6k1/5pp1/p2r1q1p/1p1p2P1/3R3P/P7/1PPQ1P2/1K6 b - - 0 43,45
6k1/5pp1/p2r3p/1p1p2P1/3R3P/P1P2q2/KP1Q1P2/8 w - - 1 46,54
6k1/5pp1/p2r3p/1p1p1qP1/3R3P/P7/KPPQ1P2/8 w - - 3 45,53
6k1/5pp1/p2rq2P/1p1p4/5R1P/P1P5/KP1Q1P2/8 w - - 1 48,35
6k1/5pp1/p2r3p/1p1p2P1/5R1P/P1P4q/KP1Q1P2/8 w - - 3 47,40
6k1/5pp1/p2r3p/1p1p2P1/5R1P/P1P2q2/KP1Q1P2/8 b - - 2 46,48
6k1/5pp1/p2r3P/1p1p4/5R1P/P1P4q/KP1Q1P2/8 b - - 0 47,26
6k1/5pp1/p2rq2P/1p1p4/3Q1R1P/P1P5/KP3P2/8 b - - 2 48,30
6k1/5pp1/p2r3q/1p1p1R2/3Q3P/P1P5/KP3P2/8 b - - 1 49,33
6k1/5pp1/p2r3q/1p1p4/3Q1R1P/P1P5/KP3P2/8 w - - 0 49,34
6k1/5pp1/p2rq3/1p1p1R2/3Q3P/P1P5/KP3P2/8 w - - 2 50,33
6k1/3q1pp1/p2r4/1p1pR3/3Q3P/P1P5/1P3P2/K7 b - - 5 51,0
6k1/3q2p1/p1r2p2/1p1p3P/3Q4/P1P1R3/1P3P2/K7 b - - 0 53,0
6k1/3q2p1/p4p2/1p1p3P/2rQ4/P1P1R3/1P3P2/K7 w - - 1 54,0
6k1/3q2p1/pQ3p2/1p1p3P/2r5/P1P1R3/1P3P2/K7 b - - 2 54,0
6k1/3q2p1/p2r1p2/1p1pR3/3Q3P/P1P5/1P3P2/K7 w - - 0 52,0
6k1/5pp1/p2rq3/1p1pR3/3Q3P/P1P5/KP3P2/8 b - - 3 50,30
6k1/3q2p1/p2r1p2/1p1p4/3Q3P/P1P1R3/1P3P2/K7 b - - 1 52,0
6k1/3q2p1/pQ3p2/1p5P/2rp4/P1PR4/1P3P2/K7 b - - 1 55,0
6k1/6p1/pQ3p2/1p3q1P/3r4/P1P5/1P3P2/K7 w - - 0 57,0
6k1/6p1/pQ3p2/1p3q1P/3P4/P7/1P3P2/K7 b - - 0 57,0
6k1/6p1/pQ3p2/1p3q1P/2rR4/P1P5/1P3P2/K7 b - - 0 56,0
6k1/6p1/pQ3p2/1p5P/3P4/P7/1P3q2/K7 w - - 0 58,0
5k2/6p1/p3Qp2/1p5P/3P4/P7/1P3q2/K7 w - - 2 59,0
5k2/6p1/p2Q1p2/1p5P/3P4/P7/1P3q2/K7 b - - 3 59,0
6k1/6p1/p3Qp2/1p5P/3P4/P7/1P3q2/K7 b - - 1 58,0
8/5kp1/p2Q1p2/1p5P/3P4/P7/1P3q2/K7 w - - 4 60,0
5k2/3Q2p1/p4p2/1p5P/3P4/P7/1P3q2/K7 w - - 6 61,0
8/3Q1kp1/p4p2/1p5P/3P4/P7/1P3q2/K7 b - - 5 60,0
6k1/6p1/pQ3p2/1p3q1P/2rp4/P1PR4/1P3P2/K7 w - - 2 56,0
6k1/3q2p1/pQ3p2/1p5P/2rp4/P1P1R3/1P3P2/K7 w - - 0 55,0
6k1/3q1pp1/p2r4/1p1pR3/3Q3P/P1P5/KP3P2/8 w - - 4 51,29
6k1/3q2p1/p1r2p2/1p1p4/3Q3P/P1P1R3/1P3P2/K7 w - - 2 53,9
rnbq1rk1/2pnppbp/p5p1/1p2P3/3P4/1QN1BN2/PP3PPP/R3KB1R b KQ - 3 10,-2
rnbq1rk1/3nppbp/p3P1p1/1pp5/3P4/1QN1BN2/PP3PPP/R3KB1R b KQ - 0 11,-19
rnbq2k1/3nprbp/p5p1/1p6/2pP4/1QN1BN2/PP3PPP/R3KB1R w KQ - 0 13,26
rnbq1rk1/3nppbp/p3P1p1/1p6/2pP4/1QN1BN2/PP3PPP/R3KB1R w KQ - 0 12,23
rnbq1rk1/3nppbp/p5p1/1pp1P3/3P4/1QN1BN2/PP3PPP/R3KB1R w KQ - 0 11,-33
rnbq1rk1/4p1bp/pn4p1/1p2N3/2pP4/2N1B3/PP3PPP/R2QKB1R w KQ - 4 15,16
rnbq1rk1/3npPbp/p5p1/1p6/2pP4/1QN1BN2/PP3PPP/R3KB1R b KQ - 0 12,26
rnbq2k1/4prbp/pn4p1/1p2N3/2pP4/2N1B3/PP3PPP/R2QKB1R b KQ - 3 14,25
rnbq1rk1/4p1bp/pn4p1/1p2N3/P1pP4/2N1B3/1P3PPP/R2QKB1R b KQ - 0 15,22
rnbq2k1/3nprbp/p5p1/1p6/2pP4/2N1BN2/PP3PPP/R2QKB1R b KQ - 1 13,23
rnbq2k1/4prbp/pn4p1/1p6/2pP4/2N1BN2/PP3PPP/R2QKB1R w KQ - 2 14,25
rnbq1rk1/4p1bp/pn4p1/4N3/PppP4/2N1B3/1P3PPP/R2QKB1R w KQ - 0 16,38
rnbq1rk1/4p1bp/pP4p1/4N3/2pP4/2p1B3/1P3PPP/R2QKB1R b KQ - 0 17,29
rnbq1rk1/4p1bp/pn4p1/P3N3/1ppP4/2N1B3/1P3PPP/R2QKB1R b KQ - 0 16,30
rnbq1rk1/4p1bp/pn4p1/P3N3/2pP4/2p1B3/1P3PPP/R2QKB1R w KQ - 0 17,37
rnbq1rk1/4p1bp/pP4p1/4N3/2pP4/4B3/1p3PPP/R2QKB1R w KQ - 0 18,30
rnbq1rk1/4p1bp/pP4p1/4N3/2BP4/4B3/1p3PPP/R2QK2R b KQ - 0 18,31
rnbq1r1k/4p1bp/pP4p1/4N3/2BP4/4B3/1p3PPP/R2QK2R w KQ - 1 19,21
rnb2r1k/4p1bp/pq4p1/4N3/2BP4/4B3/1p3PPP/1R1QK2R w K - 0 20,26
r1b2r1k/4p1bp/pq4p1/4n3/2BP4/4B3/1R1Q1PPP/4K2R w K - 0 22,113
r1b2r1k/4p1bp/pR4p1/8/2nP4/4B3/3Q1PPP/4K2R w K - 0 23,113
rnb2r1k/4p1bp/pq4p1/4N3/2BP4/4B3/1p1Q1PPP/1R2K2R b K - 1 20,29
r1b2r1k/4p1bp/pR4p1/4n3/2BP4/4B3/3Q1PPP/4K2R b K - 0 22,130
rnbq1r1k/4p1bp/pP4p1/4N3/2BP4/4B3/1p3PPP/1R1QK2R b K - 2 19,17
r1b2r1k/4p1bp/pn4p1/8/1Q1P4/4B3/5PPP/4K2R w K - 0 24,143
r1b2r1k/3np1bp/pq4p1/4N3/2BP4/4B3/1p1Q1PPP/1R2K2R w K - 2 21,111
r1b2r1k/4p1bp/pQ4p1/8/3P4/4B3/5PPP/4K2R b K - 0 24,144
r1b2r1k/4p1bp/1Q4p1/p7/3P4/4B3/5PPP/4K2R w K - 0 25,134
r1b2r1k/4p1bp/pR4p1/8/1QnP4/4B3/5PPP/4K2R b K - 1 23,147
r1b2r1k/4p1bp/1Q4p1/p7/3P4/4B3/5PPP/5RK1 b - - 1 25,134
r1b2r1k/4p1bp/1Q4p1/8/p2P4/4B3/5PPP/R5K1 b - - 1 26,144
r1b2r1k/3np1bp/pq4p1/4N3/2BP4/4B3/1R1Q1PPP/4K2R b K - 0 21,114
r4r1k/4p1bp/1Q4p1/5b2/p2P4/4B3/5PPP/R5K1 w - - 2 27,144
r1b2r1k/4p1bp/1Q4p1/8/p2P4/4B3/5PPP/5RK1 w - - 0 26,132
r4r1k/6bp/1Q2p1p1/5b2/p2P1B1P/8/5PP1/R5K1 b - - 1 28,127
r4r1k/6bp/1Q2p1p1/5b2/p2P3P/4B3/5PP1/R5K1 w - - 0 28,155
r4r1k/6bp/1Q2p1p1/8/p2PbB1P/8/5PP1/R5K1 w - - 2 29,111
r1r4k/6bp/1Q1Bp1p1/8/p2Pb2P/8/5PP1/R5K1 w - - 4 30,146
r4r1k/6bp/1Q1Bp1p1/8/p2Pb2P/8/5PP1/R5K1 b - - 3 29,119
r4r1k/4p1bp/1Q4p1/5b2/p2P3P/4B3/5PP1/R5K1 b - - 0 27,156
r1r3k1/6bp/2bBp1p1/8/pQ1P3P/8/5PP1/R5K1 w - - 8 32,167
r1r4k/6bp/2bBp1p1/8/pQ1P3P/8/5PP1/R5K1 b - - 7 31,140
r1r3k1/6bp/2bBp1p1/8/pQ1P3P/R7/5PP1/6K1 b - - 9 32,171
r1r4k/6bp/2bBp1p1/1Q6/p2P3P/8/5PP1/R5K1 w - - 6 31,141
r1r4k/6bp/3Bp1p1/1Q6/p2Pb2P/8/5PP1/R5K1 b - - 5 30,123
r6k/6bp/r1bBQ1p1/8/p2P3P/R7/5PP1/6K1 w - - 1 35,587
2r3k1/6bp/r1bBp1p1/8/pQ1P3P/R7/5PP1/6K1 w - - 10 33,572
2r3k1/6bp/r1bBp1p1/8/p1QP3P/R7/5PP1/6K1 b - - 11 33,553
r5k1/6bp/r1bBp1p1/8/p1QP3P/R7/5PP1/6K1 w - - 12 34,609
r5k1/6bp/r1bBQ1p1/8/p2P3P/R7/5PP1/6K1 b - - 0 34,628
r5k1/7p/r1b3p1/4Q3/p2P3P/R7/5PP1/6K1 w - - 1 37,720
r6k/6bp/r1b1Q1p1/4B3/p2P3P/R7/5PP1/6K1 b - - 2 35,595
r6k/7p/r1b3p1/4Q3/p2P3P/R7/5PP1/6K1 b - - 0 36,763
r6k/7p/r1b1Q1p1/4b3/p2P3P/R7/5PP1/6K1 w - - 0 36,747
r3b1k1/1r5p/6pP/3PQ3/p7/R7/5PP1/6K1 w - - 1 40,M7
r5k1/7p/r1b3p1/4Q2P/p2P4/R7/5PP1/6K1 b - - 0 37,752
3rb1k1/1r5p/3P2pP/4Q3/p7/R7/5PP1/6K1 w - - 1 41,M5
3rb1k1/1r5p/3P2pP/4Q3/p7/5R2/5PP1/6K1 b - - 2 41,M4
rn1qkb1r/pbp2ppp/1p2p3/3n4/3P4/P1N2N2/1P1BPPPP/R2QKB1R b KQkq - 1 7,35
r2qkb1r/pbpn1ppp/1p2p3/3n4/3P4/P1N2N2/1P1BPPPP/R2QKB1R w KQkq - 2 8,32
r3b1k1/r6p/6pP/3PQ3/p7/R7/5PP1/6K1 b - - 0 39,7554
r2qkb1r/pbpn1ppp/1p2p3/3n4/3P4/P1N2N2/1PQBPPPP/R3KB1R b KQkq - 3 8,23
r3b1k1/1r5p/3P2pP/4Q3/p7/R7/5PP1/6K1 b - - 0 40,1271
r2qkb1r/pb1n1ppp/1p2p3/2pn4/3P4/P1N2N2/1PQBPPPP/R3KB1R w KQkq - 0 9,33
r2qkb1r/pb1n1ppp/1p2p3/2pN4/3P4/P4N2/1PQBPPPP/R3KB1R b KQkq - 0 9,18
r3b1k1/7p/r5pP/4Q3/p2P4/R7/5PP1/6K1 b - - 0 38,2989
r2qkb1r/pb1n1ppp/1p6/2pp4/3P4/P4N2/1PQBPPPP/R3KB1R w KQkq - 0 10,19
r2qkb1r/pb1n1ppp/8/2pp4/8/P4N2/1PQBPPPP/R3KB1R w KQkq - 0 11,13
r2qkb1r/pb1n1ppp/1p6/2Pp4/8/P4N2/1PQBPPPP/R3KB1R b KQkq - 0 10,26
r2qkb1r/pb1n1ppp/8/2pp4/8/P3PN2/1PQB1PPP/R3KB1R b KQkq - 0 11,23
r2qk2r/pb1nbppp/8/2pp4/8/P2BPN2/1PQB1PPP/R3K2R b KQkq - 2 12,28
r2qk2r/pb1nbppp/8/2pp4/8/P3PN2/1PQB1PPP/R3KB1R w KQkq - 1 12,27
r2qk2r/pb1nbp1p/6p1/2pp4/7P/P2BPN2/1PQB1PP1/R3K2R b KQkq - 0 13,16
r3k2r/pb1nbp1p/1q4p1/2pp4/7P/P2BPN2/1PQB1PP1/R3K2R w KQkq - 1 14,28
r3b1k1/r6p/6pP/4Q3/p2P4/R7/5PP1/6K1 w - - 1 39,2499
r2qk2r/pb1nbp1p/6p1/2pp4/8/P2BPN2/1PQB1PPP/R3K2R w KQkq - 0 13,26
r3k2r/pb1nbp1p/1q4p1/2pp3P/8/P2BPN2/1PQB1PP1/R3K2R b KQkq - 0 14,34
2r1k2r/pb1n1p1p/1q3bp1/2pp3P/Q7/P2BPN2/1P1B1PP1/1R2K2R b Kk - 4 16,0
r3k2r/pb1n1p1p/1q3bp1/2pp3P/8/P2BPN2/1PQB1PP1/R3K2R w KQkq - 1 15,26
2r1k2r/p2n1p1p/1qb2bp1/2pp3P/Q7/P2BPN2/1P1B1PP1/1R2K2R w Kk - 5 17,0
r3k2r/pb1n1p1p/1q3bp1/2pp3P/8/P2BPN2/1PQB1PP1/1R2K2R b Kkq - 2 15,19
2r1k2r/pb1n1p1p/1q3bp1/2pp3P/8/P2BPN2/1PQB1PP1/1R2K2R w Kk - 3 16,41
2r1k2r/p2n1p1p/1qb2bp1/2pp3P/6Q1/P2BPN2/1P1B1PP1/1R2K2R b Kk - 6 17,0
2r1k2r/p2n1p1p/1q3bp1/1bpp3P/6Q1/P2BPN2/1P1B1PP1/1R2K2R w Kk - 7 18,0
2r1k2r/3n1p1p/1q3bP1/pbpp4/6Q1/P3PN2/1PBB1PP1/1R2K2R b Kk - 0 19,15
2r1k2r/3n1p2/1q3bp1/pbpp4/6Q1/P3PN2/1PBB1PP1/1R2K2R w Kk - 0 20,0
2r1k2b/3n1p2/1q4p1/pbpp4/6Q1/P3PN2/1PBB1PP1/1R2K3 w - - 0 21,0
2r1k2R/3n1p2/1q3bp1/pbpp4/6Q1/P3PN2/1PBB1PP1/1R2K3 b - - 0 20,8
2r1k2r/3n1p1p/1q3bp1/pbpp3P/6Q1/P3PN2/1PBB1PP1/1R2K2R w Kk - 0 19,13
2r1k2r/p2n1p1p/1q3bp1/1bpp3P/6Q1/P3PN2/1PBB1PP1/1R2K2R b Kk - 8 18,0
r3b1k1/7p/r5p1/4Q2P/p2P4/R7/5PP1/6K1 w - - 1 38,3710
2r1k3/3n1p2/1q3bp1/pbpp2N1/6Q1/P3P3/1PBB1PP1/1R2K3 w - - 2 22,32
2r1k3/3n1p2/1qb2bp1/p1pp2N1/P5Q1/4P3/1PBB1PP1/1R2K3 w - - 1 23,21
2r1k3/3n1p2/1q3bp1/pbpp2N1/P5Q1/4P3/1PBB1PP1/1R2K3 b - - 0 22,21
2r1k3/3n1p2/1qb2bp1/p1pp2N1/P5Q1/4P3/1PBB1PP1/1R3K2 b - - 2 23,0
2r5/3nkp2/1qb2bp1/p1pp2N1/P3P1Q1/8/1PBB1PP1/1R3K2 b - - 0 24,10
2r5/3nkp2/1qb2bp1/p1pp2N1/P5Q1/4P3/1PBB1PP1/1R3K2 w - - 3 24,0
2r1k2b/3n1p2/1q4p1/pbpp2N1/6Q1/P3P3/1PBB1PP1/1R2K3 b - - 1 21,-44
2r5/4kp2/q1b2bp1/p1ppn1N1/P3P1Q1/8/1PBB1PP1/1R4K1 w - - 3 26,24
2r5/4kp2/q1b2bp1/p1ppn1N1/P3PQ2/8/1PBB1PP1/1R4K1 b - - 4 26,39
2r5/3nkp2/q1b2bp1/p1pp2N1/P3P1Q1/8/1PBB1PP1/1R4K1 b - - 2 25,24
2r5/3nkp2/q1b2bp1/p1pp2N1/P3P1Q1/8/1PBB1PP1/1R3K2 w - - 1 25,24
2r5/4kp1N/q1b2bp1/p1p1n3/P2pPQ2/8/1PBB1PP1/1R4K1 b - - 1 27,8
2r5/4kp2/q1b2bp1/p1p1n1N1/P2pPQ2/8/1PBB1PP1/1R4K1 w - - 0 27,24
2r4b/4kp1N/q1b3p1/p1p1n3/P2pPQ2/8/1PBB1PP1/1R4K1 w - - 2 28,45
2r4b/4k2N/q1b2pp1/p1p1n3/P2pP2Q/8/1PBB1PP1/1R4K1 w - - 0 29,224
2r4b/4kp1N/q1b3p1/p1p1n3/P2pP2Q/8/1PBB1PP1/1R4K1 b - - 3 28,43
2r4b/4k2N/q1b2pp1/p1p1n3/P2pPP1Q/8/1PBB2P1/1R4K1 b - - 0 29,226
2r4b/3nk2N/q1b2pp1/p1p5/P2pPP1Q/8/1PBB2P1/1R4K1 w - - 1 30,266
2r4b/3nk2N/q1b2pp1/p1p5/P2pPP1Q/8/1PBB2P1/4R1K1 b - - 2 30,284
2r4b/3n3N/2bk1pp1/p1p5/P1qpPP1Q/8/1P1B2P1/1B2R1K1 w - - 5 32,265
2r4b/3n3N/2bk2p1/p1p1P3/P1qp3Q/8/1P1B2P1/1B2R1K1 b - - 0 33,0
2r4b/3nk2N/2b2pp1/p1p5/P1qpPP1Q/8/1PBB2P1/4R1K1 w - - 3 31,341
2r4b/3nk2N/2b2pp1/p1p5/P1qpPP1Q/8/1P1B2P1/1B2R1K1 b - - 4 31,95
2r4b/3n3N/2bk2p1/p1p1p3/P1qp1P1Q/8/1P1B2P1/1B2R1K1 w - - 0 33,17
2r4b/3n3N/2bk1pp1/p1p1P3/P1qp1P1Q/8/1P1B2P1/1B2R1K1 b - - 0 32,14
2r4b/7N/2bkq1p1/p1p1n3/P2pBB1Q/8/1P4P1/4R1K1 w - - 4 36,436
2r4b/7N/2bk2p1/p1pqn3/P2p1B1Q/8/1P4P1/1B2R1K1 w - - 2 35,438
2r4b/7N/2bk2p1/p1p1n3/P1qp3Q/8/1P1B2P1/1B2R1K1 w - - 0 34,325
2r4b/7N/2bk2p1/p1p1n3/P1qp1B1Q/8/1P4P1/1B2R1K1 b - - 1 34,335
2r4b/8/2bkq1p1/p1p1n1N1/P2pBB1Q/8/1P4P1/4R1K1 b - - 5 36,441
2r4b/7N/2bk2p1/p1pqn3/P2pBB1Q/8/1P4P1/4R1K1 b - - 3 35,448
2r4b/4q3/2k3p1/p1p1n1N1/P2p1B1Q/8/1P4P1/4R1K1 w - - 0 38,436
2r4b/4q3/2Bk2p1/p1p1n1N1/P2p1B1Q/8/1P4P1/4R1K1 b - - 0 37,454
2r5/4q3/2k3p1/p1p1b1N1/P2p3Q/8/1P4P1/4R1K1 w - - 0 39,366
2r4b/4q3/2bk2p1/p1p1n1N1/P2pBB1Q/8/1P4P1/4R1K1 w - - 6 37,483
2r5/2k1q3/6Q1/p1p1b1N1/P2p4/8/1P4P1/4R1K1 w - - 1 41,518
2r5/4q3/2k3p1/p1p1b1N1/P2pQ3/8/1P4P1/4R1K1 b - - 1 39,378
2r5/2k1q3/4N1Q1/p1p1b3/P2p4/8/1P4P1/4R1K1 b - - 2 41,502
2r5/4q3/3k2Q1/p1p1b1N1/P2p4/8/1P4P1/4R1K1 b - - 0 40,534
2r5/4q3/3k2p1/p1p1b1N1/P2pQ3/8/1P4P1/4R1K1 w - - 2 40,501
2r5/4q3/3kN1Q1/p1p1b3/P2p4/8/1P4P1/4R1K1 w - - 3 42,548
2r4b/4q3/2k3p1/p1p1B1N1/P2p3Q/8/1P4P1/4R1K1 b - - 0 38,378
2r5/8/3k1b2/p1p5/P2p1N2/8/1P4P1/4R1K1 w - - 0 44,418
2r5/8/3k1Q2/p1p1b3/P2p1N2/8/1P4P1/4R1K1 b - - 0 43,421
2r5/8/3kRb2/p1p5/P2p1N2/8/1P4P1/6K1 b - - 1 44,405
2r5/3k4/4Rb2/p1p5/P2p1N2/8/1P4P1/6K1 w - - 2 45,438
2r5/8/3k1qQ1/p1p1b3/P2p1N2/8/1P4P1/4R1K1 w - - 5 43,419
1r6/3k4/5R2/p1p5/P2p1N2/8/1P4P1/6K1 w - - 1 46,492
2r5/4q3/3k2Q1/p1p1b3/P2p1N2/8/1P4P1/4R1K1 b - - 4 42,445
1r6/3k4/5R2/p1p5/P2p4/3N4/1P4P1/6K1 b - - 2 46,468
1r6/4k3/8/p3N3/P1pp1R2/8/1P4P1/6K1 b - - 3 48,449
2r5/3k4/5R2/p1p5/P2p1N2/8/1P4P1/6K1 b - - 0 45,430
8/4k3/8/p3N3/P1pp1R2/8/1r4P1/6K1 w - - 0 49,434
1r6/4k3/5R2/p3N3/P1pp4/8/1P4P1/6K1 w - - 2 48,490
1r6/3k4/5R2/p7/P1pp4/3N4/1P4P1/6K1 w - - 0 47,489
8/4k3/8/p7/PrNR4/8/6P1/6K1 b - - 0 50,470
1r6/3k4/5R2/p3N3/P1pp4/8/1P4P1/6K1 b - - 1 47,485
8/4k3/8/p7/PrNp1R2/8/6P1/6K1 w - - 1 50,462
8/4k3/8/p7/r1NR4/8/5KP1/8 b - - 1 51,462
8/4k3/8/p7/P1Np1R2/8/1r4P1/6K1 b - - 0 49,486
8/4k3/8/p7/r1NR4/8/6P1/6K1 w - - 0 51,473
8/4k3/8/p7/2NR4/8/r4KP1/8 w - - 2 52,490
8/4k3/8/8/p1NR4/5K2/r5P1/8 w - - 0 53,493
8/8/4k3/8/p2R4/4NK2/r5P1/8 w - - 2 54,483
8/8/4k3/8/p2RK3/4N3/r5P1/8 b - - 3 54,487
8/4k3/8/p7/2NR4/5K2/r5P1/8 b - - 3 52,490
8/4k3/8/8/p2R4/4NK2/r5P1/8 b - - 1 53,481
8/8/4k3/8/p2RK3/4N3/6P1/r7 w - - 4 55,485
8/8/5k2/3R4/p3K1P1/4N3/8/r7 w - - 3 57,503
8/4k3/8/8/p2RK1P1/4N3/8/r7 w - - 1 56,497
8/8/4k3/8/p2RK1P1/4N3/8/r7 b - - 0 55,489
8/4k3/8/3R4/p3K1P1/4N3/8/r7 b - - 2 56,487
8/8/6k1/R7/p3K1P1/4N3/8/r7 w - - 5 58,563
8/8/5k2/R7/p3K1P1/4N3/8/r7 b - - 4 57,516
rnbqkbnr/ppp1pppp/8/3p4/3P4/8/PPP1PPPP/RNBQKBNR w KQkq - 0 2,49
8/5k2/8/R7/p4KP1/4N3/8/r7 w - - 7 59,744
rnbqkbnr/ppp1pppp/8/3p4/2PP4/8/PP2PPPP/RNBQKBNR b KQkq - 0 2,43
rnbqkbnr/pp2pppp/2p5/3p4/2PP4/8/PP2PPPP/RNBQKBNR w KQkq - 0 3,52
8/8/6k1/R7/p4KP1/4N3/8/r7 b - - 6 58,624
rnbqkbnr/pp2pppp/2p5/3p4/2PP4/5N2/PP2PPPP/RNBQKB1R b KQkq - 1 3,48
rnbqkb1r/pp2pppp/2p2n2/3p4/2PP4/5N2/PP2PPPP/RNBQKB1R w KQkq - 2 4,50
rnbqkb1r/pp2pppp/2p2n2/3p4/2PP4/2N2N2/PP2PPPP/R1BQKB1R b KQkq - 3 4,47
rnbqkb1r/pp3ppp/2p1pn2/3p4/2PP4/2N1PN2/PP3PPP/R1BQKB1R b KQkq - 0 5,50
8/5k2/R7/8/p4KP1/4N3/8/r7 b - - 8 59,614
rnbqkb1r/pp3ppp/2p1pn2/3p4/2PP4/2N2N2/PP2PPPP/R1BQKB1R w KQkq - 0 5,46
r1bqk2r/pp1n1ppp/2pbpn2/3p4/2PP4/2N1PN2/PPQ1BPPP/R1B1K2R b KQkq - 4 7,38
r1bqkb1r/pp1n1ppp/2p1pn2/3p4/2PP4/2N1PN2/PPQ2PPP/R1B1KB1R b KQkq - 2 6,48
r1bqkb1r/pp1n1ppp/2p1pn2/3p4/2PP4/2N1PN2/PP3PPP/R1BQKB1R w KQkq - 1 6,53
r1bq1rk1/pp1n1ppp/2pbpn2/3p4/2PP4/2N1PN2/PPQ1BPPP/R1B1K2R w KQ - 5 8,38
r1bqr1k1/pp1n1ppp/2pbpn2/3p4/2PP4/2N1PN2/PPQ1BPPP/R1B2RK1 w - - 7 9,38
r1bq1rk1/pp1n1ppp/2pbpn2/3p4/2PP4/2N1PN2/PPQ1BPPP/R1B2RK1 b - - 6 8,43
r1bqr1k1/pp1n1ppp/2pbpn2/3p4/2PP4/2N1PN2/PPQ1BPPP/R1BR2K1 b - - 8 9,35
r1bqk2r/pp1n1ppp/2pbpn2/3p4/2PP4/2N1PN2/PPQ2PPP/R1B1KB1R w KQkq - 3 7,49
r1b1r1k1/pp1nqppp/2pbpn2/3p4/2PP4/2N1PN2/PPQ1BPPP/R1BR2K1 w - - 9 10,38
r1b1r1k1/p2nqppp/1ppbpn2/3p4/2PPP3/P1N2N2/1PQ1BPPP/R1BR2K1 b - - 0 11,59
r1b1r1k1/p2nqppp/1ppbpn2/3p4/2PP4/P1N1PN2/1PQ1BPPP/R1BR2K1 w - - 0 11,56
r1b1r1k1/p2nqppp/1ppbp3/3p4/2PPn3/P1N2N2/1PQ1BPPP/R1BR2K1 w - - 0 12,59
r3r1k1/pb1nqppp/1ppbp3/8/2PPQB2/P4N2/1P2BPPP/R2R2K1 b - - 2 14,29
r1b1r1k1/pp1nqppp/2pbpn2/3p4/2PP4/P1N1PN2/1PQ1BPPP/R1BR2K1 b - - 0 10,31
r1b1r1k1/p2nqppp/1ppbp3/3p4/2PPN3/P4N2/1PQ1BPPP/R1BR2K1 b - - 0 12,62
r3r1k1/pb1nqppp/1pp1p3/8/2PPQb2/P4N2/1P2BPPP/R2R2K1 w - - 0 15,26
r1b1r1k1/p2nqppp/1ppbp3/8/2PPp3/P4N2/1PQ1BPPP/R1BR2K1 w - - 0 13,53
r3r1k1/pb1nqppp/1pp1p3/8/2PP1Q2/P4N2/1P2BPPP/R2R2K1 b - - 0 15,26
r3r1k1/pbQnqppp/1p2p3/2p5/2PP4/P4N2/1P2BPPP/R2R2K1 b - - 1 16,53
r3r1k1/pb1nqppp/1p2p3/2p5/2PP1Q2/P4N2/1P2BPPP/R2R2K1 w - - 0 16,41
1rr3k1/pbQnqppp/1p2p3/2p5/1PPP4/P4N2/4BPPP/R2R2K1 w - - 1 18,39
r1b1r1k1/p2nqppp/1ppbp3/8/2PPQ3/P4N2/1P2BPPP/R1BR2K1 b - - 0 13,56
1rr3k1/pb1nqppp/1p2p3/2p5/1PPP1Q2/P4N2/4BPPP/R2R2K1 b - - 2 18,43
1r2r1k1/pbQnqppp/1p2p3/2p5/2PP4/P4N2/1P2BPPP/R2R2K1 w - - 2 17,32
1rr3k1/p2nqppp/1p2p3/2p5/1PPP1Q2/P4b2/4BPPP/R2R2K1 w - - 0 19,42
1r2r1k1/pbQnqppp/1p2p3/2p5/1PPP4/P4N2/4BPPP/R2R2K1 b - - 0 17,38
r3r1k1/pb1nqppp/1ppbp3/8/2PPQ3/P4N2/1P2BPPP/R1BR2K1 w - - 1 14,41
1rr3k1/p2nqppp/1p2p3/8/1PPp1Q2/P4B2/5PPP/R2R2K1 w - - 0 20,20
1rr3k1/p2nqppp/1p2p3/2p5/1PPP1Q2/P4B2/5PPP/R2R2K1 b - - 0 19,14
1rr3k1/p2nqppp/1p2p3/8/1PPQ4/P4B2/5PPP/R2R2K1 b - - 0 20,23
2r3k1/p1rnqppp/1p2p3/8/1PPQ4/P7/4BPPP/R2R2K1 w - - 3 22,15
2r3k1/p1rnqpp1/1p2p2p/8/1PPQ4/P7/R3BPPP/3R2K1 w - - 0 23,21
1r4k1/p1rnqppp/1p2p3/8/1PPQ4/P4B2/5PPP/R2R2K1 w - - 1 21,20
1r4k1/p1rnqppp/1p2p3/8/1PPQ4/P7/4BPPP/R2R2K1 b - - 2 21,28
2r3k1/p1rnqppp/1p2p3/8/1PPQ4/P7/R3BPPP/3R2K1 b - - 4 22,12
2r3k1/p1rnqpp1/1p2p2p/8/1PPQ4/P7/3RBPPP/3R2K1 b - - 1 23,14
2r3k1/p2rqpp1/1p2pn1p/4Q3/1PP5/P7/3RBPPP/3R2K1 w - - 4 25,38
2r3k1/p2Rqpp1/1p2pn1p/4Q3/1PP5/P7/4BPPP/3R2K1 b - - 0 25,35
2r3k1/p1r1qpp1/1p2pn1p/4Q3/1PP5/P7/3RBPPP/3R2K1 b - - 3 24,24
2r3k1/p1r1qpp1/1p2pn1p/8/1PPQ4/P7/3RBPPP/3R2K1 w - - 2 24,30
2r3k1/p2nqpp1/1p2p2p/4Q3/1PP5/P7/4BPPP/3R2K1 w - - 0 26,37
2r3k1/p3qpp1/1p2pn1p/8/1PPQ4/P7/4BPPP/3R2K1 w - - 2 27,31
2r3k1/p2nqpp1/1p2p2p/8/1PPQ4/P7/4BPPP/3R2K1 b - - 1 26,36
2r3k1/p3qpp1/1p2pn1p/8/1PPQ4/P6P/4BPP1/3R2K1 b - - 0 27,26
2r2k2/p3qpp1/1p2pn1p/8/1PPQ4/P6P/4BPP1/3R2K1 w - - 1 28,42
2r2k2/p2nqpp1/1p2p2p/8/1PPQ4/P6P/4BPP1/2R3K1 w - - 3 29,46
2r2k2/p2nqpp1/1p2p2p/8/1PPQ4/P4B1P/5PP1/2R3K1 b - - 4 29,29
2r2k2/p3qpp1/1p2pn1p/8/1PPQ4/P6P/4BPP1/2R3K1 b - - 2 28,38
5k2/p1rnqp2/1p4pp/4p3/1PP5/P2Q1B1P/5PP1/3R2K1 w - - 2 32,23
2r2k2/p2nqp2/1p4pp/4p3/1PP5/P2Q1B1P/5PP1/3R2K1 b - - 1 31,29
2r2k2/p2nqpp1/1p5p/4p3/1PP5/P2Q1B1P/5PP1/2R3K1 b - - 1 30,27
2r2k2/p2nqp2/1p4pp/4p3/1PP5/P2Q1B1P/5PP1/2R3K1 w - - 0 31,24
2r2k2/p2nqpp1/1p5p/4p3/1PPQ4/P4B1P/5PP1/2R3K1 w - - 0 30,42
8/p1rnqpk1/1p4pp/4p3/1PP5/P2Q3P/4BPP1/3R2K1 w - - 4 33,29
8/p1r1qpk1/1p3npp/4p3/1PP5/P1Q4P/4BPP1/3R2K1 w - - 6 34,22
5k2/p1rnqp2/1p4pp/4p3/1PP5/P2Q3P/4BPP1/3R2K1 b - - 3 32,29
8/p1r1qpk1/1p3npp/4p3/1PP5/P3Q2P/4BPP1/3R2K1 b - - 7 34,25
8/p3qpk1/1pr2np1/4p2p/1PP5/P3Q2P/5PP1/3R1BK1 w - - 2 36,26
8/p1rnqpk1/1p4pp/4p3/1PP5/P1Q4P/4BPP1/3R2K1 b - - 5 33,23
8/p1r1qpk1/1p3np1/4p2p/1PP5/P3Q2P/4BPP1/3R2K1 w - - 0 35,27
8/p1r1qpk1/1p3np1/4p2p/1PP5/P3Q2P/5PP1/3R1BK1 b - - 1 35,15
8/p4pk1/1prq1np1/4p2p/1PP5/P3Q2P/5PP1/2R2BK1 w - - 4 37,39
8/p2n1pk1/1prq2p1/4p2p/1PP5/P3Q1PP/5P2/2R2BK1 w - - 1 38,24
8/p2n1pk1/1prq2p1/2P1p2p/1P6/P3Q1PP/5P2/2R2BK1 b - - 0 38,29
8/p2n1pk1/2rq2p1/2p1p2p/1P6/P3Q1PP/5P2/2R2BK1 w - - 0 39,23
8/p1rn1pk1/3q2p1/1Bp1p2p/1P6/P3Q1PP/5P2/2R3K1 w - - 2 40,12
8/p1rB1pk1/3q2p1/2p1p2p/1P6/P3Q1PP/5P2/2R3K1 b - - 0 40,15
8/p3qpk1/1pr2np1/4p2p/1PP5/P3Q2P/5PP1/2R2BK1 b - - 3 36,15
8/p4pk1/1prq1np1/4p2p/1PP5/P3Q1PP/5P2/2R2BK1 b - - 0 37,20
8/p2n1pk1/2rq2p1/1Bp1p2p/1P6/P3Q1PP/5P2/2R3K1 b - - 1 39,8
8/p2r2k1/3q1pp1/2R1p2p/1P5P/P3Q1P1/5P2/6K1 b - - 0 42,36
8/p2r1pk1/3q2p1/2R1p2p/1P6/P3Q1PP/5P2/6K1 b - - 0 41,23
8/p2r2k1/3q1pp1/2R1p2p/1P6/P3Q1PP/5P2/6K1 w - - 0 42,21
8/p2r1pk1/3q2p1/2p1p2p/1P6/P3Q1PP/5P2/2R3K1 w - - 0 41,12
8/p2r2k1/4qpp1/2R1p2p/1P5P/P3Q1P1/5P2/6K1 w - - 1 43,56
8/p2r2k1/q4pp1/2R1p2p/1P5P/P4QP1/5P1K/8 b - - 4 44,72
8/p2r2k1/4qpp1/2R1p2p/1P5P/P3Q1P1/5P1K/8 b - - 2 43,26
8/p2r2k1/q4pp1/2R1p2p/1P5P/P3Q1P1/5P1K/8 w - - 3 44,70
8/p4rk1/2R2pp1/1qQ1p2p/1P5P/P5P1/5P1K/8 b - - 10 47,0
8/p2r2k1/5pp1/2R1p2p/1P5P/P4QP1/5P1K/5q2 w - - 5 45,94
8/p4rk1/2R2pp1/2q1p2p/1P5P/P5P1/5P1K/8 w - - 0 48,0
8/p4rk1/5p2/2R1p1pp/1P5P/P5P1/5P1K/8 w - - 0 49,0
8/p4rk1/5p2/2R1p1Pp/1P6/P5P1/5P1K/8 b - - 0 49,0
8/p2r2k1/2R2pp1/4p2p/1P5P/P4QP1/5P1K/5q2 b - - 6 45,95
8/p4rk1/8/2R1p1pp/1P6/P5P1/5P1K/8 w - - 0 50,0
8/p4rk1/2R2pp1/4p2p/1P5P/P4QP1/5P1K/5q2 w - - 7 46,76
8/p4r2/5k2/2R1p1pp/1P6/P5P1/5PK1/8 w - - 2 51,0
8/p4r2/8/1PR1pkpp/8/P5P1/5PK1/8 w - - 1 52,0
8/p4r2/8/1PR1pkpp/P7/6P1/5PK1/8 b - - 0 52,0
8/p4rk1/5pp1/2R1p2p/1P5P/P5P1/5P1K/8 b - - 0 48,1
8/p4rk1/8/2R1p1pp/1P6/P5P1/5PK1/8 b - - 1 50,0
8/p4r2/5k2/1PR1p1pp/8/P5P1/5PK1/8 b - - 0 51,0
8/p4rk1/2R2pp1/4p2p/1P5P/P3Q1P1/5P1K/5q2 b - - 8 46,77
8/p4r2/8/PPR1pkp1/7p/6P1/5PK1/8 b - - 0 53,0
8/p4r2/8/1PR1pkp1/P6p/6P1/5PK1/8 w - - 0 53,0
8/pr6/4k3/PPR1p1p1/7p/5PP1/6K1/8 w - - 1 55,8
8/pr6/1P2k3/P1R1p1p1/7p/5PP1/6K1/8 b - - 0 55,1
8/1r6/1p2k3/PR2p1p1/7p/5PP1/6K1/8 b - - 1 56,2
8/1r6/1p2k3/PR2p1p1/8/5PPK/8/8 b - - 0 57,0
8/1r6/1p2k3/P1R1p1p1/7p/5PP1/6K1/8 w - - 0 56,12
8/7r/1p2k3/PR2p1p1/8/5PPK/8/8 w - - 1 58,0
8/7r/4k3/pR2p1p1/6K1/5PP1/8/8 w - - 0 59,0
8/7r/4k3/R3p1p1/6K1/5PP1/8/8 b - - 0 59,0
8/1r6/4k3/R3p1p1/6K1/5PP1/8/8 w - - 1 60,0
8/1r6/R3k3/4p1p1/6K1/5PP1/8/8 b - - 2 60,0
8/1r2k3/R7/4p1p1/6K1/5PP1/8/8 w - - 3 61,0
8/1r2k3/R7/4p1K1/8/5PP1/8/8 b - - 0 61,0
8/4k3/R7/4p1K1/8/1r3PP1/8/8 w - - 1 62,0
8/4k3/R7/4p3/6K1/1r3PP1/8/8 b - - 2 62,0
8/5k2/R7/4p3/6K1/1r3PP1/8/8 w - - 3 63,0
8/5k2/7R/4p3/6K1/1r3PP1/8/8 b - - 4 63,0
8/5k2/7R/4p3/6K1/r4PP1/8/8 w - - 5 64,0
8/5k2/8/4p2R/6K1/r4PP1/8/8 b - - 6 64,0
8/8/5k2/4p2R/6K1/r4PP1/8/8 w - - 7 65,3
8/p4rk1/2R2pp1/1q2p2p/1P5P/P3Q1P1/5P1K/8 w - - 9 47,81
8/8/5k2/4pR2/6K1/r4PP1/8/8 b - - 8 65,0
8/8/4k3/4pRK1/8/r4PP1/8/8 b - - 10 66,0
8/7r/1p2k3/PR2p1p1/6K1/5PP1/8/8 b - - 2 58,6
8/8/4k3/5RK1/4p3/r4PP1/8/8 w - - 0 67,0
8/8/4k3/4pR2/6K1/r4PP1/8/8 w - - 9 66,0
8/pr6/8/PPR1pkp1/7p/5PP1/6K1/8 b - - 0 54,11
8/pr6/8/PPR1pkp1/7p/6P1/5PK1/8 w - - 1 54,5
8/1r6/1p2k3/PR2p1p1/8/5PPp/6K1/8 w - - 0 57,5
r4rk1/pbq2pp1/1p1bpn1p/2p3P1/3P4/3B1N2/PPPBQP1P/2KRR3 b - - 0 16,0
r4rk1/pbq2pp1/1ppbpn1p/8/3P2P1/3B1N2/PPPBQP1P/2KRR3 b - - 0 15,34
r4rk1/pbq2pp1/1p1bpn2/2p3N1/3P4/3B4/PPPBQP1P/2KRR3 b - - 0 17,0
r4rk1/pbq2pp1/1p1bpn1p/2p5/3P2P1/3B1N2/PPPBQP1P/2KRR3 w - - 0 16,55
r4rk1/pbq2pp1/1p2pn2/2p3N1/3P1b2/3B4/PPPBQP1P/2KRR3 w - - 1 18,0
r4rk1/pbq2pp1/1ppbpn1p/8/3P4/3B1N2/PPPBQPPP/2KRR3 w - - 4 15,61
r4rk1/pbq2pp1/1p1bpn2/2p3p1/3P4/3B1N2/PPPBQP1P/2KRR3 w - - 0 17,0
r4rk1/pbq2pp1/1p2pn2/2p3N1/3P1b1P/3B4/PPPBQP2/2KRR3 b - - 0 18,-45
r3k2r/pbq2pp1/1ppbpn1p/8/3P4/3B1N2/PPPBQPPP/2KRR3 b kq - 3 14,80
3r1rk1/pbq2pp1/4pn2/2p3N1/5b1P/3BB3/PPP1QP2/2KRR3 b - - 1 20,-51
3r1rk1/pbq2pp1/1p2pn2/2p3N1/3P1b1P/3B4/PPPBQP2/2KRR3 w - - 1 19,-20
3r1rk1/pbq2pp1/4pn2/2p3N1/5b1P/3B4/PPPBQP2/2KRR3 w - - 0 20,-33
5rk1/pbq2pp1/4pn2/2p3N1/3r1b1P/3BB3/PPP1QP2/2KRR3 w - - 2 21,-46
3r1rk1/pbq2pp1/1p2pn2/2P3N1/5b1P/3B4/PPPBQP2/2KRR3 b - - 0 19,-24
5rk1/pbq2pp1/4pn2/2p3N1/3r3P/3Bb3/PPP1QP2/2KR2R1 w - - 0 22,-48
5rk1/pbq2pp1/4pn2/2p3N1/3r1b1P/3BB3/PPP1QP2/2KR2R1 b - - 3 21,-47
5rk1/pb3pp1/4pn2/2p1q1N1/7r/3BP3/PPP2Q2/2K2RR1 b - - 3 24,-122
5rk1/pbq2pp1/4pn2/2p3N1/3r3P/3BP3/PPP1Q3/2KR2R1 b - - 0 22,-69
5rk1/pb3pp1/4pn1r/2p1q1N1/8/3BP3/PPP2Q2/2K2RR1 w - - 4 25,-46
5rk1/pb3pp1/4pn2/2p1q1N1/7r/3BP3/PPP1Q3/2K2RR1 w - - 2 24,-99
5rk1/pbq2pp1/4pn2/2p3N1/7r/3BP3/PPP1Q3/2KR2R1 w - - 0 23,-94
5rk1/p4pp1/4pn1r/2p1q1N1/4b3/3BP1R1/PPP2Q2/2K3R1 b - - 7 26,-57
5rk1/pbq2pp1/4pn2/2p3N1/7r/3BP3/PPP1Q3/2K2RR1 b - - 1 23,-97
5rk1/p4pp1/4pn1r/2p1q1N1/4b3/3BP1R1/PPP2Q2/2K2R2 w - - 6 26,-75
5r2/p4pk1/4pQpr/2p1q1N1/4b3/3BP1R1/PPP5/2K2R2 b - - 0 28,-22
5r2/p4pk1/4pnpr/2p1q1N1/4b3/3BP1R1/PPP2Q2/2K2R2 w - - 2 28,-19
5rk1/p4p2/4pnpr/2p1q1N1/4b3/3BP1R1/PPP2Q2/2K3R1 w - - 0 27,-59
5r2/p4pk1/4pqpr/2p3N1/4b3/3BP1R1/PPP5/2K2R2 w - - 0 29,-12
5r2/p4pk1/4pRpr/2p3N1/4b3/3BP1R1/PPP5/2K5 b - - 0 29,-8
8/p4Nk1/4p1pr/2p5/8/3bP1R1/PPP5/2K5 b - - 0 31,-15
5r2/p4pk1/4pRpr/2p3N1/8/3bP1R1/PPP5/2K5 w - - 0 30,-8
5r2/p4Rk1/4p1pr/2p3N1/8/3bP1R1/PPP5/2K5 b - - 0 30,-13
8/p4rk1/4p1pr/2p3N1/8/3bP1R1/PPP5/2K5 w - - 0 31,-9
8/p4Nk1/4p1p1/2p5/8/3bP1R1/PPPK4/7r b - - 2 32,-14
8/p4Nk1/4p1p1/2p5/8/4P1R1/PPbK4/7r w - - 0 33,-8
8/p4Nk1/4p1p1/2p5/8/3bP1R1/PPP5/2K4r w - - 1 32,-2
5rk1/p4p2/4pnpr/2p1q1N1/4b3/3BP1R1/PPP2Q2/2K2R2 b - - 1 27,-161
5rk1/pb3pp1/4pn1r/2p1q1N1/8/3BP1R1/PPP2Q2/2K2R2 b - - 5 25,-106
3N4/p5k1/4p1p1/2p5/8/4P1R1/PPbK4/7r b - - 1 33,-142
8/p7/4pkp1/2N2b2/8/2K1P1R1/PP5r/8 b - - 0 36,-9
8/p7/4pkp1/2N2b2/8/2K1P1R1/PPr5/8 w - - 1 37,0
8/p7/4pkp1/2N2b2/3K4/4P1R1/PPr5/8 b - - 2 37,-2
8/pN6/4pkp1/2p2b2/8/2K1P1R1/PP5r/8 w - - 6 36,-8
8/pN6/4pkp1/2p5/8/2K1P1R1/PPb4r/8 b - - 5 35,-37
8/p7/4pkp1/2N2b2/3K4/4P1R1/PP1r4/8 w - - 3 38,0
3N4/p5k1/4p1p1/2p5/8/4P1R1/PPbK3r/8 w - - 2 34,-35
8/p7/4pkp1/2N2b2/8/2K1P1R1/PP1r4/8 b - - 4 38,0
3N4/p5k1/4p1p1/2p5/8/2K1P1R1/PPb4r/8 b - - 3 34,-29
8/p7/5kp1/2N1pb2/2K5/4P1R1/PP1r4/8 b - - 3 41,0
8/p7/5kp1/2NKpb2/8/4P1R1/PPr5/8 b - - 1 40,0
3N4/p7/4pkp1/2p5/8/2K1P1R1/PPb4r/8 w - - 4 35,-25
8/p7/5kp1/2N1pb2/2K5/4P1R1/PPr5/8 w - - 4 42,0
8/p7/5k2/2N1pbp1/2K5/4P1R1/PP1r4/8 w - - 0 44,0
8/p7/5k2/2N1pbp1/2K1P3/6R1/PP1r4/8 b - - 0 44,0
8/p7/5kp1/2NKpb2/8/4P1R1/PP1r4/8 w - - 2 41,-2
8/p7/5kp1/2N1pb2/3K4/4P1R1/PPr5/8 w - - 0 40,-3
2b5/p7/5k2/2N1p1p1/4P3/2K2R2/PP6/3r4 b - - 4 46,11
2b5/p7/5k2/2N1p1p1/4P3/2K3R1/PP1r4/8 b - - 2 45,0
2b5/p7/5k2/2N1p1p1/2K1P3/6R1/PP1r4/8 w - - 1 45,0
2b5/p7/5k2/2N1p1p1/4P3/2K3R1/PP6/3r4 w - - 3 46,9
2b5/p7/5k2/4p3/4P1p1/2K3R1/PP3N2/3r4 b - - 3 49,0
2b5/p7/5k2/4p3/4P1p1/2KN2R1/PP6/3r4 w - - 2 49,0
2b5/p7/5k2/4p3/4P1p1/2K3R1/PP3N2/2r5 w - - 4 50,0
2b5/p7/5k2/4p3/4P1p1/6R1/PP1K1N2/r7 w - - 6 51,0
2b5/p7/5k2/4p3/4P1p1/6R1/PP1K1N2/2r5 b - - 5 50,0
2b5/p7/5k2/4p3/4P1N1/6R1/PP1K4/r7 b - - 0 51,0
8/p7/5k2/4p3/4P1R1/8/PP1K4/r7 b - - 0 52,0
8/p7/5k2/4p3/4P1R1/8/rP1K4/8 w - - 0 53,0
8/p7/5k2/4p3/4P1b1/6R1/PP1K4/r7 w - - 0 52,0
8/p7/5k2/4p3/4P1R1/2K5/rP6/8 b - - 1 53,0
8/p7/5k2/4p3/rP2P1R1/2K5/8/8 b - - 0 54,0
8/p7/5k2/4p3/r3P1R1/2K5/1P6/8 w - - 2 54,0
2b5/p5k1/8/4p1p1/4P3/2KN1R2/PP6/3r4 b - - 6 47,17
2b5/p5k1/8/4p3/4P1p1/2KN1R2/PP6/3r4 w - - 0 48,11
2b5/p5k1/8/4p3/4P1p1/2KN2R1/PP6/3r4 b - - 1 48,1
2b5/p5k1/8/2N1p1p1/4P3/2K2R2/PP6/3r4 w - - 5 47,15
1r1q1rk1/p2nbppp/b1p1p3/1pPp4/3P4/1P4P1/PB1NPPBP/R2Q1RK1 b - - 0 14,75
1r1q1rk1/p2nbppp/bpp1p3/3p4/2PP4/1P4P1/PB1NPPBP/R2Q1RK1 b - - 5 13,42
1r1q1rk1/p2nbppp/b1p1p3/1p1p4/2PP4/1P4P1/PB1NPPBP/R2Q1RK1 w - - 0 14,75
1r1q1rk1/p2nbppp/b1p5/1pPpp3/3P4/1P4P1/PB1NPPBP/R2Q1RK1 w - - 0 15,86
1r1q1rk1/p2nbppp/b1p5/1pPpP3/8/1P4P1/PB1NPPBP/R2Q1RK1 b - - 0 15,74
1r1q1rk1/pb2bppp/2p5/1pnpP3/1P6/P5P1/1B1NPPBP/R2Q1RK1 b - - 0 17,54
1r1q1rk1/p3bppp/b1p5/1pnpP3/8/PP4P1/1B1NPPBP/R2Q1RK1 b - - 0 16,47
1r1q1rk1/1b2bppp/2p5/pp1pP3/nP1B4/P5P1/3NPPBP/R2Q1RK1 w - - 0 19,46
1r1q1rk1/p3bppp/b1p5/1pnpP3/8/1P4P1/PB1NPPBP/R2Q1RK1 w - - 0 16,74
1r1q1rk1/pb2bppp/2p5/1p1pP3/nP6/P5P1/1B1NPPBP/R2Q1RK1 w - - 1 18,47
1r1q1rk1/pb2bppp/2p5/1pnpP3/8/PP4P1/1B1NPPBP/R2Q1RK1 w - - 1 17,58
1r1q1rk1/1b2bppp/2p5/pp1pP3/nP1B4/PQ4P1/3NPPBP/R4RK1 b - - 1 19,53
1r1q1rk1/pb2bppp/2p5/1p1pP3/nP1B4/P5P1/3NPPBP/R2Q1RK1 b - - 2 18,54
1r1q1rk1/1b2bppp/1np5/pp1pP3/1P1B4/P1Q3P1/3NPPBP/R4RK1 b - - 3 20,50
1r1q1rk1/1b2bppp/2p5/pp1pP3/nP1B4/P1Q3P1/3NPPBP/R4RK1 w - - 4 21,34
1r1q1rk1/1b2bppp/1np5/pp1pP3/1P1B4/PQ4P1/3NPPBP/R2R2K1 b - - 7 22,40
1r1q1rk1/1b2bppp/1np5/pp1pP3/1P1B4/PQ4P1/3NPPBP/R4RK1 w - - 2 20,52
1r1q1rk1/1b2bppp/2p5/pp1pP3/1PnB4/PQ4P1/3NPPBP/R2R2K1 w - - 8 23,45
1r1q1rk1/1b2bppp/2p5/pp1pP3/1PnB4/P1Q3P1/3NPPBP/R2R2K1 b - - 9 23,40
r2q1rk1/1b2bppp/2p5/pp1pP3/1PnB4/PNQ3P1/4PPBP/R2R2K1 b - - 11 24,72
r4rk1/1bq1bppp/2p5/ppNpP3/1PnB4/P1Q3P1/4PPBP/R2R2K1 b - - 13 25,64
r1b2rk1/2q1bppp/2p5/ppNpP3/1PnB4/P1Q3P1/4PPBP/R2R2K1 w - - 14 26,61
r2q1rk1/1b2bppp/2p5/pp1pP3/1PnB4/P1Q3P1/3NPPBP/R2R2K1 w - - 10 24,63
r1b2rk1/2q1bppp/2p5/ppNpP3/1PnB4/P1Q3PP/4PPB1/R2R2K1 b - - 0 26,69
r1br2k1/2q1bppp/2p5/1pNpP3/1pnB2P1/P1Q4P/4PPB1/R2R2K1 w - - 0 28,76
r4rk1/1bq1bppp/2p5/pp1pP3/1PnB4/PNQ3P1/4PPBP/R2R2K1 w - - 12 25,54
r1br2k1/2q1bppp/2p5/1pNpP3/1PnB2P1/2Q4P/4PPB1/R2R2K1 b - - 0 28,65
r1br2k1/2q1bppp/2p5/ppNpP3/1PnB4/P1Q3PP/4PPB1/R2R2K1 w - - 1 27,59
2br2k1/2q1bppp/2p5/1pNpP3/1PnB2P1/2Q4P/4PPB1/r2R2K1 w - - 0 29,70
r1br2k1/2q1bppp/2p5/ppNpP3/1PnB2P1/P1Q4P/4PPB1/R2R2K1 b - - 0 27,53
2br2k1/2q1bppp/2p5/1pNpP3/1PnB2P1/2Q4P/4PPB1/R5K1 b - - 0 29,79
3r2k1/1bq2ppp/2p5/1pPpP3/2nB2P1/2Q4P/4PPB1/R5K1 w - - 1 31,105
r5k1/1bq2ppp/2p5/1pPpP3/2nB2P1/2Q1P2P/5PB1/R5K1 w - - 1 32,60
2br2k1/2q2ppp/2p5/1pPpP3/2nB2P1/2Q4P/4PPB1/R5K1 b - - 0 30,75
2br2k1/2q2ppp/2p5/1pbpP3/1PnB2P1/2Q4P/4PPB1/R5K1 w - - 0 30,67
6k1/1bq2ppp/2p5/1pPpP3/2nB2P1/2Q1P2P/5P2/r4BK1 w - - 0 33,14
3r2k1/1bq2ppp/2p5/1pPpP3/2nB2P1/2Q1P2P/5PB1/R5K1 b - - 0 31,70
6k1/1b3ppp/2p5/qpPpP3/2nB2P1/4P2P/5P2/Q4BK1 w - - 1 34,12
r5k1/1bq2ppp/2p5/1pPpP3/2nB2P1/2Q1P2P/5P2/R4BK1 b - - 2 32,34
6k1/1b3ppp/2p5/n1PpP3/1p1B2P1/3BP2P/5P2/6K1 w - - 0 36,0
6k1/1bq2ppp/2p5/1pPpP3/2nB2P1/4P2P/5P2/Q4BK1 b - - 0 33,29
6k1/1b3ppp/2p5/npPpP3/3B2P1/4P2P/5P2/5BK1 w - - 0 35,17
6k1/1b3ppp/2p5/QpPpP3/2nB2P1/4P2P/5P2/5BK1 b - - 0 34,21
6k1/1b3ppp/2p5/2PpP3/1pnB1PP1/4P2P/2B5/6K1 b - - 2 37,0
6k1/1b3ppp/2p5/npPpP3/3B2P1/3BP2P/5P2/6K1 b - - 1 35,13
2b3k1/5ppp/2p5/2PpP3/1pnB1PP1/4P2P/2B5/6K1 w - - 3 38,0
6k1/1b3ppp/2p5/n1PpP3/1p1B1PP1/3BP2P/8/6K1 b - - 0 36,0
2b3k1/5ppp/2p5/2PpPP2/1pnB2P1/4P2P/2B5/6K1 b - - 0 38,0
2b3k1/5ppp/2p5/2PpPP2/1p1B2P1/4P2P/2Bn4/6K1 w - - 1 39,9
2b3k1/5ppp/2p5/2PpPP2/Bp1B2P1/4P2P/3n4/6K1 b - - 2 39,8
6k1/1b3ppp/2p5/2PpP3/1pnB1PP1/3BP2P/8/6K1 w - - 1 37,12
6k1/3b1ppp/2p5/2PpPP2/Bp1B2P1/4P2P/3n4/6K1 w - - 3 40,13
6k1/3b1p1p/2p3p1/2PpPP2/Bp1B2P1/4P1KP/3n4/8 b - - 1 41,1
6k1/3b1p1p/2p3p1/2PpPP2/Bp1B2P1/4P2P/3n1K2/8 w - - 0 41,7
8/3bkp1p/2p1P1p1/2Pp1P2/Bp1B1KP1/4P2P/3n4/8 b - - 0 43,0
8/3bk2p/2p1p1p1/2Pp1P2/Bp1B1KP1/4P2P/3n4/8 w - - 0 44,0
8/3bk2p/2p1pPp1/2Pp4/Bp1B1KP1/4P2P/3n4/8 b - - 0 44,0
8/3b1k1p/2p1pPp1/2Pp4/Bp1B1KP1/4P2P/3n4/8 w - - 1 45,0
6k1/3b1ppp/2p5/2PpPP2/Bp1B2P1/4P2P/3n1K2/8 b - - 4 40,9
5k2/3b1p1p/2p3p1/2PpPP2/Bp1B2P1/4P1KP/3n4/8 w - - 2 42,3
8/3b1k2/2p1pPpp/2Pp4/1p1B1KP1/4P2P/2Bn4/8 w - - 0 46,0
5k2/3b1p1p/2p3p1/2PpPP2/Bp1B1KP1/4P2P/3n4/8 b - - 3 42,13
8/3bkp1p/2p3p1/2PpPP2/Bp1B1KP1/4P2P/3n4/8 w - - 4 43,10
8/3b1k2/2p1pPpp/2Pp4/3B1KPP/1p2P3/2Bn4/8 w - - 0 47,-7
8/3b1k2/2p1pPpp/2Pp4/1p1B1KPP/4P3/2Bn4/8 b - - 0 46,-3
8/3b1k2/2p1pP1p/2Pp2p1/3B1KPP/1p1BP3/3n4/8 w - - 0 48,-17
8/3b1k2/2p1pP2/2Pp2p1/3B2P1/1p1BP1K1/3n4/8 b - - 1 49,0
8/3b1k2/2p1pPpp/2Pp4/3B1KPP/1p1BP3/3n4/8 b - - 1 47,0
8/3b1k2/2p1pP2/2Pp2p1/6P1/3BP1K1/1B1n4/8 b - - 0 50,0
8/3b1k2/2p1pP2/2Pp2p1/3B2P1/3BP1K1/1p1n4/8 w - - 0 50,0
8/3b1k2/2p1pP1p/2Pp2P1/3B1KP1/1p1BP3/3n4/8 b - - 0 48,-25
8/3b1k2/2p1pP2/2Pp2p1/6P1/1n1BP1K1/1B6/8 w - - 1 51,0
8/3b1k2/2p1pP2/2Pp2p1/3B1KP1/1p1BP3/3n4/8 w - - 0 49,0
8/3b1k1p/2p1pPp1/2Pp4/1p1B1KP1/4P2P/2Bn4/8 b - - 2 45,-1
8/3b1k2/2p1pP2/2n3p1/4p1P1/6K1/1BB5/8 w - - 0 53,-27
8/3b1k2/2p1pP2/2np2p1/6P1/4P1K1/1BB5/8 w - - 0 52,-97
2b5/5k2/2p1pP2/2n3p1/4p1P1/8/1BB2K2/8 w - - 2 54,-15
8/3b1k2/2p1pP2/2np2p1/4P1P1/6K1/1BB5/8 b - - 0 52,-70
8/3b1k2/2p1pP2/2n3p1/4p1P1/8/1BB2K2/8 b - - 1 53,-21
2b5/5k2/2p1pP2/2n3p1/4p1P1/4K3/1BB5/8 b - - 3 54,-27
2b5/3n1k2/2p1pP2/6p1/4B1P1/4K3/1B6/8 b - - 0 55,-16
8/3b1k2/2p1pP2/2Pp2p1/6P1/1n2P1K1/1BB5/8 b - - 2 51,-38
2b5/3n1k2/2p1pP2/6p1/4p1P1/4K3/1BB5/8 w - - 4 55,-14
2b5/3n1k2/4pP2/2p3p1/6P1/4KB2/1B6/8 b - - 1 56,-35
8/3n1k2/b3pP2/2p3p1/6P1/4KB2/1B6/8 w - - 2 57,-28
2b5/3n1k2/4pP2/2p3p1/4B1P1/4K3/1B6/8 w - - 0 56,-18
8/3n1k2/b3pP2/2p3p1/6P1/B3KB2/8/8 b - - 3 57,-25
8/3n1k2/4pP2/2p3p1/2b3P1/B4B2/5K2/8 w - - 6 59,-29
8/3n1k2/2B1pP2/2p3p1/2b3P1/B7/5K2/8 b - - 7 59,-27
8/3n1k2/4pP2/1bp3p1/6P1/B4B2/5K2/8 b - - 5 58,-24
8/5k2/2B1pP2/2p1n1p1/2b3P1/B7/5K2/8 w - - 8 60,-27
8/5k2/4pP2/2pbn1p1/6P1/B7/4BK2/8 b - - 11 61,-21
8/3n1k2/4pP2/1bp3p1/6P1/B3KB2/8/8 w - - 4 58,-20
8/5k2/4pP2/2p1n1p1/2b3P1/B4B2/5K2/8 b - - 9 60,-24
8/3n1k2/4pP2/2pb2p1/6P1/B3K3/4B3/8 b - - 13 62,-24
8/3n1k2/4pP2/2pb2p1/6P1/B7/4BK2/8 w - - 12 62,-14
8/5k2/4pP2/2pbn1p1/6P1/B4B2/5K2/8 w - - 10 61,-16
8/3n1k2/2b1pP2/2p3p1/6P1/B3K3/4B3/8 w - - 14 63,-16
8/3n1k2/2b1p3/2p3p1/6P1/B2B4/4K3/8 w - - 2 65,-9
8/3n4/2b1pk2/2p3p1/6P1/B2B4/4K3/8 b - - 1 64,-23
8/3n1k2/2b1pP2/2p3p1/6P1/B2BK3/8/8 b - - 15 63,-16
8/3n4/2b1pk2/2p3p1/6P1/B2BK3/8/8 w - - 0 64,-13
8/3n1k2/2b1p3/2p3p1/6P1/3B4/4K3/2B5 b - - 3 65,-7
8/5k2/2b1p3/2p3B1/6n1/3B4/4K3/8 w - - 0 67,0
8/5k2/4p3/2pb2B1/6n1/2KB4/8/8 b - - 3 68,0
8/5k2/4p3/2pb2B1/6n1/3B4/3K4/8 w - - 2 68,0
8/5k2/2b1p3/2p3B1/6n1/3B4/3K4/8 b - - 1 67,0
8/5k2/2b1p3/2p1n1p1/6P1/3B4/4K3/2B5 w - - 4 66,-6
8/5k2/2b1p3/2p1n1B1/6P1/3B4/4K3/8 b - - 0 66,-1
8/5k2/8/2pbp1B1/6n1/2KB4/8/8 w - - 0 69,0
8/5k2/8/2pbpBB1/6n1/2K5/8/8 b - - 1 69,0
8/5k2/5n2/2pbpB2/7B/2K5/8/8 b - - 3 70,0
8/5k2/5n2/2pbpBB1/8/2K5/8/8 w - - 2 70,0
8/5k2/3n4/2pbpB2/8/2K5/5B2/8 w - - 6 72,0
8/5k2/3n4/3bp3/2p5/2KB4/5B2/8 w - - 0 73,0
8/5k2/3n4/2pbp3/8/2KB4/5B2/8 b - - 7 72,0
8/6kB/3n4/3bp3/2p5/2K5/5B2/8 w - - 2 74,0
8/5k1B/3n4/3bp3/2p5/2K5/5B2/8 b - - 1 73,0
8/8/3n1k2/3bp3/1Kp5/8/2B2B2/8 b - - 5 75,0
8/8/3nk3/3bp3/1Kp5/8/2B2B2/8 w - - 6 76,0
8/8/3n1k2/3bp3/2p5/2K5/2B2B2/8 w - - 4 75,0
8/1n6/4k3/3bp3/1Kp5/8/2B2B2/8 b - - 9 77,0
8/6k1/3n4/3bp3/2p5/2K5/2B2B2/8 b - - 3 74,0
4n3/5k2/8/2pbpB2/8/2K5/5B2/8 b - - 5 71,-4
8/8/3nk3/2Bbp3/1Kp5/8/2B5/8 b - - 7 76,0
8/5n2/4k3/2Bbp3/1Kp5/8/2B5/8 w - - 12 79,0
4n3/5k2/8/2pbpB2/7B/2K5/8/8 w - - 4 71,-2
8/5n2/5k2/3b4/1Kp1p3/4B3/8/3B4 w - - 0 81,0
8/5n2/4k3/3bp3/1Kp5/4B3/2B5/8 b - - 13 79,0
8/8/5k2/3bn3/1Kp1p3/4B3/4B3/8 w - - 2 82,0
8/5n2/5k2/3bp3/1Kp5/4B3/2B5/8 w - - 14 80,0
8/5n2/5k2/3b4/1Kp1p3/4B3/4B3/8 b - - 1 81,0
8/5b2/5k2/4n3/2pKp3/4B3/4B3/8 b - - 5 83,0
8/5b2/5k2/2K1n3/2p1p3/4B3/4B3/8 w - - 4 83,0
8/8/5k2/2Kbn3/2p1p3/4B3/4B3/8 b - - 3 82,0
8/8/8/3bnk2/2p1p3/2K1B3/4B3/8 w - - 8 85,0
8/5b2/8/4nk2/2pKp3/4B3/4B3/8 w - - 6 84,0
8/5b2/8/4nk2/2p1p3/2K1B3/4B3/8 b - - 7 84,0
8/8/8/3bnk2/2pKp3/4B3/4B3/8 b - - 9 85,0
8/8/4k3/3bn3/2p1p3/2K1B3/4B3/8 b - - 11 86,0
8/5b2/8/5k2/2p1p1B1/2K1B3/8/8 b - - 0 89,0
8/5b2/8/5k2/2p1p1n1/2K1B3/4B3/8 w - - 16 89,0
8/5b2/8/8/2p1p1k1/2K1B3/8/8 w - - 0 90,0
8/8/4k3/3bn3/2pKp3/4B3/4B3/8 w - - 10 86,0
8/5b2/8/8/2p1p1k1/4B3/3K4/8 b - - 1 90,0
8/1n6/4k3/2Bbp3/1Kp5/8/2B5/8 w - - 8 77,0
8/5n2/5k2/3bp3/1Kp5/4B3/8/3B4 b - - 15 80,0
r1bqk2r/pp1p1ppp/2n1pn2/2p5/1bPP4/2NBP3/PP2NPPP/R1BQK2R b KQkq - 3 6,36
rnbqk2r/pppp1ppp/4pn2/8/1bPP4/2N1P3/PP3PPP/R1BQKBNR b KQkq - 0 4,22
rnbqk2r/pp1p1ppp/4pn2/2p5/1bPP4/2NBP3/PP3PPP/R1BQK1NR b KQkq - 1 5,32
r1bqk2r/pp1p1ppp/2n1pn2/8/1bPp4/2NBP3/PP2NPPP/R1BQK2R w KQkq - 0 7,25
rnbqk2r/pp1p1ppp/4pn2/2p5/1bPP4/2N1P3/PP3PPP/R1BQKBNR w KQkq - 0 5,30
r1bqk2r/pp1p1ppp/2n1pn2/2p5/1bPP4/2NBP3/PP3PPP/R1BQK1NR w KQkq - 2 6,38
r1bqk2r/pp1p1ppp/2n1pn2/8/1bPP4/2NB4/PP2NPPP/R1BQK2R b KQkq - 0 7,31
r1bqk2r/pp3ppp/2n1p3/3n4/1b1P4/2NB4/PP2NPPP/R1BQK2R w KQkq - 0 9,29
r1bqk2r/pp3ppp/2n1pn2/3P4/1b1P4/2NB4/PP2NPPP/R1BQK2R b KQkq - 0 8,29
r1bqk2r/pp3ppp/2n1pn2/3p4/1bPP4/2NB4/PP2NPPP/R1BQK2R w KQkq - 0 8,28
r1bqk2r/pp3ppp/2n1p3/3n4/1b1P4/2NB4/PP2NPPP/R1BQ1RK1 b kq - 1 9,28
r1bqk2r/pp3ppp/2nbp3/3n4/3PN3/3B4/PP2NPPP/R1BQ1RK1 b kq - 3 10,4
r1bqk2r/pp2bppp/2n1p3/3n4/3PN3/3B4/PP2NPPP/R1BQ1RK1 w kq - 4 11,11
r1bqk2r/pp3ppp/2nbp3/3n4/3P4/2NB4/PP2NPPP/R1BQ1RK1 w kq - 2 10,22
r1bqk2r/pp2bppp/2n1p3/3n4/3PN3/P2B4/1P2NPPP/R1BQ1RK1 b kq - 0 11,12
r1bq1rk1/pp2bppp/2n1p3/3n4/3PN3/P7/1PB1NPPP/R1BQ1RK1 b - - 2 12,9
r1b2rk1/ppq1bppp/2n1p3/3n4/3PN3/P2Q4/1PB1NPPP/R1B2RK1 b - - 4 13,40
r1bq1rk1/pp2bppp/2n1p3/3n4/3PN3/P2B4/1P2NPPP/R1BQ1RK1 w - - 1 12,30
r1b2rk1/ppq1bppp/2n1p3/3n4/3PN3/P7/1PB1NPPP/R1BQ1RK1 w - - 3 13,44
r1br2k1/ppq1bppp/2n1p3/3n2N1/3P4/P2Q4/1PB1NPPP/R1B2RK1 b - - 6 14,28
r1br2k1/ppq1bp1p/2n1p1p1/3n2N1/3P4/P2Q4/1PB1NPPP/R1B2RK1 w - - 0 15,16
r1br2k1/ppq1bppp/2n1p3/3n4/3PN3/P2Q4/1PB1NPPP/R1B2RK1 w - - 5 14,54
r1br1bk1/ppq2p1p/2n1pnp1/6N1/3P1B2/PB1Q4/1P2NPPP/R2R2K1 b - - 5 17,6
r1br1bk1/pp2qp1p/2n1pnp1/6N1/3P1B2/PB1Q4/1P2NPPP/R2R2K1 w - - 6 18,29
r1br1bk1/ppq2p1p/2n1pnp1/6N1/3P4/PB1Q4/1P2NPPP/R1BR2K1 w - - 4 17,12
r1br2k1/ppq1bp1p/2n1pnp1/6N1/3P4/PB1Q4/1P2NPPP/R1B2RK1 w - - 2 16,10
r1br1bk1/pp2qp1p/2n1pnp1/6N1/3P1B2/PB2Q3/1P2NPPP/R2R2K1 b - - 7 18,-46
r1br1bk1/pp2qp1p/2n1p1p1/3n2N1/3P1B2/PB2Q3/1P2NPPP/R2R2K1 w - - 8 19,-49
r1br1bk1/pp2qp1p/2n1p1p1/3B2N1/3P1B2/P3Q3/1P2NPPP/R2R2K1 b - - 0 19,-48
r1br2k1/ppq1bp1p/2n1pnp1/6N1/3P4/PB1Q4/1P2NPPP/R1BR2K1 b - - 3 16,17
r1br1bk1/pp2qp1p/2n3p1/3p2N1/3P1B2/P3Q3/1P2NPPP/R2R2K1 w - - 0 20,-52
r1br2k1/ppq1bp1p/2n1p1p1/3n2N1/3P4/PB1Q4/1P2NPPP/R1B2RK1 b - - 1 15,19
r1br1bk1/pp2qp1p/2n3p1/3p4/3P1B2/P3QN2/1P2NPPP/R2R2K1 b - - 1 20,-55
r1br1bk1/pp3p1p/2n3p1/3p4/3P1B2/P3PN2/1P2N1PP/R2R2K1 b - - 0 21,-54
r1br1bk1/pp3p1p/2n3p1/3p4/3P1B2/P3qN2/1P2NPPP/R2R2K1 w - - 0 21,-50
r1br1bk1/pp5p/2n2pp1/3p4/3P1B2/P3PN2/1P2N1PP/R2R2K1 w - - 0 22,-49
r2r1bk1/pp5p/2n2pp1/3p1b2/3P1B2/P3PN2/1P2N1PP/2RR2K1 w - - 2 23,-64
r1br1bk1/pp5p/2n2pp1/3p4/3P1B2/P3PN2/1P2N1PP/2RR2K1 b - - 1 22,-60
r2r1bk1/pp6/2n2p2/3p1bpp/3P1B2/P1N1PN1P/1P4P1/2RR2K1 w - - 0 25,-74
r2r1bk1/pp5p/2n2pp1/3p1b2/3P1B2/P3PN1P/1P2N1P1/2RR2K1 b - - 0 23,-58
r2r1bk1/pp6/2n2pp1/3p1b1p/3P1B2/P3PN1P/1P2N1P1/2RR2K1 w - - 0 24,-55
r2r1bk1/pp6/2n2pp1/3p1b1p/3P1B2/P1N1PN1P/1P4P1/2RR2K1 b - - 1 24,-68
r2r1bk1/pp6/2n2p2/3p1bp1/3P3p/P1N1P2P/1P1N2PB/2RR2K1 b - - 1 26,-62
r2r1b2/pp3k2/2n2p2/3p1bp1/3P3p/P1N1P2P/1P1N2PB/2RR2K1 w - - 2 27,-70
r2r1b2/pp3k2/2n2p2/3p1bp1/3P3p/PNN1P2P/1P4PB/2RR2K1 b - - 3 27,-68
r2r1bk1/pp6/2n2p2/3p1bpp/3P4/P1N1PN1P/1P4PB/2RR2K1 b - - 1 25,-68
r2r1bk1/pp6/2n2p2/3p1bp1/3P3p/P1N1PN1P/1P4PB/2RR2K1 w - - 0 26,-49
2rr1b2/pp3k2/2n2p2/3p1bp1/3P3p/PNN1P2P/1P4PB/2RR2K1 w - - 4 28,-64
2rr1b2/pp3k2/2n2p2/1N1p1bp1/3P3p/PN2P2P/1P4PB/2RR2K1 b - - 5 28,-71
2rr1b2/5k2/p1n2p2/1p1p1bp1/3P3p/PNN1P2P/1P4PB/2RR2K1 w - - 0 30,-33
2rr1b2/5k2/p1n2p2/3p1bp1/Pp1P3p/1N2P2P/1P2N1PB/2RR2K1 b - - 0 31,-152
2rr1b2/5k2/p1n2p2/3p1bp1/1p1P3p/PN2P2P/1P2N1PB/2RR2K1 w - - 0 31,-160
2rr1b2/5k2/p1n2p2/1p1p1bp1/3P3p/PN2P2P/1P2N1PB/2RR2K1 b - - 1 30,-167
2rr1b2/1p3k2/p1n2p2/1N1p1bp1/3P3p/PN2P2P/1P4PB/2RR2K1 w - - 0 29,-50
2r1rb2/5k2/p1n2p2/3p1bp1/Pp1P3p/1N2P2P/1P2N1PB/2RR2K1 w - - 1 32,-159
2rr1b2/1p3k2/p1n2p2/3p1bp1/3P3p/PNN1P2P/1P4PB/2RR2K1 b - - 1 29,-45
2r1rb2/5k2/p1n2p2/3p1bp1/Pp1P3p/1N2P2P/1P2NKPB/2RR4 b - - 2 32,-157
2r1rb2/n7/p4pk1/2Np1bp1/Pp1P3p/4P2P/1P3KPB/2RR2N1 b - - 6 34,-170
2r1rb2/8/p1n2pk1/3p1bp1/Pp1P3p/1N2P2P/1P3KPB/2RR2N1 b - - 4 33,-202
2r1rb2/8/p1n2pk1/3p1bp1/Pp1P3p/1N2P2P/1P2NKPB/2RR4 w - - 3 33,-145
4rb2/n7/p1r2pk1/2Np1bp1/Pp1P3p/4P2P/1P3KPB/2RR2N1 w - - 7 35,-138
4rb2/n7/p1r2pk1/2Np1bp1/Pp1P3p/4PN1P/1P3KPB/2RR4 b - - 8 35,-123
2r1rb2/n7/p4pk1/3p1bp1/Pp1P3p/1N2P2P/1P3KPB/2RR2N1 w - - 5 34,-194
2r2b2/n7/p1r2pk1/2Np1bp1/Pp1P3p/4PN1P/1P3KPB/2RR4 w - - 9 36,-113
2r2b2/n7/2r2pk1/p1Np1bp1/Pp1P3p/1P2PN1P/4K1PB/2RR4 b - - 1 37,-328
2r2b2/n7/p1r2pk1/2Np1bp1/Pp1P3p/1P2PN1P/5KPB/2RR4 b - - 0 36,-295
2r2b2/n7/2r2pk1/p1Np2p1/Pp1Pb2p/1P2PN1P/4K1PB/2RR4 w - - 2 38,-344
2r2b2/n7/2r2pk1/p1Np1bp1/Pp1P3p/1P2PN1P/5KPB/2RR4 w - - 0 37,-285
2r2b2/n7/2r2pk1/p1Np2p1/Pp1Pb2p/1P2PN1P/3K2PB/2RR4 b - - 3 38,-386
2r5/n7/2r2pk1/p1bp2p1/Pp1Pb2p/1P2PN1P/3K2PB/2RR4 w - - 0 39,-404
2r5/n7/2r2pk1/p1Pp2p1/Pp2b2p/1P2PN1P/3K2PB/2RR4 b - - 0 39,-413
8/n7/5pk1/p1rp2p1/Pp2b2p/1P2PN1P/3K2PB/3R4 w - - 0 41,-433
2r5/n7/5pk1/p1Rp2p1/Pp2b2p/1P2PN1P/3K2PB/3R4 b - - 0 40,-429
8/n7/5pk1/p2p2p1/Pp2b2p/1P2PN1P/3K2PB/2r5 w - - 0 42,-444
8/n7/5pk1/p2p2p1/Pp2b2p/1P2PN1P/6PB/2K5 b - - 0 42,-433
2r5/n7/5pk1/p1rp2p1/Pp2b2p/1P2PN1P/3K2PB/2RR4 w - - 0 40,-449
8/n7/5pk1/p1rp2p1/Pp2b2p/1P2PN1P/3K2PB/2R5 b - - 1 41,-457
8/2B5/2n3k1/p2p1pp1/Pp2b2p/1P2PN1P/6P1/2K5 w - - 0 44,-425
8/2B5/2n2pk1/p2p2p1/Pp2b2p/1P2PN1P/6P1/2K5 b - - 2 43,-442
8/2B5/2n3k1/p4pp1/Pp1pb2p/1P2PN1P/3K2P1/8 w - - 0 45,-445
8/2B5/2n3k1/p4pp1/Pp1Pb2p/1P3N1P/3K2P1/8 b - - 0 45,-424
8/2B5/2n3k1/p2p1pp1/Pp2b2p/1P2PN1P/3K2P1/8 b - - 1 44,-448
8/8/2n2pk1/p2p2p1/Pp2b2p/1P2PN1P/6PB/2K5 w - - 1 43,-462
8/2B5/2n3k1/p5p1/Pp1Pbp1p/1P3N1P/4K1P1/8 b - - 1 46,-468
8/2B5/2n3k1/p5p1/Pp1Pbp1p/1P3N1P/3K2P1/8 w - - 0 46,-467
8/2B5/2n3k1/p2b2p1/Pp1P1p1p/1P3N1P/5KP1/8 b - - 3 47,-537
8/2B5/2n3k1/p2b2p1/Pp1P1p1p/1P3N1P/4K1P1/8 w - - 2 47,-446
8/2B5/2n3k1/p5p1/Pp1P1p1p/1b3N1P/5KP1/8 w - - 0 48,-521
8/2B5/2n3k1/p3N1p1/Pp1P1p1p/1b5P/5KP1/8 b - - 1 48,-730
8/2B5/6k1/p3n1p1/Pp1P1p1p/1b5P/5KP1/8 w - - 0 49,-725
8/2B5/6k1/p3P1p1/bp3p1p/7P/5KP1/8 w - - 0 50,-771
8/8/6k1/4P1p1/b4p1p/1pB4P/5KP1/8 b - - 1 51,-774
8/2B5/6k1/p3P1p1/Pp3p1p/1b5P/5KP1/8 b - - 0 49,-779
8/8/8/4Pkp1/b4p1p/1p5P/1B3KP1/8 b - - 3 52,-801
8/8/6k1/B3P1p1/bp3p1p/7P/5KP1/8 b - - 0 50,-778
8/8/2b5/4Pkp1/5p1p/1p5P/1B4P1/5K2 b - - 5 53,-802
8/8/8/4Pkp1/b4p1p/1pB4P/5KP1/8 w - - 2 52,-770
8/8/6k1/B3P1p1/b4p1p/1p5P/5KP1/8 w - - 0 51,-858
8/8/8/3bPkp1/5p1p/1p5P/1B4P1/5K2 w - - 6 54,-882
8/8/8/3bPkp1/5p1p/1p5P/1B3KP1/8 b - - 7 54,-892
8/8/2b5/4Pkp1/5p1p/1p5P/1B3KP1/8 w - - 4 53,-904
8/8/8/3bP1p1/4kp1p/1p5P/1B3KP1/8 w - - 8 55,-849
8/8/8/3bP1p1/4kp1p/1p5P/1B2K1P1/8 b - - 9 55,-965
8/8/8/4P1p1/2b1k2p/1p3P1P/1B1K4/8 b - - 0 57,-1036
8/8/8/4P1p1/2b1kp1p/1p5P/1B1K2P1/8 b - - 11 56,-1243
8/8/8/4P1p1/2b1kp1p/1p5P/1B2K1P1/8 w - - 10 56,-1006
8/8/4bB2/6p1/7p/1p3k1P/3K4/8 b - - 1 59,M-17
8/8/8/4P1p1/2b4p/1p3k1P/1B1K4/8 w - - 0 58,-1214
8/8/4bB2/8/6Pp/1p3k2/3K4/8 b - - 0 60,M-22
8/8/4b3/4B3/6P1/1p3k1p/3K4/8 b - - 1 61,M-20
8/8/8/4B3/6b1/1p3k1p/3K4/8 w - - 0 62,M-19
8/8/4bB2/8/6pp/1p3k1P/3K4/8 w - - 0 60,M-20
8/8/8/4P1p1/2b1k2p/1p3p1P/1B1K2P1/8 w - - 0 57,-1061
8/8/4bB2/8/6P1/1p3k1p/3K4/8 w - - 0 61,-7549
rnbqkb1r/pp1ppppp/5n2/2pP4/2P5/8/PP2PPPP/RNBQKBNR b KQkq - 0 3,42
rnbqkb1r/pp1p1ppp/4pn2/2pP4/2P5/8/PP2PPPP/RNBQKBNR w KQkq - 0 4,33
rnbqkb1r/pp1ppppp/5n2/2p5/2PP4/8/PP2PPPP/RNBQKBNR w KQkq - 0 3,42
rnbqkb1r/pp1p1ppp/4pn2/2pP4/2P5/2N5/PP2PPPP/R1BQKBNR b KQkq - 1 4,40
8/8/4P3/6p1/2b4p/1p3k1P/1B1K4/8 b - - 0 58,-1073
rnbqkb1r/pp3ppp/3p1n2/2pP4/8/2N5/PP2PPPP/R1BQKBNR w KQkq - 0 6,64
rnbqkb1r/pp1p1ppp/5n2/2pp4/2P5/2N5/PP2PPPP/R1BQKBNR w KQkq - 0 5,65
rnbqkb1r/pp1p1ppp/5n2/2pP4/8/2N5/PP2PPPP/R1BQKBNR b KQkq - 0 5,68
8/8/4b3/6p1/7p/1p3k1P/1B1K4/8 w - - 0 59,-1482
rnbqk2r/pp3pbp/3p1np1/2pP4/4P3/2N2N2/PP3PPP/R1BQKB1R w KQkq - 2 8,43
rnbqkb1r/pp3p1p/3p1np1/2pP4/4P3/2N2N2/PP3PPP/R1BQKB1R b KQkq - 1 7,46
rnbqkb1r/pp3ppp/3p1n2/2pP4/4P3/2N5/PP3PPP/R1BQKBNR b KQkq - 0 6,56
rnbqkb1r/pp3p1p/3p1np1/2pP4/4P3/2N5/PP3PPP/R1BQKBNR w KQkq - 0 7,66
rnbq1rk1/pp3pbp/3p1np1/2pP4/4P3/2N2N1P/PP3PP1/R1BQKB1R w KQ - 1 9,36
rnbqk2r/pp3pbp/3p1np1/2pP4/4P3/2N2N1P/PP3PP1/R1BQKB1R b KQkq - 0 8,28
rnbq1rk1/pp3pbp/3p1np1/2pP4/4P3/2NB1N1P/PP3PP1/R1BQK2R b KQ - 2 9,26
rnbq1rk1/p4pbp/3p1np1/1ppP4/4P3/2NB1N1P/PP3PP1/R1BQK2R w KQ - 0 10,28
rnbqr1k1/p4pbp/3p1np1/1NpP4/4P3/3B1N1P/PP3PP1/R1BQK2R w KQ - 1 11,17
rnbqr1k1/p4pbp/3p2p1/1NpP4/4n3/1Q1B1N1P/PP3PP1/R1B2RK1 b - - 1 12,-12
r1bqr1k1/3n1pbp/p2p2p1/2pP4/4n3/NQ1B1N1P/PP3PP1/R1B2RK1 w - - 2 14,-10
rnbqr1k1/p4pbp/3p2p1/1NpP4/4n3/3B1N1P/PP3PP1/R1BQ1RK1 w - - 0 12,24
rnbqr1k1/p4pbp/3p1np1/1NpP4/4P3/3B1N1P/PP3PP1/R1BQ1RK1 b - - 2 11,27
rnbqr1k1/5pbp/p2p2p1/1NpP4/4n3/1Q1B1N1P/PP3PP1/R1B2RK1 w - - 0 13,-11
rnbq1rk1/p4pbp/3p1np1/1NpP4/4P3/3B1N1P/PP3PP1/R1BQK2R b KQ - 0 10,15
rnbqr1k1/5pbp/p2p2p1/2pP4/4n3/NQ1B1N1P/PP3PP1/R1B2RK1 b - - 1 13,0
1rbqr1k1/3n2bp/p2p2p1/2pP1p2/2N1n3/3B1N1P/PPQ2PP1/R1B2RK1 w - - 0 16,-16
r1bqr1k1/3n1pbp/p2p2p1/2pP4/2N1n3/1Q1B1N1P/PP3PP1/R1B2RK1 b - - 3 14,0
1rbqr1k1/3n1pbp/p2p2p1/2pP4/2N1n3/1Q1B1N1P/PP3PP1/R1B2RK1 w - - 4 15,-7
1rbqr1k1/3n2bp/p2p2p1/2pP1p2/2N1nB2/3B1N1P/PPQ2PP1/R4RK1 b - - 1 16,-12
1rb1r1k1/6bp/pq1p2p1/2pP1p2/4nB2/3B1N1P/PPQ2PP1/1R3RK1 b - - 1 18,0
1rb1r1k1/6bp/pq1p2p1/2pP1p2/4nB2/3B1N1P/PPQ2PP1/R4RK1 w - - 0 18,0
1rbqr1k1/3n1pbp/p2p2p1/2pP4/2N1n3/3B1N1P/PPQ2PP1/R1B2RK1 b - - 5 15,4
1r2r1k1/3b2bp/pq1p2p1/2pP1p2/4nB2/3B1N1P/PPQ2PP1/1R3RK1 w - - 2 19,0
1r2r1k1/3b2bp/pq1p2p1/2pP1p2/5B2/3B3P/PP1Q1PP1/1R3RK1 b - - 0 20,0
1r2r1k1/3b2bp/pq1p2p1/2pP1p2/4nB2/3B3P/PPQN1PP1/1R3RK1 b - - 3 19,-16
1r2r1k1/3b2bp/pq1p2p1/2pP1p2/5B2/3B3P/PPQn1PP1/1R3RK1 w - - 0 20,4
1rbqr1k1/6bp/pn1p2p1/2pP1p2/2N1nB2/3B1N1P/PPQ2PP1/R4RK1 w - - 2 17,-7
1rbqr1k1/6bp/pN1p2p1/2pP1p2/4nB2/3B1N1P/PPQ2PP1/R4RK1 b - - 0 17,-3
1r2r1k1/3b3p/pq1p2p1/2pP1p2/3b1B2/3B3P/PP1Q1PP1/1R2R1K1 b - - 2 21,0
1r4k1/3b3p/pq1p2p1/2pP1p2/3b1B2/3B3P/PP1Q1PP1/1R2r1K1 w - - 0 22,0
4r1k1/3b3p/pq1p2p1/2pP1p2/3b1B2/3B3P/PP1Q1PP1/1R4K1 b - - 2 23,0
1r4k1/3b3p/pq1p2p1/2pP1p2/3b1B2/3B3P/PP3PP1/1R2Q1K1 b - - 0 22,0
4r1k1/3b3p/pq1p2p1/2pP1p2/3b1B2/3B3P/PP3PP1/1R2Q1K1 w - - 1 23,2
4r1k1/3b3p/1q1p2p1/p1pP1p2/3b1B2/1P1B3P/P2Q1PP1/1R4K1 b - - 0 24,0
4r1k1/3b3p/1q1p2p1/p1pPbp2/5B2/PP1B3P/3Q1PP1/1R4K1 b - - 0 25,5
4r1k1/7p/1q1p2p1/pBpPbp2/5B2/PP5P/3Q1PP1/1R4K1 b - - 0 26,0
4r1k1/3b3p/1q1p2p1/p1pPbp2/5B2/1P1B3P/P2Q1PP1/1R4K1 w - - 1 25,0
4r1k1/7p/3p2p1/pqpPbp2/5B2/PP5P/3Q1PP1/1R4K1 w - - 0 27,0
4r1k1/7p/1q1p2p1/pbpPbp2/5B2/PP1B3P/3Q1PP1/1R4K1 w - - 1 26,0
4r1k1/7p/3p2p1/pqpPBp2/8/PP5P/3Q1PP1/1R4K1 b - - 0 27,0
6k1/7p/3p2p1/pqpPrp2/8/PP5P/3Q1PP1/4R1K1 b - - 1 28,0
6k1/7p/3p2p1/pqpPrp2/8/PP5P/3Q1PP1/1R4K1 w - - 0 28,0
1r2r1k1/3b3p/pq1p2p1/2pP1p2/3b1B2/3B3P/PP1Q1PP1/1R3RK1 w - - 1 21,15
4r1k1/3b3p/1q1p2p1/p1pP1p2/3b1B2/3B3P/PP1Q1PP1/1R4K1 w - - 0 24,0
8/5k1p/6pQ/pqpPpp2/8/PP5P/5PP1/6K1 b - - 1 30,1
8/5k1p/3p2p1/pqpPrp2/8/PP5P/3Q1PP1/4R1K1 w - - 2 29,28
8/5k1p/3p2p1/pqpPRp2/8/PP5P/3Q1PP1/6K1 b - - 0 29,16
8/7p/5kp1/pqpPpp2/5P2/PPQ4P/6P1/6K1 b - - 0 33,0
8/7p/5kp1/p1pPpp2/5P2/PPQ4P/4q1P1/6K1 w - - 1 34,0
6k1/7p/6pQ/pqpPpp2/8/PP5P/5PP1/6K1 w - - 2 31,266
8/7p/5kp1/p1QPpp2/5P2/PP5P/4q1P1/6K1 b - - 0 34,0
8/7p/5kp1/p1QP1p2/5p2/PP5P/4q1P1/6K1 w - - 0 35,0
8/7p/5kp1/p2Pqp2/5p2/PPQ4P/6P1/6K1 w - - 2 36,0
8/7p/5kp1/p2P1p2/5p2/PPQ4P/4q1P1/6K1 b - - 1 35,0
8/7p/2Q3p1/p2Pqpk1/5p2/PP5P/6P1/6K1 w - - 4 37,0
8/7p/2QP2p1/p3qpk1/5p2/PP5P/6P1/6K1 b - - 0 37,0
8/7p/2QP2p1/p4pk1/5p2/PP5P/6P1/4q1K1 w - - 1 38,0
8/7p/2Q2kp1/p2Pqp2/5p2/PP5P/6P1/6K1 b - - 3 36,0
8/7p/2QP2p1/p4pk1/5p2/PP5P/6PK/4q3 b - - 2 38,0
8/7p/2QP2p1/p4pk1/5p2/PP4qP/6PK/8 w - - 3 39,0
8/7p/2QP2p1/p4pk1/5p2/PP4qP/6P1/6K1 b - - 4 39,0
8/5k1p/6p1/pqpPpp2/8/PP5P/3Q1PP1/6K1 w - - 0 30,13
8/5k1p/6p1/pqpPpp2/8/PPQ4P/5PP1/6K1 b - - 5 32,6
8/7p/5kp1/pqpPpp2/8/PPQ4P/5PP1/6K1 w - - 6 33,7
2rq1rk1/p2nbppp/bp6/2Pp4/2P5/1PB3P1/P2N1PBP/R2Q1RK1 b - - 0 15,0
2rq1rk1/p2nbppp/bpP5/8/2p5/1PB3P1/P2N1PBP/R2Q1RK1 b - - 0 16,0
6k1/7p/6p1/pqpPpp2/8/PP5P/3Q1PP1/6K1 b - - 3 31,17
2rq1rk1/p2nbppp/bp2p3/2pP4/2PP4/1PB3P1/P2N1PBP/R2Q1RK1 b - - 0 14,0
2rq1rk1/p2nbppp/bpP5/8/8/1pB3P1/P2N1PBP/R2Q1RK1 w - - 0 17,0
2rq1rk1/p2nbppp/bp6/2pp4/2PP4/1PB3P1/P2N1PBP/R2Q1RK1 w - - 0 15,10
2rq1rk1/p2nbppp/bp2p3/2pp4/2PPP3/1PB3P1/P2N1PBP/R2Q1RK1 w - - 0 14,11
2rq1rk1/p2nbppp/1pP5/1b6/8/1pB3P1/P2N1PBP/R2QR1K1 w - - 2 18,0
2rq1rk1/p2nbppp/bpP5/8/8/1pB3P1/P2N1PBP/R2QR1K1 b - - 1 17,0
2rq1rk1/p2nbppp/1pP5/1b6/8/1PB3P1/3N1PBP/R2QR1K1 b - - 0 18,0
2rq1rk1/p2nbppp/1pB5/8/8/1PB3P1/3N1P1P/R2QR1K1 b - - 0 19,0
3q1rk1/R2nbppp/1pr5/8/8/1PB3P1/3N1P1P/3QR1K1 b - - 0 20,0
3q1rk1/p2nbppp/1pr5/8/8/1PB3P1/3N1P1P/R2QR1K1 w - - 0 20,0
2rq1rk1/p2nbppp/1pb5/8/8/1PB3P1/3N1PBP/R2QR1K1 w - - 0 19,0
2rq1rk1/p2nbppp/bp6/2P5/2p5/1PB3P1/P2N1PBP/R2Q1RK1 w - - 0 16,5
3q1rk1/R2n1ppp/1pr2b2/8/8/1PB3P1/3N1P1P/3QR1K1 w - - 1 21,20
3q1rk1/R2n1ppp/1pr2b2/8/2N5/1PB3P1/5P1P/3QR1K1 b - - 2 21,19
3q1rk1/3R1ppp/1pr5/8/2N5/1Pb3P1/5P1P/3QR1K1 b - - 0 22,9
5rk1/3R1ppp/1pr2q2/8/2N1R3/1Pb3P1/5P1P/3Q2K1 b - - 2 23,5
3q1rk1/R2n1ppp/1pr5/8/2N5/1Pb3P1/5P1P/3QR1K1 w - - 0 22,19
5rk1/3R1ppp/1pr2q2/8/2N5/1Pb3P1/5P1P/3QR1K1 w - - 1 23,14
5rk1/5Rpp/1pr1q3/8/2N2R2/1Pb3P1/5P1P/3Q2K1 b - - 0 25,243
5rk1/3R1ppp/1pr5/5q2/2N2R2/1Pb3P1/5P1P/3Q2K1 b - - 4 24,244
5rk1/3R1ppp/1pr1q3/8/2N2R2/1Pb3P1/5P1P/3Q2K1 w - - 5 25,244
4r1k1/5Rpp/1pr1q3/8/2N2R2/1Pb3P1/5P1P/3Q2K1 w - - 1 26,237
5rk1/3R1ppp/1pr5/5q2/2N1R3/1Pb3P1/5P1P/3Q2K1 w - - 3 24,247
4r1k1/5Rpp/1pr1q3/8/2N2R2/1Pb2QP1/5P1P/6K1 b - - 2 26,241
4r1k1/5Rpp/1pr1qb2/8/2N2R2/1P3QP1/5P1P/6K1 w - - 3 27,234
4r2k/1R4p1/1pr1qb1p/8/2N2R1P/1P3QP1/5PK1/8 b - - 0 29,248
4r1k1/1R4p1/1pr1qb1p/8/2N2R2/1P3QP1/5PKP/8 b - - 1 28,252
4r2k/1R4p1/1pr1qb1p/8/2N2R2/1P3QP1/5PKP/8 w - - 2 29,274
4r1k1/1R4p1/1pr1qb1p/8/2N2R2/1P3QP1/5P1P/6K1 w - - 0 28,272
4r1k1/1R4pp/1pr1qb2/8/2N2R2/1P3QP1/5P1P/6K1 b - - 4 27,250
4r1k1/1R4p1/1pr1qb1p/8/2N2R1P/1P3QP1/5PK1/8 w - - 1 30,270
4r2k/1R4p1/1pr1qb1p/8/2N2R1P/1P3QP1/5P1K/8 w - - 3 31,267
4r1k1/1R4p1/1pr1qb1p/8/2N2R1P/1P3QP1/5P1K/8 b - - 2 30,287
5r1k/6p1/1pr1q2p/7Q/2Nb1R1P/1P4P1/5P1K/8 w - - 0 34,209
4r2k/1R4p1/1pr1qb1p/7Q/2N2R1P/1P4P1/5P1K/8 b - - 4 31,243
3r3k/5Rp1/1pr1qb1p/7Q/2N2R1P/1P4P1/5P1K/8 b - - 6 32,282
3r3k/1R4p1/1pr1qb1p/7Q/2N2R1P/1P4P1/5P1K/8 w - - 5 32,285
3r1R1k/6p1/1pr1q2p/7Q/2Nb1R1P/1P4P1/5P1K/8 b - - 8 33,239
5R1k/6p1/1pr1q2p/7Q/2Nb3P/1P4P1/5P1K/8 b - - 0 34,246
5R2/6pk/1pr1q2p/8/2Nb3P/1P3QP1/5P1K/8 b - - 2 35,214
3r3k/5Rp1/1pr1q2p/7Q/2Nb1R1P/1P4P1/5P1K/8 w - - 7 33,279
5R2/6pk/1pr1q2p/7Q/2Nb3P/1P4P1/5P1K/8 w - - 1 35,237
8/6pk/1pr1q2p/2b2R2/2N4P/1P3QP1/5P1K/8 b - - 4 36,178
2r5/6pk/1p2q2p/2b2R2/2N4P/1P3QP1/5P1K/8 w - - 5 37,173
2r5/6pk/1p2q2p/2b2R1P/2N5/1P3QP1/5P1K/8 b - - 0 37,159
3r4/6pk/1p2q2p/2b1R2P/2N5/1P3QP1/5P1K/8 b - - 2 38,144
5R2/6pk/1pr1q2p/2b5/2N4P/1P3QP1/5P1K/8 w - - 3 36,227
3r4/6pk/1p2q2p/2b2R1P/2N5/1P3QP1/5P1K/8 w - - 1 38,158
3r4/3q2pk/1p5p/2b1R2P/2N1Q3/1P4P1/5P1K/8 b - - 4 39,137
3r3k/3q2p1/1p5p/2b1R2P/2N1Q3/1P4P1/5PK1/8 b - - 6 40,176
3r4/3q2pk/1p5p/2b1R2P/2N5/1P3QP1/5P1K/8 w - - 3 39,164
5r1k/3q2p1/1p5p/2b1R2P/2N1QP2/1P4P1/6K1/8 b - - 0 41,169
3r3k/3q2p1/1p5p/2b1R2P/2N1Q3/1P4P1/5P1K/8 w - - 5 40,177
5r1k/3q2p1/1p5p/2b1R2P/2N1Q3/1P4P1/5PK1/8 w - - 7 41,170
3r3k/3q2p1/1p5p/2b1R2P/2N2P2/1P3QP1/6K1/8 b - - 2 42,89
3r3k/3q2p1/1p5p/2b1R2P/2N1QP2/1P4P1/6K1/8 w - - 1 42,161
3r3k/3q2p1/1p5p/4R2P/2Nb1P2/1P3QP1/6K1/8 w - - 3 43,88
3r3k/3q2p1/1p5p/7P/2Nb1P2/1P3QP1/4R1K1/8 b - - 4 43,89
3r3k/3q2p1/1b5p/1p5P/5P2/1P3QP1/3NR1K1/8 w - - 2 45,134
3r3k/3q2p1/1b5p/1p5P/4NP2/1P3QP1/4R1K1/8 b - - 3 45,81
3r3k/3q2p1/7p/1p5P/2Nb1P2/1P3QP1/4R1K1/8 w - - 0 44,86
3r3k/6p1/1b5p/1p5P/4NP2/1P3QP1/4R1K1/3q4 w - - 4 46,113
3r3k/3q2p1/7p/1p5P/3b1P2/1P3QP1/3NR1K1/8 b - - 1 44,70
3r3k/6p1/1b5p/1p5P/5P2/1P3QP1/4RNK1/1q6 w - - 6 47,119
3r3k/6p1/1b5p/1p5P/5P2/1P3QP1/4RNK1/3q4 b - - 5 46,181
3r3k/6p1/1b5p/1p5P/5PN1/1P3QP1/4R1K1/1q6 b - - 7 47,129
3r3k/6p1/1b5p/1p3q1P/5PN1/1P3QP1/4R1K1/8 w - - 8 48,306
3r2k1/6p1/1b5p/1p2Nq1P/5P2/1P3QP1/4R1K1/8 w - - 10 49,615
3r3k/6p1/1b5p/1p2Nq1P/5P2/1P3QP1/4R1K1/8 b - - 9 48,309
3r2k1/6p1/1bN4p/1p3q1P/5P2/1P3QP1/4R1K1/8 b - - 11 49,632
rnbqkb1r/pppppppp/5n2/8/2P5/5N2/PP1PPPPP/RNBQKB1R b KQkq - 0 2,28
rnbqkb1r/pppp1ppp/4pn2/8/2P5/5NP1/PP1PPP1P/RNBQKB1R b KQkq - 0 3,33
rnbqkb1r/pppp1ppp/4pn2/8/2P5/5N2/PP1PPPPP/RNBQKB1R w KQkq - 0 3,30
rnbqkb1r/1ppp1ppp/p3pn2/8/2P5/5NP1/PP1PPP1P/RNBQKB1R w KQkq - 0 4,39
rnbqkb1r/1ppp1ppp/p3pn2/8/2P5/5NP1/PP1PPPBP/RNBQK2R b KQkq - 1 4,38
rnbqkb1r/2pp1ppp/p3pn2/1p6/2P5/5NP1/PP1PPPBP/RNBQK2R w KQkq - 0 5,47
rnbqkb1r/2pp1ppp/p3pn2/1p6/2P5/1P3NP1/P2PPPBP/RNBQK2R b KQkq - 0 5,45
rn1qkb1r/1b1p1ppp/p3pn2/1pp5/2P5/1P2PNP1/P2P1PBP/RNBQ1RK1 b kq - 0 7,9
rnbqkb1r/3p1ppp/p3pn2/1pp5/2P5/1P3NP1/P2PPPBP/RNBQ1RK1 b kq - 1 6,73
rn1qk2r/1b1pbppp/p3pn2/1pp5/2P5/1P2PNP1/P2P1PBP/RNBQ1RK1 w kq - 1 8,17
rnbqkb1r/3p1ppp/p3pn2/1pp5/2P5/1P3NP1/P2PPPBP/RNBQK2R w KQkq - 0 6,78
rn1qk2r/1b1pbppp/p3pn2/1pp5/2P5/1PN1PNP1/P2P1PBP/R1BQ1RK1 b kq - 2 8,17
rn1qkb1r/1b1p1ppp/p3pn2/1pp5/2P5/1P3NP1/P2PPPBP/RNBQ1RK1 w kq - 2 7,69
rn2k2r/1b1pbppp/p3pn2/qpp5/2P5/1PN1PNP1/P2P1PBP/R1BQ1RK1 w kq - 3 9,48
rn2k2r/1b1pbppp/p3pn2/qpp5/2P5/1PN1PNP1/PB1P1PBP/R2Q1RK1 b kq - 4 9,46
rn3rk1/1b1pbppp/p3pn2/qpp5/2P5/1PN1PNP1/PB1PQPBP/R4RK1 b - - 6 10,24
r4rk1/1b1pbppp/p1n1pn2/qpp5/2P5/1PN1PNP1/PB1PQPBP/R4RK1 w - - 7 11,18
rn3rk1/1b1pbppp/p3pn2/qpp5/2P5/1PN1PNP1/PB1P1PBP/R2Q1RK1 w - - 5 10,50
r4rk1/1b1pbppp/p1n1pn2/q1p5/2p5/1PN1PNP1/PB1PQPBP/RR4K1 w - - 0 12,-11
r4rk1/1b1pbppp/p1n1pn2/qpp5/2P5/1PN1PNP1/PB1PQPBP/RR4K1 b - - 8 11,-11
br3rk1/3pbppp/p1n1pn2/q1p5/2P5/2NPPNP1/PB2QPBP/RR4K1 w - - 1 14,-7
br3rk1/3pbppp/p1n1pn2/q1p5/2P5/P1NPPNP1/1B2QPBP/RR4K1 b - - 0 14,-2
brr3k1/3pbppp/p1n1pn2/q1p5/2P5/P1NPPNP1/1B2QPBP/RR4K1 w - - 1 15,-5
1r3rk1/1b1pbppp/p1n1pn2/q1p5/2P5/2NPPNP1/PB2QPBP/RR4K1 b - - 0 13,-13
r4rk1/1b1pbppp/p1n1pn2/q1p5/2P5/2N1PNP1/PB1PQPBP/RR4K1 b - - 0 12,-15
brrn2k1/3pbppp/p3pn2/q1p5/2P5/P1NPPNP1/1BQ2PBP/RR4K1 w - - 3 16,0
brrn2k1/3pbppp/p3pn2/q1p5/2P5/P1NPPNP1/2Q2PBP/RRB3K1 b - - 4 16,-6
brr3k1/3pbppp/p1n1pn2/q1p5/2P5/P1NPPNP1/1BQ2PBP/RR4K1 b - - 2 15,-3
brrn2k1/4bppp/p2ppn2/q1p5/2P5/P1NPPNP1/2QB1PBP/RR4K1 b - - 1 17,-17
brrn2k1/2q1bppp/p2ppn2/2p5/2P5/P1NPPNP1/2QB1PBP/RR4K1 w - - 2 18,-8
brrn2k1/4bppp/p2ppn2/q1p5/2P5/P1NPPNP1/2Q2PBP/RRB3K1 w - - 0 17,-4
br1n2k1/2q1bppp/p2ppn2/2p5/2P5/P1NPPNP1/2QB1PBP/1R4K1 b - - 1 19,-12
bRrn2k1/2q1bppp/p2ppn2/2p5/2P5/P1NPPNP1/2QB1PBP/R5K1 b - - 0 18,-2
1R1n2k1/2q1bppp/p1bppn2/2p5/2P5/P1NPPNP1/2QB1PBP/6K1 b - - 0 20,-13
1r3rk1/1b1pbppp/p1n1pn2/q1p5/2P5/2N1PNP1/PB1PQPBP/RR4K1 w - - 1 13,-9
br1n2k1/2q1bppp/p2ppn2/2p5/2P5/P1NPPNP1/2QB1PBP/R5K1 w - - 0 19,0
1r1n2k1/2q1bppp/p1bppn2/2p5/2P5/P1NPPNP1/2QB1PBP/1R4K1 w - - 2 20,-8
1q1n2k1/4bppp/p1bppn2/2p5/2P5/P1NPPNP1/2QB1PBP/6K1 w - - 0 21,-7
1q1n2k1/4bppp/p2ppn2/2p5/2P5/P1NPP1P1/2QB1PKP/4N3 b - - 0 22,-22
1q1n2k1/4bppp/p2ppn2/2p5/2P5/P1NPP1P1/2QB1PbP/4N1K1 w - - 0 22,-17
1q1n2k1/4bppp/p1bppn2/2p5/2P5/P1NPP1P1/2QB1PBP/4N1K1 b - - 1 21,-20
3n2k1/1q2bppp/p2ppn2/2p5/2P5/P1NPP1P1/2QB1PKP/4N3 w - - 1 23,-19
3n2k1/1q1nbppp/p2pp3/2p5/2P5/P1NPPPP1/3B2KP/1Q2N3 b - - 2 24,-21
3n2k1/1q1nbppp/p2pp3/2p5/2P5/P1NPPPP1/2QB2KP/4N3 w - - 1 24,-21
3n2k1/1q2bppp/p2ppn2/2p5/2P5/P1NPPPP1/2QB2KP/4N3 b - - 0 23,-23
3n2k1/3nbppp/p2pp3/2p5/2P5/P2PPPP1/3B2KP/1N2N3 b - - 0 25,-24
3n2k1/3nbppp/p2pp3/2p5/2P5/P1NPPPP1/3B2KP/1q2N3 w - - 0 25,-26
6k1/3nbppp/p1npp3/2p5/2P5/P1BPPPP1/6KP/1N2N3 b - - 2 26,-27
6k1/3nbppp/p1npp3/2p5/2P5/P2PPPP1/3B2KP/1N2N3 w - - 1 26,-15
6k1/3nb1pp/p1npp3/2p2p2/2P5/P1BPPPP1/6KP/1N2N3 w - - 0 27,-12
8/3nbkpp/p1npp3/2p2p2/2P5/P1BPPPP1/3N2KP/4N3 w - - 2 28,-19
6k1/3nb1pp/p1npp3/2p2p2/2P5/P1BPPPP1/3N2KP/4N3 b - - 1 27,-21
8/3nbkpp/p1npp3/2p2p2/2P5/P1BPPPP1/3N1K1P/4N3 b - - 3 28,-21
8/3nbk1p/p1npp3/2p2pp1/2P5/P1BPPPPP/3N1K2/4N3 b - - 0 29,-36
8/3nbk2/p1npp3/2p2ppp/2P5/P1BPPPPP/3N1K2/4N3 w - - 0 30,-19
8/3nbk2/p1npp3/2p2ppp/2P5/P1BPPPPP/3NK3/4N3 b - - 1 30,-23
8/3nb3/p1npp1k1/2p2ppp/2P5/P1BPPPPP/3NK3/4N3 w - - 2 31,-14
8/3nb3/p1npp1k1/2p2ppp/2P5/PNBPPPPP/4K3/4N3 b - - 3 31,-21
8/3nbk1p/p1npp3/2p2pp1/2P5/P1BPPPP1/3N1K1P/4N3 w - - 0 29,-16
8/3nb3/p1n1p1k1/2pp1ppp/2P5/PNBPPPPP/4K3/4N3 w - - 0 32,-20
8/3nb3/p1n1p1k1/2pp1ppp/2P1P3/PNBP1PPP/4K3/4N3 b - - 0 32,-19
8/3n4/p1nb2k1/2pp1Ppp/8/PNBP1PPP/4K3/4N3 b - - 0 34,-8
8/3n4/p1nb2k1/2pp1ppp/4P3/PNBP1PPP/4K3/4N3 w - - 0 34,-16
8/3n4/p1nbp1k1/2pp1ppp/2P1P3/PNBP1PPP/4K3/4N3 w - - 1 33,-12
8/3n4/p1nbp1k1/2pP1ppp/4P3/PNBP1PPP/4K3/4N3 b - - 0 33,-12
8/3n4/p1nb4/2pp1kpp/6P1/PNBP1P1P/4K3/4N3 b - - 0 35,-12
8/3n4/p1nb4/2pp1kpp/8/PNBP1PPP/4K3/4N3 w - - 0 35,-9
8/3n4/p1nb2k1/2pp2pp/6P1/PNBP1P1P/4K3/4N3 w - - 1 36,-8
8/3n4/p1nb2k1/2pp2p1/6p1/PNBP1P1P/4K1N1/8 w - - 0 37,-14
8/3n4/p1nb2k1/2pp2pp/6P1/PNBP1P1P/4K1N1/8 b - - 2 36,-12
8/3nb3/p5k1/n1pp2p1/6P1/P1BP3P/4K1N1/8 w - - 0 39,-10
8/3nb3/p1n3k1/N1pp2p1/6P1/P1BP3P/4K1N1/8 b - - 2 38,-12
8/3nb3/p1n3k1/2pp2p1/6P1/PNBP3P/4K1N1/8 w - - 1 38,-12
8/3nbk2/p7/B1pp2p1/6P1/P2P3P/4K1N1/8 w - - 1 40,-9
8/3n4/p1nb2k1/2pp2p1/6P1/PNBP3P/4K1N1/8 b - - 0 37,-12
8/3nb3/p5k1/B1pp2p1/6P1/P2P3P/4K1N1/8 b - - 0 39,-8
8/3nbk2/p7/B1pp2p1/6P1/P2PN2P/4K3/8 b - - 2 40,-2
8/3nb3/p3k3/B1pp2p1/6P1/P2PN2P/4K3/8 w - - 3 41,-2
8/3n4/p3kb2/B1pp1Np1/6P1/P2P3P/4K3/8 w - - 5 42,-2
8/3nb3/p3k3/B1pp1Np1/6P1/P2P3P/4K3/8 b - - 4 41,-2
5n2/8/p3kb2/2pp1Np1/6P1/P2PB2P/4K3/8 b - - 8 43,-16
5n2/8/p3kb2/2p2Np1/3p2P1/P2P3P/4K3/2B5 b - - 1 44,-21
5n2/8/p3kb2/2p2Np1/3p2P1/P2PB2P/4K3/8 w - - 0 44,-20
5n2/8/p3kb2/2pp1Np1/6P1/P2P3P/3BK3/8 w - - 7 43,-16
3b1n2/8/p3k3/2p2Np1/3p2P1/P2P3P/4K3/2B5 w - - 2 45,0
8/3n4/p3kb2/2pp1Np1/6P1/P2P3P/3BK3/8 b - - 6 42,-9
3b1n2/8/p3k3/2p3p1/3p2P1/P2P2NP/4K3/2B5 b - - 3 45,-40
8/2b5/p3n3/2pk2p1/3p2P1/P2P3P/4K2N/2B5 w - - 8 48,-37
3b4/8/p3n3/2pk2p1/3p2P1/P2P3P/4K2N/2B5 b - - 7 47,-58
3b1n2/8/p7/2pk2p1/3p2P1/P2P3P/4K3/2B2N2 b - - 5 46,-44
8/8/p3n3/3k2p1/2pp1bP1/P2P1N1P/3BK3/8 w - - 0 50,0
8/8/p3n3/2pk2p1/3p1bP1/P2P1N1P/3BK3/8 b - - 11 49,-2
8/2b5/p3n3/2pk2p1/3p2P1/P2P1N1P/4K3/2B5 b - - 9 48,-30
8/8/p3n3/3k2p1/2Pp1bP1/P4N1P/3BK3/8 b - - 0 50,0
8/8/p3n3/2pk2p1/3p1bP1/P2P1N1P/4K3/2B5 w - - 10 49,-4
3b4/8/p3n3/2pk2p1/3p2P1/P2P3P/4K3/2B2N2 w - - 6 47,-44
3b1n2/8/p7/2pk2p1/3p2P1/P2P2NP/4K3/2B5 w - - 4 46,-34
8/8/p3n3/6p1/2kp1bP1/P4N1P/3BK3/8 w - - 0 51,0
8/8/p3n3/8/2k3PN/P2p4/3b4/3K4 w - - 0 54,0
8/8/p3n3/8/2k3PN/P2p4/3K4/8 b - - 0 54,0
8/8/p7/6n1/2k3PN/P2p4/3K4/8 w - - 1 55,0
8/8/p7/5Nn1/2k3P1/P2p4/3K4/8 b - - 2 55,0
8/8/p7/5N2/2k3P1/P2p1n2/3K4/8 w - - 3 56,0
8/8/p7/5N2/2k3P1/P2pKn2/8/8 b - - 4 56,0
8/8/p3n3/8/2kp1bPp/P4N2/3BK3/8 w - - 0 52,0
8/8/p3n3/8/2k2bPN/P2p4/3BK3/8 w - - 0 53,-3
8/8/p7/4nN2/2k3P1/P2pK3/8/8 w - - 5 57,0
8/8/p7/4n3/4N1P1/P1kpK3/8/8 b - - 8 58,3
8/8/p2N4/4n3/6P1/P1kpK3/8/8 w - - 7 58,0
8/8/p2N4/4n3/2k3P1/P2pK3/8/8 b - - 6 57,-2
8/8/p3n3/8/2k2bPN/P2p4/3B4/3K4 b - - 1 53,-2
8/8/p3n3/8/2kp1bPN/P7/3BK3/8 b - - 0 52,0
8/8/p7/4n3/4N1P1/P2pK3/2k5/8 w - - 9 59,11
8/8/p7/4n1P1/4N3/P2pK3/2k5/8 b - - 0 59,0
8/8/p3n3/6p1/2kp1bPP/P4N2/3BK3/8 b - - 0 51,0
8/8/p5n1/6P1/3KN3/P2p4/2k5/8 b - - 2 60,9
8/8/p5n1/6P1/4N3/P2pK3/2k5/8 w - - 1 60,6
rn1q1rk1/p3bppp/bpp1pn2/3pN3/2PP4/1PB3P1/P3PPBP/RN1Q1RK1 b - - 3 10,30
rn1q1rk1/pb2bppp/1pp1pn2/3pN3/2PP4/1PB3P1/P3PPBP/RN1Q1RK1 w - - 4 11,31
rn1q1rk1/p3bppp/bpp1pn2/3pN3/2PP4/1PB3P1/P3PPBP/RN1QK2R w KQ - 2 10,32
r2q1rk1/pb2bppp/np2pn2/2ppN3/2PPP3/1PB3P1/P2N1PBP/R2Q1RK1 w - - 0 13,82
r2q1rk1/pb2bppp/npp1pn2/3pN3/2PP4/1PB3P1/P2NPPBP/R2Q1RK1 w - - 6 12,47
r2q1rk1/pb2bppp/npp1pn2/3pN3/2PPP3/1PB3P1/P2N1PBP/R2Q1RK1 b - - 0 12,49
r2q1rk1/pb2bppp/np2pn2/2pPN3/2PP4/1PB3P1/P2N1PBP/R2Q1RK1 b - - 0 13,77
r2q1rk1/pb2bppp/np3n2/2ppN3/2PP4/1PB3P1/P2N1PBP/R2QR1K1 b - - 1 14,78
r2q1rk1/pb2bppp/np3n2/2ppN3/2PP4/1PB3P1/P2N1PBP/R2Q1RK1 w - - 0 14,65
r2q1rk1/pb2bppp/1p3n2/2np4/2PB2N1/1P4P1/P2N1PBP/R2QR1K1 b - - 2 16,18
r2q1rk1/p3bppp/1p3n2/2n5/2NB2N1/1P4P1/P4PbP/R2QR1K1 w - - 0 18,19
r2q1rk1/pb2bppp/1p3n2/2n5/2pB2N1/1P4P1/P2N1PBP/R2QR1K1 w - - 0 17,29
r2q1rk1/pb2bppp/np3n2/3pN3/2Pp4/1PB3P1/P2N1PBP/R2QR1K1 w - - 0 15,123
r2q1rk1/pb2bppp/1p3n2/2n5/2NB2N1/1P4P1/P4PBP/R2QR1K1 b - - 0 17,23
r2q1rk1/p3bppp/1p3n2/2n5/2NB2N1/1P4P1/P4PKP/R2QR3 b - - 0 18,20
r2q1rk1/p3bppp/1p6/2n5/2NB2n1/1P4P1/P4PKP/R2QR3 w - - 0 19,29
r2q1rk1/pb2bppp/1p3n2/2npN3/2PB4/1P4P1/P2N1PBP/R2QR1K1 w - - 1 16,139
r2q1rk1/p4ppp/1p3b2/2n5/2NB2Q1/1P4P1/P4PKP/3RR3 b - - 2 20,6
r2q1rk1/p4ppp/1p3b2/2n5/2NB2Q1/1P4P1/P4PKP/R3R3 w - - 1 20,18
r2q1rk1/p4pp1/1p3b2/2n4p/2NB2Q1/1P4P1/P4PKP/3RR3 w - - 0 21,12
r2q1rk1/p4pp1/1p3B2/2n5/2N3p1/1P4P1/P4PKP/3RR3 w - - 0 22,2
r2q1rk1/pb2bppp/np3n2/3pN3/2PB4/1P4P1/P2N1PBP/R2QR1K1 b - - 0 15,126
r2q1rk1/p3bppp/1p6/2n5/2NB2Q1/1P4P1/P4PKP/R3R3 b - - 0 19,22
3r1rk1/p4pp1/1p6/2n5/6p1/1P2N1P1/P4PKP/3RR3 b - - 1 23,1
3r1rk1/p4pp1/1p6/8/6p1/1P1nN1P1/P4PKP/3RR3 w - - 2 24,9
r2q1rk1/p4pp1/1p3B2/2n4p/2N3Q1/1P4P1/P4PKP/3RR3 b - - 0 21,9
3r1rk1/p4pp1/1p6/4n3/6p1/1P2N1P1/P3RPKP/3R4 w - - 4 25,0
3r1rk1/p4pp1/1p6/8/6p1/1P1nN1P1/P3RPKP/3R4 b - - 3 24,4
5rk1/p4pp1/1p6/4n3/6p1/1P2N1P1/P2R1PKP/8 b - - 0 26,0
5rk1/p4p2/1p4p1/4n3/6p1/1P2N1PP/P2R1PK1/8 b - - 0 27,0
3r1rk1/p4pp1/1p6/2n5/2N3p1/1P4P1/P4PKP/3RR3 w - - 0 23,6
r2B1rk1/p4pp1/1p6/2n5/2N3p1/1P4P1/P4PKP/3RR3 b - - 0 22,7
5rk1/p4p2/1p4p1/4n3/8/1P2N1Pp/P2R1PK1/8 w - - 0 28,0
5rk1/p4p2/1p4p1/4n3/6p1/1P2N1P1/P2R1PKP/8 w - - 0 27,4
4r1k1/p4p2/1p4p1/4n3/8/1P2N1P1/P2R1PK1/8 b - - 2 29,0
5rk1/p4pp1/1p6/4n3/6p1/1P2N1P1/P2r1PKP/3R4 w - - 0 26,0
5rk1/p4p2/1p4p1/4n3/8/1P2N1PK/P2R1P2/8 b - - 0 28,0
3r1rk1/p4pp1/1p6/4n3/6p1/1P2N1P1/P2R1PKP/3R4 b - - 5 25,12
4rk2/p4p2/1p4p1/4n3/8/1P2N1P1/P2R1PK1/8 w - - 3 30,9
4r1k1/p4p2/1p4p1/4n3/8/1P2N1PK/P2R1P2/8 w - - 1 29,2
4rk2/p4p2/1p4p1/4n3/5P2/1P2N1P1/P2R2K1/8 b - - 0 30,4
5k2/p4p2/1pn1r1p1/8/5P2/1P2NKP1/P2R4/8 w - - 3 32,12
5k2/p4p2/1pn1r1p1/8/5PP1/1P2NK2/P2R4/8 b - - 0 32,5
4rk2/p4p2/1pn3p1/8/5P2/1P2NKP1/P2R4/8 b - - 2 31,5
4rk2/p4p2/1pn3p1/8/5P2/1P2N1P1/P2R2K1/8 w - - 1 31,3
4k3/p4p2/2n1r1p1/1p6/5PP1/1P2NK2/P7/3R4 b - - 3 34,15
4k3/p3np2/4r1p1/1p6/5PP1/1P2NK2/P7/3R4 w - - 4 35,6
5k2/p2R1p2/2n1r1p1/1p6/5PP1/1P2NK2/P7/8 b - - 1 33,11
4k3/p2R1p2/2n1r1p1/1p6/5PP1/1P2NK2/P7/8 w - - 2 34,10
5k2/p4p2/2n1r1p1/1p6/5PP1/1P2NK2/P2R4/8 w - - 0 33,33
4k3/p3np2/4r3/1p3p2/6P1/1P2NK2/P7/3R4 w - - 0 36,6
4k3/p3np2/4r3/1p3P2/8/1P2NK2/P7/3R4 b - - 0 36,0
4k3/p3np2/4r1p1/1p3P2/6P1/1P2NK2/P7/3R4 b - - 0 35,8
4k1n1/p4p2/r7/1p2KP2/8/1P2N3/P2R4/8 b - - 6 39,3
4k1n1/p4p2/2r5/1p2KP2/8/1P2N3/P7/3R4 b - - 4 38,4
4k3/p4p2/r4n2/1p2KP2/8/1P2N3/P2R4/8 w - - 7 40,0
4k3/p3np2/2r5/1p3P2/8/1P2NK2/P7/3R4 w - - 1 37,4
4k3/p3np2/2r5/1p3P2/4K3/1P2N3/P7/3R4 b - - 2 37,2
4k1n1/p4p2/r7/1p2KP2/8/1P2N3/P7/3R4 w - - 5 39,2
4k3/p4p2/r4n2/1p2KP2/8/1P2N3/P1R5/8 b - - 8 40,0
4k1n1/p4p2/2r5/1p3P2/4K3/1P2N3/P7/3R4 w - - 3 38,6
3k4/p4p2/r4n2/1p2KP2/8/1P2N3/P1R5/8 w - - 9 41,0
3k4/p4p2/r4n2/1p3P2/3K4/1P2N3/P1R5/8 b - - 10 41,0
3k4/p4p2/1r3n2/2K2P2/1p6/1P2N3/P1R5/8 w - - 0 43,14
3k4/p4p2/3r1n2/5P2/1p1K4/1P2N3/P1R5/8 w - - 2 44,19
3k4/p4p2/3r1n2/4KP2/1p6/1P2N3/P1R5/8 b - - 3 44,14
3k4/p4p2/1r3n2/5P2/1p1K4/1P2N3/P1R5/8 b - - 1 43,14
3k4/p4p2/1r3n2/1pK2P2/8/1P2N3/P1R5/8 b - - 12 42,6
3k4/p4p2/1r3n2/1p3P2/3K4/1P2N3/P1R5/8 w - - 11 42,4
3k4/p4p2/r4n2/4KP2/1pN5/1P6/P1R5/8 b - - 5 45,16
3k4/p4p2/r4n2/4KP2/1p6/1P2N3/P1R5/8 w - - 4 45,9
8/p3kp2/r4n2/4KP2/1pN5/1P6/P3R3/8 b - - 7 46,13
8/p2n1p2/r4k2/5P2/1pN2K2/1P6/P2R4/8 b - - 11 48,8
8/p2nkp2/r7/5P2/1pN2K2/1P6/P6R/8 b - - 13 49,0
8/p3kp2/rn6/5P2/1pN2K2/1P6/P6R/8 w - - 14 50,0
8/p3kp2/rn6/5P2/1pN2K2/1P6/P3R3/8 b - - 15 50,0
8/p2nkp2/r7/5P2/1pN2K2/1P6/P2R4/8 w - - 12 49,9
8/p2nkp2/r7/4KP2/1pN5/1P6/P3R3/8 w - - 8 47,14
5k2/p4p2/rn6/5P2/1p3K2/1P2N3/P3R3/8 b - - 17 51,0
5k2/p4p2/1n6/r4P2/1p3K2/1P2N3/P3R3/8 w - - 18 52,0
5k2/p4p2/1n6/r4P2/1p2K3/1P2N3/P3R3/8 b - - 19 52,0
5k2/p4p2/rn6/5P2/1pN2K2/1P6/P3R3/8 w - - 16 51,0
8/p2n1p2/r4k2/5P2/1pN2K2/1P6/P3R3/8 w - - 10 48,7
8/p4p2/1n1k4/r4P2/1p1K4/1P2N3/P1R5/8 b - - 23 54,0
8/p3kp2/r4n2/4KP2/1pN5/1P6/P1R5/8 w - - 6 46,17
8/p3kp2/1n6/r4P2/1p2K3/1P2N3/P3R3/8 w - - 20 53,0
8/p2k1p2/1n6/r4P2/1p1K4/1P2N3/P1R5/8 w - - 24 55,0
8/p3kp2/1n6/r4P2/1p2K3/1P2N3/P1R5/8 b - - 21 53,0
8/p4p2/1n1k4/r4P2/1p2K3/1P2N3/P2R4/8 b - - 27 56,0
8/p3kp2/1n6/r4P2/1p2K1N1/1P6/P2R4/8 b - - 29 57,0
8/p3k3/1n3p2/r4P2/1p2K1N1/1P6/P2R4/8 w - - 0 58,0
8/p3k3/1n3p2/r4P2/1p2K3/1P2N3/P2R4/8 b - - 1 58,0
8/p4p2/1n1k4/r4P2/1p2K3/1P2N3/P1R5/8 w - - 22 54,0
8/p3k3/1n3p2/4rP2/1p3K2/1P2N3/P2R4/8 b - - 3 59,0
8/p2k1p2/1n6/r4P2/1p2K3/1P2N3/P1R5/8 b - - 25 55,0
8/p3kp2/1n6/r4P2/1p2K3/1P2N3/P2R4/8 w - - 28 57,0
8/p3k3/1n3p2/4rP2/1p2K3/1P2N3/P2R4/8 w - - 2 59,0
8/p3k3/1n3p2/r4P2/1p3K2/1P2N3/P2R4/8 w - - 4 60,0
8/p3k3/1n3p2/4rP2/1p4K1/1P2N3/P2R4/8 w - - 6 61,0
8/p3k3/1n3p2/r4P2/1p4K1/1P2N3/P2R4/8 b - - 5 60,0
8/p3k3/1n3p2/4rP2/1p6/1P2NK2/P2R4/8 b - - 7 61,0
8/p2nkp2/r7/5P2/1pN2K2/1P6/P3R3/8 b - - 9 47,9
8/p3k3/1n3p2/r4P2/1p6/1P2NK2/P6R/8 b - - 9 62,0
4k3/p7/1n3p2/r4P2/1p6/1P2NK2/P6R/8 w - - 10 63,0
4k3/p7/1n3p2/r4P2/1p1K4/1P2N3/P6R/8 w - - 14 65,0
4k3/p7/1n3p2/r4P2/1p3K2/1P2N3/P6R/8 w - - 18 67,0
8/p3k3/1n3p2/r4P2/1p6/1P2NK2/P2R4/8 w - - 8 62,0
4k3/p7/1n3p2/4rP2/1p2K3/1P2N3/P6R/8 w - - 12 64,0
4k3/p7/1n3p2/r4P2/1p2K3/1P2N3/P6R/8 b - - 11 63,0
4k3/p7/1n3p2/4rP2/1p1K4/1P2N3/P6R/8 b - - 13 64,0
4k3/p7/1n3p2/4rP2/1p3K2/1P2N3/P6R/8 b - - 17 66,0
8/p3k3/1n3p2/4rP2/1p4K1/1P1RN3/P7/8 b - - 23 69,0
8/p4k2/1n3p2/4rP2/1p3K2/1P1RN3/P7/8 b - - 25 70,0
4k3/p7/1n3p2/r4P2/1p4K1/1P2N3/P6R/8 b - - 19 67,0
8/p3k3/1n3p2/r4P2/1p4K1/1P2N3/P6R/8 w - - 20 68,0
8/p4k2/1n3p2/4rP2/1p4K1/1P1RN3/P7/8 w - - 24 70,0
8/p3k3/1n1R1p2/r4P2/1p3K2/1P2N3/P7/8 w - - 28 72,0
8/p4k2/1n3p2/r4P2/1p3K2/1P1RN3/P7/8 w - - 26 71,0
8/p4k2/1n2Rp2/r4P2/1p3K2/1P2N3/P7/8 w - - 30 73,0
8/p4k2/1n1R1p2/r4P2/1p3K2/1P2N3/P7/8 b - - 27 71,0
8/p3k3/1n2Rp2/r4P2/1p3K2/1P2N3/P7/8 b - - 29 72,0
8/p4k2/1n3p2/r4P2/1p2RK2/1P2N3/P7/8 b - - 31 73,0
8/p4k2/1n3p2/r4P2/1R3K2/1P2N3/8/8 w - - 1 75,0
8/p4k2/1n3p2/5P2/1R3K2/1P2N3/r7/8 b - - 0 74,0
8/p4k2/1n3p2/5P2/1p2RK2/1P2N3/r7/8 w - - 0 74,0
8/p4k2/1n3p2/1r3P2/3R4/1P2NK2/8/8 w - - 5 77,0
8/p4k2/1n3p2/1r3P2/8/1P1RNK2/8/8 b - - 6 77,0
8/p3nk2/5p2/1r1N1P2/8/1P1R1K2/8/8 w - - 9 79,0
2n5/p4k2/5p2/1r1N1P2/8/1P1R1K2/8/8 b - - 8 78,0
8/p3Nk2/5p2/1r3P2/8/1P1R1K2/8/8 b - - 0 79,0
8/p3k3/5p2/1r3P2/8/1P1R1K2/8/8 w - - 0 80,0
8/p3k3/5p2/1r3P2/6K1/1P1R4/8/8 b - - 1 80,0
8/4k3/5p2/pr3P2/6K1/1P1R4/8/8 w - - 0 81,0
8/p4k2/1n3p2/4rP2/1R6/1P2NK2/8/8 w - - 3 76,0
2n5/p4k2/5p2/1r3P2/8/1P1RNK2/8/8 w - - 7 78,0
8/p4k2/1n3p2/r4P2/1R6/1P2NK2/8/8 b - - 2 75,-4
8/p4k2/1n3p2/4rP2/3R4/1P2NK2/8/8 b - - 4 76,0
rnbq1rk1/pppp1ppp/4pn2/8/1bPP4/2N1P3/PP3PPP/R1BQKBNR w KQ - 1 5,19
rnbqkbnr/pppp1ppp/4p3/8/2PP4/8/PP2PPPP/RNBQKBNR b KQkq - 0 2,24
rnbq1rk1/pp1p1ppp/4pn2/2p5/1bPP4/2NBPN2/PP3PPP/R1BQK2R b KQ - 1 6,17
rnbq1rk1/pppp1ppp/4pn2/8/1bPP4/2N1PN2/PP3PPP/R1BQKB1R b KQ - 2 5,22
rnbq1rk1/pp1p1ppp/4pn2/2p5/1bPP4/2N1PN2/PP3PPP/R1BQKB1R w KQ - 0 6,22
rnbqkbnr/pppp1ppp/4p3/8/3P4/8/PPP1PPPP/RNBQKBNR w KQkq - 0 2,44
rnbq1rk1/pp3ppp/4pn2/2pp4/1bPP4/2NBPN2/PP3PPP/R1BQK2R w KQ - 0 7,16
rnbq1rk1/pp3ppp/4pn2/2p5/1bpP4/2NBPN2/PP3PPP/R1BQ1RK1 w - - 0 8,14
rnbq1rk1/pp3ppp/4pn2/2pp4/1bPP4/2NBPN2/PP3PPP/R1BQ1RK1 b - - 1 7,18
rnbq1rk1/pp3ppp/4pn2/2p5/1bBP4/2N1PN2/PP3PPP/R1BQ1RK1 b - - 0 8,15
r1bq1rk1/pp1n1ppp/4pn2/2p5/1bBP4/2N1PN2/PP3PPP/R1BQ1RK1 w - - 1 9,26
r1bq1rk1/pp1n1ppp/4pn2/2p5/1bBP4/2N1PN2/PP2QPPP/R1B2RK1 b - - 2 9,17
r1bq1rk1/p2n1ppp/1p2pn2/2p5/1bBP4/2N1PN2/PP1BQPPP/R4RK1 b - - 1 10,-10
r1bq1rk1/p2n1ppp/1p2pn2/8/1bBp4/2N1PN2/PP1BQPPP/R4RK1 w - - 0 11,-10
r1bq1rk1/p2n1ppp/1p2pn2/2p5/1bBP4/2N1PN2/PP2QPPP/R1B2RK1 w - - 0 10,31
r1bq1rk1/p2n1ppp/1p2pn2/8/1bBP4/2N2N2/PP1BQPPP/R4RK1 b - - 0 11,-3
r2q1rk1/pb1n1ppp/1p2pn2/8/1bBP4/2N2N2/PP1BQPPP/R4RK1 w - - 1 12,-10
2rq1rk1/pb1n1ppp/1p2pn2/8/1b1P4/2NB1N2/PP1BQPPP/R4RK1 w - - 3 13,-5
2rq1rk1/pb1n1ppp/1p2pn2/8/3P4/2bB1N2/PP1BQPPP/R2R2K1 w - - 0 14,3
2rq1rk1/pb1n1ppp/1p2pn2/8/1b1P4/2NB1N2/PP1BQPPP/R2R2K1 b - - 4 13,-8
2rq1rk1/pb1n1ppp/1p2pn2/8/3P4/2PB1N2/P2BQPPP/R2R2K1 b - - 0 14,2
2r2rk1/pbqn1ppp/1p2pn2/8/3P4/2PB1N2/P2BQPPP/R2R2K1 w - - 1 15,0
2r2rk1/pbqn1ppp/1p2pn2/8/2PP4/3B1N2/P2BQPPP/R2R2K1 b - - 0 15,0
r2q1rk1/pb1n1ppp/1p2pn2/8/1b1P4/2NB1N2/PP1BQPPP/R4RK1 b - - 2 12,-13
2r1r1k1/pbqn1ppp/1p2pn2/8/2PP4/3B1N2/P2BQPPP/R2R2K1 w - - 1 16,-3
2r1r1k1/pbqn1ppp/1p3n2/4p3/2PP4/3B1N2/P2BQPPP/2RR2K1 w - - 0 17,-1
2r1r1k1/pbqn1ppp/1p2pn2/8/2PP4/3B1N2/P2BQPPP/2RR2K1 b - - 2 16,-6
2r1r1k1/pbqn1ppp/1p3n2/4N3/2PP4/3B4/P2BQPPP/2RR2K1 b - - 0 17,-5
2r3k1/pbq2ppp/1p3n2/4r3/2P5/3BB3/P3QPPP/2RR2K1 b - - 1 19,-6
2r1r1k1/pbq2ppp/1p3n2/4n3/2PP4/3B4/P2BQPPP/2RR2K1 w - - 0 18,-8
2r3k1/pbq2ppp/1p3n2/4r3/2P5/3B4/P2BQPPP/2RR2K1 w - - 0 19,-2
2r1r1k1/pbq2ppp/1p3n2/4P3/2P5/3B4/P2BQPPP/2RR2K1 b - - 0 18,-6
4r1k1/pb3ppp/1pq2n2/4r3/2P5/3BB2P/P3QPP1/2RR2K1 w - - 1 21,0
4r1k1/pbq2ppp/1p3n2/4r3/2P5/3BB3/P3QPPP/2RR2K1 w - - 2 20,-8
4r1k1/pb3ppp/1pq2n2/4r3/2P5/3BB2P/P4PP1/2RR1QK1 b - - 2 21,0
4r1k1/pbq2ppp/1p3n2/4r3/2P5/3BB2P/P3QPP1/2RR2K1 b - - 0 20,0
4r1k1/pb3ppp/1pq5/r7/2P1n3/3B3P/P1R2PP1/2BR1QK1 b - - 6 23,-4
4r1k1/pb3ppp/1pq5/4r3/2P1n3/3B3P/P1R2PP1/2BR1QK1 w - - 7 24,0
4r1k1/pb3ppp/1pq5/4r3/2P1nB2/3B3P/P1R2PP1/3R1QK1 b - - 8 24,-4
4r1k1/pb3ppp/1pq2n2/r7/2P5/3BB2P/P1R2PP1/3R1QK1 b - - 4 22,0
4r1k1/pb3ppp/1pq5/r7/2P1n3/3BB2P/P1R2PP1/3R1QK1 w - - 5 23,33
4r1k1/pb3ppp/1pq5/5r2/2P1nB2/3B3P/P1R2PP1/3R1QK1 w - - 9 25,-7
4r1k1/pb3ppp/1pq5/5r2/2P1BB2/7P/P1R2PP1/3R1QK1 b - - 0 25,0
6k1/pb3ppp/1pqR4/5r2/2P2B2/7P/P1R2PP1/4rQK1 w - - 2 27,0
6k1/pb3ppp/1pqR4/5r2/2P1rB2/7P/P1R2PP1/5QK1 b - - 1 26,0
6k1/pb3ppp/1pq5/5r2/2P1rB2/7P/P1R2PP1/3R1QK1 w - - 0 26,0
6k1/pb3ppp/1pR5/5r2/2P2B2/7P/P1R2PP1/4rQK1 b - - 0 27,-1
6k1/pb3ppp/1pR5/5r2/2P2B2/7P/P1R2PP1/5rK1 w - - 0 28,0
6k1/p4ppp/1pb5/5r2/2P2B2/7P/P1R2PP1/5K2 w - - 0 29,0
4r1k1/pb3ppp/1pq2n2/r7/2P5/3BB2P/P4PP1/2RR1QK1 w - - 3 22,242
6k1/pb3ppp/1pR5/5r2/2P2B2/7P/P1R2PP1/5K2 b - - 0 28,-2
rnbq1rk1/ppp2ppp/4pn2/3p4/1bPP4/2NBP3/PP2NPPP/R1BQK2R b KQ - 1 6,-1
rnbq1rk1/pppp1ppp/4pn2/8/1bPP4/2NBP3/PP3PPP/R1BQK1NR b KQ - 2 5,6
rnbq1rk1/ppp2ppp/4pn2/8/1bpP4/2NBP3/PP2NPPP/R1BQK2R w KQ - 0 7,3
rnbq1rk1/ppp2ppp/5n2/4p3/1bBP4/2N1P3/PP2NPPP/R1BQK2R w KQ - 0 8,31
rnbq1rk1/ppp2ppp/4pn2/3p4/1bPP4/2NBP3/PP3PPP/R1BQK1NR w KQ - 0 6,10
rnbq1rk1/ppp2ppp/4pn2/8/1bBP4/2N1P3/PP2NPPP/R1BQK2R b KQ - 0 7,20
rnbq1rk1/ppp2ppp/5n2/4p3/1bBP4/2N1P3/PP2NPPP/R1BQ1RK1 b - - 1 8,23
rnbq1rk1/ppp2ppp/5n2/8/1bBp4/2N1P3/PP2NPPP/R1BQ1RK1 w - - 0 9,23
rnbq1rk1/ppp2ppp/5n2/8/1bBP4/2N5/PP2NPPP/R1BQ1RK1 b - - 0 9,24
r1bq1rk1/ppp2ppp/2n2n2/8/1bBP4/2N5/PP2NPPP/R1BQ1RK1 w - - 1 10,34
r1bq1rk1/ppp2ppp/2n2n2/8/1bBP4/2N4P/PP2NPP1/R1BQ1RK1 b - - 0 10,25
r2q1rk1/ppp2ppp/2n2n2/5b2/1bBP4/2N4P/PP2NPP1/R1BQ1RK1 w - - 1 11,40
r2q1rk1/ppp2ppp/2nb1n2/5b2/2BP4/P1N4P/1P2NPP1/R1BQ1RK1 w - - 1 12,34
r2q1rk1/ppp2pp1/2nb1n1p/5bB1/2BP4/P1N4P/1P2NPP1/R2Q1RK1 w - - 0 13,36
r2q1rk1/ppp1bpp1/2n2n1p/5b2/2BP3B/P1N4P/1P2NPP1/R2Q1RK1 w - - 2 14,36
r2q1rk1/ppp2ppp/2n2n2/5b2/1bBP4/P1N4P/1P2NPP1/R1BQ1RK1 b - - 0 11,30
r2q1rk1/ppp2ppp/2nb1n2/5bB1/2BP4/P1N4P/1P2NPP1/R2Q1RK1 b - - 2 12,30
r2q1rk1/ppp2pp1/2nb1n1p/5b2/2BP3B/P1N4P/1P2NPP1/R2Q1RK1 b - - 1 13,33
r2q1rk1/ppp1bpp1/2n2n1p/5b2/2BP3B/P1N4P/1P2NPP1/R2QR1K1 b - - 3 14,37
r2q1rk1/ppp1bpp1/2n4p/5b2/2BPn2B/P1N4P/1P2NPP1/R2QR1K1 w - - 4 15,44
r2q1rk1/ppp1Bpp1/2n4p/5b2/2BPn3/P1N4P/1P2NPP1/R2QR1K1 b - - 0 15,54
r2q1rk1/ppp1npp1/7p/5b2/2BPn3/P1N4P/1P2NPP1/R2QR1K1 w - - 0 16,52
r2q1rk1/ppp1npp1/7p/5b2/2BPnN2/P1N4P/1P3PP1/R2QR1K1 b - - 1 16,35
r2q1rk1/ppp1npp1/5n1p/5b2/2BP1N2/P1N4P/1P3PP1/R2QR1K1 w - - 2 17,48
r2q1rk1/ppp1npp1/5n1p/5b1N/2BP4/P1N4P/1P3PP1/R2QR1K1 b - - 3 17,53
r2q1r1k/ppp1npp1/6bp/8/2BP2Q1/P1N4P/1P3PP1/R3R1K1 w - - 3 20,43
r2q1rk1/ppp1npp1/7p/5b1Q/2BP4/P1N4P/1P3PP1/R3R1K1 b - - 0 18,56
r2q1rk1/ppp1npp1/7p/5b1n/2BP4/P1N4P/1P3PP1/R2QR1K1 w - - 0 18,54
r2q1r1k/pp2npp1/2p3bp/8/2BP2QP/P1N5/1P3PP1/3RR1K1 b - - 0 21,41
r2q1rk1/ppp1npp1/6bp/7Q/2BP4/P1N4P/1P3PP1/R3R1K1 w - - 1 19,73
r2q1r1k/pp2npp1/2p3bp/8/2BP2Q1/P1N4P/1P3PP1/3RR1K1 w - - 0 21,33
r2q1rk1/ppp1npp1/6bp/8/2BP2Q1/P1N4P/1P3PP1/R3R1K1 b - - 2 19,25
r2q1rnk/pp3pp1/2p3bp/8/2BP2QP/P1N5/1P3PP1/3RR1K1 w - - 1 22,60
r2q1r1k/ppp1npp1/6bp/8/2BP2Q1/P1N4P/1P3PP1/3RR1K1 b - - 4 20,41
r2q1rnk/pp3pp1/2p3bp/3P4/2B3QP/P1N5/1P3PP1/3RR1K1 b - - 0 22,49
r2q1r1k/pp3pp1/2p2nbp/3P4/2B3QP/P1N5/1P3PP1/3RR1K1 w - - 1 23,54
r2q1r1k/pP3pp1/5n1p/8/2B2Q1P/P1N5/1P3PP1/3bR1K1 b - - 0 25,143
r2q1r1k/pp3pp1/2p2nbp/3P4/2B2Q1P/P1N5/1P3PP1/3RR1K1 b - - 2 23,53
r2q1r1k/pp3pp1/2P2n1p/8/2B2Q1P/P1N5/1P3PP1/3bR1K1 w - - 0 25,278
1r1q1r1k/pP3pp1/5n1p/8/2B2Q1P/P1N5/1P3PP1/3bR1K1 w - - 1 26,121
r2q1r1k/pp3pp1/2P2n1p/7b/2B2Q1P/P1N5/1P3PP1/3RR1K1 b - - 0 24,287
1r1q1r1k/pP3pp1/5n1p/8/2B2Q1P/P1N5/1P3PP1/3R2K1 b - - 0 26,146
1r3r1k/pP2qpp1/5n1p/8/2B2Q1P/P1N5/1P3PP1/3R2K1 w - - 1 27,104
r2q1r1k/pp3pp1/2p2n1p/3P3b/2B2Q1P/P1N5/1P3PP1/3RR1K1 w - - 3 24,276
1r3r1k/pP3pp1/B3qn1p/8/5Q1P/P1N5/1P3PP1/3R2K1 w - - 3 28,250
1r3r1k/pP2qpp1/B4n1p/8/5Q1P/P1N5/1P3PP1/3R2K1 b - - 2 27,117
1r3r1k/pP3pp1/B2R1n1p/8/5Q1P/P1N5/1P3PPK/4q3 b - - 6 29,248
1r3r1k/pP3pp1/B2R1n1p/8/5Q1P/P1N5/1P3PP1/4q1K1 w - - 5 29,260
1r3r1k/pP3pp1/B2Rqn1p/8/5Q1P/P1N5/1P3PP1/6K1 b - - 4 28,276
1r3r1k/pP2qpp1/B2R3p/3n4/5Q1P/P7/1P3PPK/8 w - - 0 31,265
1r3r1k/pP2qpp1/B2R1n1p/3N4/5Q1P/P7/1P3PPK/8 b - - 8 30,280
1r3r1k/pP2qpp1/B2R1n1p/8/5Q1P/P1N5/1P3PPK/8 w - - 7 30,270
1r3r1k/pP3pp1/B2Rq2p/8/5Q1P/P7/1P3PPK/8 b - - 2 32,299
1r3r1k/pP2qpp1/B6p/3R4/5Q1P/P7/1P3PPK/8 b - - 0 31,270
1r3r1k/pP2qpp1/B2R3p/8/1P3Q1P/P7/5PPK/8 b - - 0 33,336
1r3rk1/pP2qpp1/B1R4p/8/1P3Q1P/P7/5PPK/8 b - - 2 34,335
1r3r1k/pP2qpp1/B2R3p/8/5Q1P/P7/1P3PPK/8 w - - 3 33,332
1r3r1k/pP3pp1/B3q2p/3R4/5Q1P/P7/1P3PPK/8 w - - 1 32,305
5rk1/pr2qpp1/B1R4p/8/1P3Q1P/P7/5PPK/8 w - - 0 35,320
1r3rk1/pP2qpp1/B2R3p/8/1P3Q1P/P7/5PPK/8 w - - 1 34,347
2q3k1/p4pp1/7p/8/1P3Q1P/P7/5PPK/8 w - - 0 38,323
5rk1/pq3pp1/7p/2R5/1P3Q1P/P7/5PPK/8 b - - 1 36,279
2r3k1/pq3pp1/7p/2R5/1P3Q1P/P7/5PPK/8 w - - 2 37,285
6k1/p4pp1/q6p/1P6/P4Q1P/8/5PPK/8 b - - 0 39,225
5rk1/pq3pp1/2R4p/8/1P3Q1P/P7/5PPK/8 w - - 0 36,349
6k1/p4pp1/1q5p/1P6/P6P/4Q3/5PPK/8 b - - 2 40,220
6k1/p1q2pp1/7p/1P6/P6P/4Q3/5PPK/8 w - - 3 41,215
6k1/p4pp1/q6p/8/PP3Q1P/8/5PPK/8 w - - 1 39,380
2R3k1/pq3pp1/7p/8/1P3Q1P/P7/5PPK/8 b - - 0 37,357
6k1/p4pp1/1q5p/1P6/P4Q1P/8/5PPK/8 w - - 1 40,375
6k1/p1q2pp1/7p/1P6/P6P/4Q1P1/5P1K/8 b - - 0 41,242
5rk1/pB2qpp1/2R4p/8/1P3Q1P/P7/5PPK/8 b - - 0 35,358
4Q3/p1q2ppk/8/1P5p/P6P/6P1/5P1K/8 w - - 2 43,433
8/p1q2ppk/8/1P5p/P3Q2P/6P1/5P1K/8 b - - 3 43,366
2q3k1/p4pp1/7p/8/PP3Q1P/8/5PPK/8 b - - 0 38,379
8/p1q2p1k/6p1/1P5p/P3Q2P/6P1/5P1K/8 w - - 0 44,568
4Q1k1/p1q2pp1/8/1P5p/P6P/6P1/5P1K/8 b - - 1 42,464
6k1/p1q2pp1/8/1P5p/P6P/4Q1P1/5P1K/8 w - - 0 42,465
rnbqkb1r/pppppppp/5n2/6B1/3P4/8/PPP1PPPP/RN1QKBNR b KQkq - 2 2,19
8/p1q2p1k/6p1/1P5p/P4Q1P/6P1/5P1K/8 b - - 1 44,564
rnbqkb1r/pppppp1p/5Bp1/8/3P4/8/PPP1PPPP/RN1QKBNR b KQkq - 0 3,16
8/pq3p1k/6p1/1P5p/P4Q1P/6P1/5P1K/8 w - - 2 45,615
rnbqkb1r/pppp1p1p/5pp1/8/3P4/8/PPP1PPPP/RN1QKBNR w KQkq - 0 4,24
6k1/pq3p2/6p1/PP5p/1Q5P/6P1/5P1K/8 b - - 2 46,580
rnbqkb1r/ppp2p1p/5pp1/3p4/3P4/4P3/PPP2PPP/RN1QKBNR w KQkq - 0 5,5
rnbqkb1r/pppp1p1p/5pp1/8/3P4/4P3/PPP2PPP/RN1QKBNR b KQkq - 0 4,16
rnbqkb1r/pppppp1p/5np1/6B1/3P4/8/PPP1PPPP/RN1QKBNR w KQkq - 0 3,18
rnbqkb1r/ppp2p1p/5pp1/3p4/2PP4/4P3/PP3PPP/RN1QKBNR b KQkq - 0 5,15
rnbqkb1r/ppp2p1p/5pp1/8/2pP4/4P3/PP3PPP/RN1QKBNR w KQkq - 0 6,8
8/pq3p1k/6p1/PP5p/5Q1P/6P1/5P1K/8 b - - 0 45,598
rnbqkb1r/ppp2p1p/5pp1/8/2BP4/4P3/PP3PPP/RN1QK1NR b KQkq - 0 6,0
rnbqk2r/ppp2p1p/3b1pp1/8/2BP4/4P3/PP3PPP/RN1QK1NR w KQkq - 1 7,0
r1bq1rk1/pppn1p1p/3b1pp1/8/2BP4/2N1PN2/PP3PPP/R2QK2R w KQ - 5 9,0
6k1/pq3p2/6p1/PP5p/5Q1P/6P1/5P1K/8 w - - 1 46,669
r1bq1rk1/pppn1p1p/3b1pp1/8/2BP4/2N1PN2/PP3PPP/R2Q1RK1 b - - 6 9,0
rnbqk2r/ppp2p1p/3b1pp1/8/2BP4/2N1P3/PP3PPP/R2QK1NR b KQkq - 2 7,-3
rnbq1rk1/ppp2p1p/3b1pp1/8/2BP4/2N1PN2/PP3PPP/R2QK2R b KQ - 4 8,1
rnbq1rk1/ppp2p1p/3b1pp1/8/2BP4/2N1P3/PP3PPP/R2QK1NR w KQ - 3 8,0
r1bq1rk1/ppp2p1p/1n1b1pp1/8/2BP4/2N1PN2/PP3PPP/R2Q1RK1 w - - 7 10,27
r1bq1rk1/ppp2p1p/1n1b1pp1/8/3P4/1BN1PN2/PP3PPP/R2Q1RK1 b - - 8 10,24
r1bqr1k1/ppp2p1p/1n1b1pp1/8/3P4/1BN1PN2/PP3PPP/R2Q1RK1 w - - 9 11,20
r1bqr1k1/ppp2p1p/1n1b1pp1/8/3PP3/1BN2N2/PP3PPP/R2Q1RK1 b - - 0 11,14
r1bqr1k1/pp3p1p/1n1P1pp1/8/3p4/1BN2N2/PP3PPP/R2Q1RK1 b - - 0 13,26
r1bqr1k1/pp3p1p/1n1b1pp1/4P3/3p4/1BN2N2/PP3PPP/R2Q1RK1 w - - 0 13,37
r1bqr1k1/pp3p1p/1n1b1pp1/2p5/3PP3/1BN2N2/PP3PPP/R2Q1RK1 w - - 0 12,24
r1bqr1k1/pp3p1p/1n1b1pp1/2p1P3/3P4/1BN2N2/PP3PPP/R2Q1RK1 b - - 0 12,36
r1bqr1k1/pp3p1p/1n1P1pp1/8/8/1Bp2N2/PP3PPP/R2Q1RK1 w - - 0 14,20
r2qr1k1/pp3p1p/1n1Pbpp1/8/8/1BP2N2/P4PPP/R2Q1RK1 w - - 1 15,15
r1bqr1k1/pp3p1p/1n1P1pp1/8/8/1BP2N2/P4PPP/R2Q1RK1 b - - 0 14,32
r2qr1k1/pp3p1p/1n1Pbpp1/8/3Q4/1BP2N2/P4PPP/R4RK1 b - - 2 15,23
2rqr1k1/pp3p1p/1n1Pbpp1/8/3Q4/1BP2N2/P4PPP/R4RK1 w - - 3 16,85
3qr1k1/pp3p1p/1nrP1pp1/8/3Q4/1bP2N2/P4PPP/3RR1K1 w - - 0 18,90
3qR1k1/pp3p1p/1nrP1pp1/8/3Q4/1bP2N2/P4PPP/3R2K1 b - - 0 18,95
2rqr1k1/pp3p1p/1n1Pbpp1/8/3Q4/1BP2N2/P4PPP/R3R1K1 b - - 4 16,95
3qr1k1/pp3p1p/1nrPbpp1/8/3Q4/1BP2N2/P4PPP/3RR1K1 b - - 6 17,84
3qr1k1/pp3p1p/1nrPbpp1/8/3Q4/1BP2N2/P4PPP/R3R1K1 w - - 5 17,112
4q1k1/pp3p1p/1nrP1pp1/8/3Q4/1bP2N2/P4PPP/3R2K1 w - - 0 19,85
3q2k1/pp3p1p/1nrP1pp1/8/3Q4/1PP2N2/5PPP/3R2K1 w - - 1 20,178
3q2k1/pp3p1p/1nrP1pp1/8/2PQ4/1P3N2/5PPP/3R2K1 b - - 0 20,166
4q1k1/pp3p1p/1nrP1pp1/8/3Q4/1PP2N2/5PPP/3R2K1 b - - 0 19,75
3q4/pp3pk1/1nrP1pp1/7p/2PQ3P/1P3N2/5PP1/3R2K1 w - - 0 23,350
3q2k1/pp3p2/1nrP1ppp/8/2PQ4/1P3N1P/5PP1/3R2K1 b - - 0 21,327
3q2k1/pp3p2/1nrP1ppp/8/2PQ4/1P3N2/5PPP/3R2K1 w - - 0 21,307
3q4/pp3pk1/1nrP1ppp/8/2PQ3P/1P3N2/5PP1/3R2K1 b - - 0 22,381
3q4/pp3pk1/1nrP1ppp/8/2PQ4/1P3N1P/5PP1/3R2K1 w - - 1 22,363
3q4/pp1n1pk1/2rP1pp1/2P4p/3Q3P/1P3N2/5PP1/3R2K1 w - - 1 24,424
3q4/1p1n1pk1/2rP1pp1/2P4p/1p1Q3P/5N2/5PP1/4R1K1 w - - 0 26,440
3q4/pp1n1pk1/2rP1pp1/2P4p/1P1Q3P/5N2/5PP1/3R2K1 b - - 0 24,469
3q4/1p1nRpk1/3P1pp1/2r3Np/1p1Q3P/8/5PP1/6K1 b - - 1 27,635
3q4/1p1nRpk1/3P1pp1/2r4p/1p1Q3P/5N2/5PP1/6K1 w - - 0 27,598
3q4/1p1n1pk1/2rP1pp1/p1P4p/1P1Q3P/5N2/5PP1/4R1K1 b - - 1 25,467
6k1/1p1nRN2/1q1P1pp1/2r4p/1p1Q3P/8/5PP1/6K1 w - - 1 29,1091
6k1/1p1nRN2/1q1P1pp1/2r4p/1p5P/4Q3/5PP1/6K1 b - - 2 29,M8
2r3k1/1p1nRN2/1q1P1pp1/7p/1p5P/4Q3/5PP1/6K1 w - - 3 30,M6
2r3k1/1p1nRN2/1q1P1ppQ/7p/1p5P/8/5PP1/6K1 b - - 4 30,M5
rnbqkb1r/pppppppp/5n2/8/8/1P3N2/P1PPPPPP/RNBQKB1R b KQkq - 0 2,32
3q2k1/1p1nRp2/3P1pp1/2r3Np/1p1Q3P/8/5PP1/6K1 w - - 2 28,2451
rnbqkb1r/pppppp1p/5np1/8/8/1P3N2/P1PPPPPP/RNBQKB1R w KQkq - 0 3,27
3q4/1p1nRpk1/2rP1pp1/2P4p/1p1Q3P/5N2/5PP1/6K1 b - - 1 26,481
rnbqk2r/ppppppbp/5np1/8/8/1P3N2/PBPPPPPP/RN1QKB1R w KQkq - 2 4,36
rnbqkb1r/pppppp1p/5np1/8/8/1P3N2/PBPPPPPP/RN1QKB1R b KQkq - 1 3,46
rnbq1rk1/ppppppbp/5np1/8/8/1P3NP1/PBPPPPBP/RN1QK2R b KQ - 2 5,52
3q4/1p1n1pk1/2rP1pp1/p1P4p/1P1Q3P/5N2/5PP1/3R2K1 w - - 0 25,464
rnbqk2r/ppppppbp/5np1/8/8/1P3NP1/PBPPPP1P/RN1QKB1R b KQkq - 0 4,28
rnbq1rk1/ppppppbp/5np1/8/8/1P3NP1/PBPPPP1P/RN1QKB1R w KQ - 1 5,33
3q4/pp3pk1/1nrP1pp1/2P4p/3Q3P/1P3N2/5PP1/3R2K1 b - - 0 23,473
3q2k1/1p1nRN2/3P1pp1/2r4p/1p1Q3P/8/5PP1/6K1 b - - 0 28,3795
rnbq1rk1/pp2ppbp/3p1np1/8/2Pp4/1P3NP1/PB2PPBP/RN1QK2R w KQ - 0 8,52
rnbq1rk1/pp2ppbp/3p1np1/2p5/3P4/1P3NP1/PBP1PPBP/RN1QK2R w KQ - 0 7,46
rnbq1rk1/ppp1ppbp/3p1np1/8/3P4/1P3NP1/PBP1PPBP/RN1QK2R b KQ - 0 6,41
rnbq1rk1/pp2ppbp/3p1np1/8/2PN4/1P4P1/PB2PPBP/RN1QK2R b KQ - 0 8,68
rnbq1rk1/pp2ppbp/3p1np1/2p5/2PP4/1P3NP1/PB2PPBP/RN1QK2R b KQ - 0 7,50
rnbq1rk1/ppp1ppbp/3p1np1/8/8/1P3NP1/PBPPPPBP/RN1QK2R w KQ - 0 6,54
rnbq1rk1/1p2ppbp/p2p1np1/8/2PN4/1P4P1/PB2PPBP/RN1QK2R w KQ - 0 9,84
rnbq1rk1/1p2ppbp/p2p1np1/8/2PN4/1PN3P1/PB2PPBP/R2QK2R b KQ - 1 9,80
rnbq1rk1/1p3pbp/p2ppnp1/8/2PN4/1PN3P1/PB2PPBP/R2Q1RK1 b - - 1 10,115
rnbq1rk1/1p3pbp/p2ppnp1/8/2PN4/1PN3P1/PB2PPBP/R2QK2R w KQ - 0 10,84
rnb2rk1/1pq2pbp/p2ppnp1/8/2PN4/1PN3P1/PB2PPBP/2RQ1RK1 b - - 3 11,106
rnb2rk1/1pq2pbp/p2ppnp1/8/2PN4/1PN3P1/PB2PPBP/R2Q1RK1 w - - 2 11,132
rnbr2k1/1pq2pbp/p2ppnp1/8/2PN4/1PN3P1/PB1QPPBP/2R2RK1 b - - 5 12,136
r1br2k1/1pqn1pbp/p2ppnp1/8/2PN4/1PN3P1/PB1QPPBP/2R2RK1 w - - 6 13,125
r1br2k1/1pqn1pbp/p2ppnp1/8/2PN4/1PN3P1/PB1QPPBP/2RR2K1 b - - 7 13,146
rnbr2k1/1pq2pbp/p2ppnp1/8/2PN4/1PN3P1/PB2PPBP/2RQ1RK1 w - - 4 12,101
r1br2k1/1pq2pbp/p2ppnp1/8/2P1n3/1PN3P1/PBNQPPBP/2RR2K1 w - - 10 15,151
r1br2k1/1pq2pbp/p2ppnp1/2n5/2P5/1PN3P1/PBNQPPBP/2RR2K1 b - - 9 14,129
r1br2k1/1pq2pbp/p2ppnp1/8/2P5/1PnQ2P1/PBN1PPBP/2RR2K1 w - - 0 16,97
r1br2k1/1pq2pbp/p2ppnp1/8/2P1n3/1PNQ2P1/PBN1PPBP/2RR2K1 b - - 11 15,103
r1br2k1/1pq2pbp/p2ppnp1/2n5/2PN4/1PN3P1/PB1QPPBP/2RR2K1 w - - 8 14,191
r1br2k1/1pq2pbp/p2ppnp1/8/2P5/1PBQ2P1/P1N1PPBP/2RR2K1 b - - 0 16,101
1rbrn1k1/1pq2pbp/p2pp1p1/4B3/2P5/1P1Q2P1/P1N1PPBP/2RR2K1 w - - 3 18,81
1rbr2k1/1pq2pbp/p2ppnp1/4B3/2P5/1P1Q2P1/P1N1PPBP/2RR2K1 b - - 2 17,83
1rbrn3/1pq2pkp/p2pp1p1/8/2PQ4/1P4P1/P1N1PPBP/2RR2K1 b - - 1 19,61
1rbr2k1/1pq2pbp/p2ppnp1/8/2P5/1PBQ2P1/P1N1PPBP/2RR2K1 w - - 1 17,194
1rbrn1k1/1pq2pBp/p2pp1p1/8/2P5/1P1Q2P1/P1N1PPBP/2RR2K1 b - - 0 18,70
1rbrn3/1pq2pkp/p2pp1p1/8/2P5/1P1Q2P1/P1N1PPBP/2RR2K1 w - - 0 19,87
1rbr4/1pq2pkp/p3pnp1/2Pp4/3Q1P2/1P4P1/P1N1P1BP/2RR2K1 b - - 0 21,81
1rbr4/1pq2pkp/p3pnp1/2Pp4/3Q4/1P4P1/P1N1PPBP/2RR2K1 w - - 0 21,87
1rbr4/1pq2pkp/p2ppnp1/8/2PQ4/1P4P1/P1N1PPBP/2RR2K1 w - - 2 20,91
1rbr4/1pq2pkp/p2ppnp1/2P5/3Q4/1P4P1/P1N1PPBP/2RR2K1 b - - 0 20,90
1rb1r3/1pq2pkp/p3pnp1/2Pp4/3Q1P2/1P4P1/P1N1P1BP/2RR2K1 w - - 1 22,92
1rb1r3/1p2qpk1/p3pnp1/2PpN2p/3Q1P2/1P4P1/P3P1BP/2RR2K1 b - - 1 24,94
1rb1r3/1pq2pkp/p3pnp1/2Pp4/3Q1P2/1P2N1P1/P3P1BP/2RR2K1 b - - 2 22,46
1rb1r3/1p2qpkp/p3pnp1/2Pp4/3Q1PN1/1P4P1/P3P1BP/2RR2K1 b - - 4 23,92
1r2r3/1p1bqpk1/p3pnp1/2PpN2p/3Q1P2/1P4P1/P3P1BP/2RR2K1 w - - 2 25,82
1rb1r3/1p2qpk1/p3pnp1/2Pp3p/3Q1PN1/1P4P1/P3P1BP/2RR2K1 w - - 0 24,71
1r2r3/1p1bqpk1/p3pnp1/2PpN2p/3Q1P2/1P4PP/P3P1B1/2RR2K1 b - - 0 25,88
1rb1r3/1p2qpkp/p3pnp1/2Pp4/3Q1P2/1P2N1P1/P3P1BP/2RR2K1 w - - 3 23,150
1r2r3/1p2qpk1/p1b1pnp1/2PpN2p/3Q1P2/1P4PP/P3P1B1/2RR2K1 w - - 1 26,86
1r2r1k1/1p2qp2/p1b1pnp1/2PpN3/3Q1Pp1/1P1R3P/P3P1B1/2R3K1 w - - 0 28,182
1r2r1k1/1p2qp2/p1b1pnp1/2PpN3/3Q1PP1/1P1R4/P3P1B1/2R3K1 b - - 0 28,159
1r2r3/1p2qpk1/p1b1pnp1/2PpN2p/3Q1PP1/1P5P/P3P1B1/2RR2K1 b - - 0 26,93
1r2r1k1/1p2qp2/p1b1pnp1/2PpN2p/3Q1PP1/1P5P/P3P1B1/2RR2K1 w - - 1 27,79
1r2r1k1/1p1nqp2/p1b1p1p1/2PpN3/3Q1PP1/1P1R4/P3P1B1/2R3K1 w - - 1 29,156
1r2r1k1/1p2qp2/p1b1pnp1/2PpN2p/3Q1PP1/1P1R3P/P3P1B1/2R3K1 b - - 2 27,69
1r2r1k1/1p2qp2/p1b1p1p1/2PpQ1P1/5P2/1P1R4/P3P1B1/2R3K1 b - - 0 30,170
1r2r1k1/1p3pq1/p1b1p1p1/2PpQ1P1/5P2/1P1R4/P3PKB1/7R b - - 4 32,0
1r2r1k1/1p2qp2/p1b1p1p1/2Ppn1P1/3Q1P2/1P1R4/P3P1B1/2R3K1 w - - 0 30,165
1r2r1k1/1p3p2/p1b1p1p1/2Ppq1P1/5P2/1P1R4/P3PKB1/7R w - - 0 33,0
1r2r1k1/1p3p2/p1b1p1p1/2PpP1P1/8/1P1R4/P3PKB1/7R b - - 0 33,0
1r2rqk1/1p3p2/p1b1p1p1/2PpQ1P1/5P2/1P1R4/P3P1B1/2R3K1 w - - 1 31,199
1r2rqk1/1p3p2/p1b1p1p1/2PpQ1P1/5P2/1P1R4/P3PKB1/2R5 b - - 2 31,202
1r2r1k1/1p3pq1/p1b1p1p1/2PpQ1P1/5P2/1P1R4/P3PKB1/2R5 w - - 3 32,184
1r2r1k1/1p1nqp2/p1b1p1p1/2PpN1P1/3Q1P2/1P1R4/P3P1B1/2R3K1 b - - 0 29,226
1r2r1k1/5p2/ppb1p1p1/2PpP1P1/8/1P1R4/P3PKB1/7R w - - 0 34,28
1r2r3/4kp1R/ppb1p1p1/2PpP1P1/8/1P6/P3PKB1/2R5 b - - 5 36,6
1r2r3/4kp1R/p1b1p1p1/2RpP1P1/8/1P6/P3PKB1/8 b - - 0 37,0
1r2r3/4kp1R/p1b1p1p1/2ppP1P1/8/1P6/P3PKB1/2R5 w - - 0 37,0
1rr5/4kp2/p1b1p1p1/2RpP1P1/8/1P5R/P3PKB1/8 b - - 2 38,0
1rr5/4kp1R/p1b1p1p1/2RpP1P1/8/1P6/P3PKB1/8 w - - 1 38,0
1r2rk2/5p2/ppb1p1p1/2PpP1P1/8/1P5R/P3PKB1/2R5 b - - 3 35,42
2r5/4kp2/p1b1p1p1/1rRpP1P1/8/1PR5/P3PKB1/8 b - - 4 39,0
2r5/3k1p2/p1b1p1p1/1rRpP1P1/8/1PR5/P3PKB1/8 w - - 5 40,0
2r5/3k1p2/p1b1p1p1/1rRpP1P1/8/1PR2B2/P3PK2/8 b - - 6 40,0
2r5/3k1p2/p1b1p1p1/2RpP1P1/8/1P3B2/P3PK2/8 b - - 0 41,0
2r5/3k1p2/p1b1p1p1/2rpP1P1/8/1PR2B2/P3PK2/8 w - - 0 41,0
2r5/2k2p2/p1b1p1p1/2RpP1P1/8/1P3B2/P3PK2/8 w - - 1 42,0
2r5/5p2/pkb1p1p1/3pP1P1/8/1P3B2/P3PK2/2R5 w - - 3 43,0
1r2rk2/5p2/ppb1p1p1/2PpP1P1/8/1P5R/P3PKB1/7R w - - 2 35,36
2r5/2k2p2/p1b1p1p1/3pP1P1/8/1P3B2/P3PK2/2R5 b - - 2 42,0
2r5/4kp2/p1b1p1p1/1rRpP1P1/8/1P5R/P3PKB1/8 w - - 3 39,0
1r2r1k1/5p2/ppb1p1p1/2PpP1P1/8/1P5R/P3PKB1/7R b - - 1 34,27
2r5/5p2/pkb1p1p1/3pP1P1/8/1P2KB2/P3P3/2R5 b - - 4 43,1
1r2r3/4kp2/ppb1p1p1/2PpP1P1/8/1P5R/P3PKB1/2R5 w - - 4 36,57
rnbqkbnr/pppp1ppp/4p3/8/4P3/8/PPPP1PPP/RNBQKBNR w KQkq - 0 2,49
rnbqkbnr/ppp2ppp/4p3/3p4/3PP3/8/PPP2PPP/RNBQKBNR w KQkq - 0 3,41
rnbqkbnr/pp3ppp/4p3/2ppP3/3P4/8/PPP2PPP/RNBQKBNR w KQkq - 0 4,41
rnbqkbnr/ppp2ppp/4p3/3pP3/3P4/8/PPP2PPP/RNBQKBNR b KQkq - 0 3,37
rnbqkbnr/pppp1ppp/4p3/8/3PP3/8/PPP2PPP/RNBQKBNR b KQkq - 0 2,56
rnbqkbnr/pp3ppp/4p3/2ppP3/3P4/2P5/PP3PPP/RNBQKBNR b KQkq - 0 4,33
r1bqkbnr/pp3ppp/2n1p3/2ppP3/3P4/2P2N2/PP3PPP/RNBQKB1R b KQkq - 2 5,39
r1bqkbnr/pp3ppp/2n1p3/2ppP3/3P4/2P5/PP3PPP/RNBQKBNR w KQkq - 1 5,41
r1bqkb1r/pp2nppp/2n1p3/3pP3/3P4/3B1N2/PP3PPP/RNBQK2R b KQkq - 0 7,42
r1bqkb1r/pp2nppp/2n1p3/2ppP3/3P4/2PB1N2/PP3PPP/RNBQK2R b KQkq - 4 6,47
r1bqkb1r/pp3ppp/2n1p3/3pPn2/3P4/3B1N2/PP3PPP/RNBQK2R w KQkq - 1 8,36
r1bqkb1r/pp2nppp/2n1p3/3pP3/3p4/2PB1N2/PP3PPP/RNBQK2R w KQkq - 0 7,55
r1bqkb1r/pp2nppp/2n1p3/2ppP3/3P4/2P2N2/PP3PPP/RNBQKB1R w KQkq - 3 6,50
r2qkb1r/pp3ppp/2n1b3/3pPp2/3P3P/2N2N2/PP3PP1/R1BQK2R b KQkq - 0 10,40
r1bqkb1r/pp3ppp/2n1p3/3pPB2/3P4/5N2/PP3PPP/RNBQK2R b KQkq - 0 8,48
r2qkb1r/pp3ppp/2n1b3/3pPp2/3P4/2N2N2/PP3PPP/R1BQK2R w KQkq - 2 10,47
r2qkb1r/pp3pp1/2n1b2p/3pPp2/3P3P/2N2N2/PP3PP1/R1BQK2R w KQkq - 0 11,52
r1bqkb1r/pp3ppp/2n5/3pPp2/3P4/5N2/PP3PPP/RNBQK2R w KQkq - 0 9,45
r2qkb1r/pp3pp1/2n1b2p/3pPp2/3P3P/2N2N2/PP3PP1/R1BQ1K1R b kq - 1 11,51
r1bqkb1r/pp3ppp/2n5/3pPp2/3P4/2N2N2/PP3PPP/R1BQK2R b KQkq - 1 9,44
r3k2r/pp1qbpp1/2n1b2p/3pPp2/3P3P/2N2N2/PP1B1PP1/R2Q1K1R w kq - 4 13,51
r3kb1r/pp1q1pp1/2n1b2p/3pPp2/3P3P/2N2N2/PP3PP1/R1BQ1K1R w kq - 2 12,71
r3kb1r/pp1q1pp1/2n1b2p/3pPp2/3P3P/2N2N2/PP1B1PP1/R2Q1K1R b kq - 3 12,27
r3k2r/pp1qbpp1/2n1b2p/3pPp2/3P3P/5N2/PP1BNPP1/R2Q1K1R b kq - 5 13,21
2kr3r/pp1qbpp1/2n1b2p/3pPp2/3P3P/5N2/PP1BNPP1/R2Q1K1R w - - 6 14,65
1k1r3r/pp1qbpp1/2n1b2p/3pPp2/3P1N1P/5N2/PP1B1PP1/R2Q2KR b - - 9 15,-79
1k1r3r/pp1qbp2/2n1b2p/3pPpp1/3P1N1P/5N2/PP1B1PP1/R2Q2KR w - - 0 16,-81
1k1r3r/pp1qbp2/2n1b2p/3pPpP1/3P1N2/5N2/PP1B1PP1/R2Q2KR b - - 0 16,-81
1k1r3r/pp1qbp2/2n1b3/3pPpp1/3P1N2/5N2/PP1B1PP1/R2Q2KR w - - 0 17,-87
1k5r/pp1qbp2/2n1N3/3pPpp1/3P4/5N2/PP1B1PP1/R2Q2K1 b - - 0 18,-86
1k5r/pp1qbp2/2n1b3/3pPpp1/3P1N2/5N2/PP1B1PP1/R2Q2K1 w - - 0 18,-90
2kr3r/pp1qbpp1/2n1b2p/3pPp2/3P3P/5N2/PP1BNPP1/R2Q2KR b - - 7 14,64
1k1r3R/pp1qbp2/2n1b3/3pPpp1/3P1N2/5N2/PP1B1PP1/R2Q2K1 b - - 0 17,-78
1k5r/pp4q1/2n1p3/3pPpN1/3P4/8/PP3PP1/R2Q2K1 w - - 1 21,0
1k5r/pp4q1/2n1p3/3pPpN1/3P1P2/8/PP4P1/R2Q2K1 b - - 0 21,0
1k5r/pp6/2n1p2q/3pPpN1/3P1P2/8/PP4P1/R2Q2K1 w - - 1 22,0
1k5r/pp6/2n1p2q/3pPp2/3P1P2/7N/PP4P1/R2Q2K1 b - - 2 22,0
1k4r1/pp6/2n1p2q/3pPp2/3P1P2/7N/PP4P1/R2Q2K1 w - - 3 23,0
1k4r1/pp6/2n1p2q/3pPpN1/3P1P2/8/PP4P1/R2Q2K1 b - - 4 23,0
1k4r1/pp6/2n1p3/3pPpN1/3P1P1q/8/PP4P1/R2Q2K1 w - - 5 24,0
1k4r1/pp6/2n1p3/3pPpN1/3P1P1q/8/PP1Q2P1/R5K1 b - - 6 24,0
1k1r3r/pp1qbpp1/2n1b2p/3pPp2/3P3P/5N2/PP1BNPP1/R2Q2KR w - - 8 15,69
1k4r1/pp6/4p3/3pPpN1/3n1P1q/8/PP1Q2P1/R5K1 w - - 0 25,0
1k5r/pp1qb3/2n1p3/3pPpp1/3P4/5N2/PP1B1PP1/R2Q2K1 w - - 0 19,-92
1k4r1/1p6/p3p3/3pPpN1/P2n1P1q/8/1P1Q2P1/5RK1 b - - 0 26,0
1k5r/pp1qb3/2n1p3/3pPpB1/3P4/5N2/PP3PP1/R2Q2K1 b - - 0 19,-74
1k4r1/1p6/p3p3/3pPpN1/P2n1Pq1/8/1P1Q2P1/5RK1 w - - 1 27,0
1k4r1/1p6/p3p3/3pPpN1/P2n1Pq1/8/1P1Q1RP1/6K1 b - - 2 27,0
1k4r1/1p6/4p3/p2pPpN1/P2n1Pq1/8/1P1Q1RP1/6K1 w - - 0 28,0
1k4r1/1p6/4p3/p2pPpN1/P2n1Pq1/3Q4/1P3RP1/6K1 b - - 1 28,0
1k4r1/pp6/4p3/3pPpN1/3n1P1q/8/PP1Q2P1/5RK1 b - - 1 25,0
1k6/1p6/4p1r1/p2pPpN1/P2n1Pq1/3Q4/1P3RP1/6K1 w - - 2 29,0
1k6/1p6/4p1r1/p2pPpN1/P2n1Pq1/3Q2P1/1P3R2/6K1 b - - 0 29,0
1k6/1p6/2n1p1r1/p2pPpN1/P4Pq1/3Q2P1/1P5R/6K1 b - - 2 30,0
1k6/1p6/2n1p1r1/p2pPpN1/P4Pq1/3Q2P1/1P3R2/6K1 w - - 1 30,0
1k5r/pp1q4/2n1p3/3pPpb1/3P4/5N2/PP3PP1/R2Q2K1 w - - 0 20,-70
1k6/1p6/2n1p3/p2pPpr1/P4Pq1/3Q2P1/1P5R/6K1 w - - 0 31,3
1k6/1p6/2n1p3/p2pPpP1/P5q1/3Q2P1/1P5R/6K1 b - - 0 31,6
7R/kp6/2n1p3/p2pPpq1/P7/3Q2P1/1P6/6K1 w - - 2 33,2
1k5R/1p6/2n1p3/p2pPpq1/P7/3Q2P1/1P6/6K1 b - - 1 32,0
1k4r1/1p6/p3p3/3pPpN1/3n1P1q/8/PP1Q2P1/5RK1 w - - 0 26,9
1k6/1p6/2n1p3/p2pPpq1/P7/3Q2P1/1P5R/6K1 w - - 0 32,0
1k5r/pp1q4/2n1p3/3pPpN1/3P4/8/PP3PP1/R2Q2K1 b - - 0 20,-88
7R/kp6/2n1p3/p2pPpq1/P7/2Q3P1/1P6/6K1 b - - 3 33,3
5R2/kp1q4/2n1p3/p2pPp2/P7/2Q3P1/1P6/6K1 b - - 7 35,0
8/1p2q3/1kn1pR2/p2pPp2/P7/2Q3P1/1P6/6K1 w - - 10 37,61
4R3/kp4q1/2n1p3/p2pPp2/P7/2Q3P1/1P6/6K1 b - - 5 34,125
7R/kp4q1/2n1p3/p2pPp2/P7/2Q3P1/1P6/6K1 w - - 4 34,107
8/1p2q3/1kn1pR2/p2pPp2/P7/2Q3P1/1P4K1/8 b - - 11 37,60
8/1pk1q3/2n1pR2/p2pPp2/P7/6P1/1P1Q2K1/8 b - - 13 38,3
5R2/1p1q4/1kn1p3/p2pPp2/P7/2Q3P1/1P6/6K1 w - - 8 36,19
8/1pk1q3/2n1pR2/p3Pp2/P2p4/6P1/1P1Q2K1/8 w - - 0 39,0
8/1pk1q3/2n1pR2/p3Pp2/P2p2P1/8/1P1Q2K1/8 b - - 0 39,0
8/1pk1q3/2n1pR2/p3P3/P2p2p1/8/1P1Q2K1/8 w - - 0 40,0
8/1pk1q3/2n1pR2/p2pPp2/P7/2Q3P1/1P4K1/8 w - - 12 38,60
8/1pk5/2n1pR2/p1q1P3/P2p1Qp1/8/1P4K1/8 w - - 2 41,-26
8/1pk5/2n1pR2/p1q1P3/P2p2Q1/8/1P4K1/8 b - - 0 41,0
8/1pk5/2n1pR2/p3q3/P2p4/5Q2/1P4K1/8 w - - 0 43,0
8/1pk5/2n1pR2/p2qP3/P2p2Q1/8/1P4K1/8 w - - 1 42,-4
8/1p1q4/1kn1pR2/p2pPp2/P7/2Q3P1/1P6/6K1 b - - 9 36,25
8/1pk5/2n1pR2/p7/P2p1q2/8/1P4K1/8 w - - 0 44,0
8/1p6/2nkp3/p7/P2p1R2/8/1P4K1/8 w - - 1 45,0
8/1p3R2/2nkp3/p7/P2p4/8/1P4K1/8 b - - 2 45,0
8/5R2/1pnkp3/p7/P2p4/8/1P4K1/8 w - - 0 46,0
8/1R6/1pnkp3/p7/P2p4/8/1P4K1/8 b - - 1 46,0
8/1R6/1pn1p3/p1k5/P2p4/8/1P4K1/8 w - - 2 47,0
8/2R5/1pn1p3/p1k5/P2p4/8/1P4K1/8 b - - 3 47,0
8/1pk5/2n1p3/p7/P2p1R2/8/1P4K1/8 b - - 0 44,0
8/2R5/1pn1p3/p2k4/P2p4/8/1P4K1/8 w - - 4 48,0
8/3R4/1pn1p3/p2k4/P2p4/8/1P4K1/8 b - - 5 48,0
8/1pk5/2n1pR2/p2qP3/P2p4/5Q2/1P4K1/8 b - - 2 42,-6
8/3R4/1pn1p3/p7/P2pk3/8/1P4K1/8 w - - 6 49,16
8/8/1pnRp3/p7/P2pk3/8/1P4K1/8 b - - 7 49,17
8/8/1p1Rp3/p7/Pn1pk3/8/1P4K1/8 w - - 8 50,14
8/8/1p2R3/p7/Pn1p4/3k4/1P4K1/8 w - - 1 51,13
8/1pk1q3/2n1pR2/p3P3/P2p1Qp1/8/1P4K1/8 b - - 1 40,-7
8/8/1p2R3/p7/Pn1pk3/8/1P4K1/8 b - - 0 50,12
8/8/1p1R4/p7/Pn1p4/8/1Pk5/6K1 b - - 4 52,0
8/8/1p1R4/p7/Pn1p4/8/1Pk3K1/8 w - - 3 52,9
8/8/1p1R4/p7/Pn1p4/3k4/1P4K1/8 b - - 2 51,11
8/1pk5/2n1pR2/p3q3/P2p1Q2/8/1P4K1/8 b - - 1 43,-35
4R3/kp1q4/2n1p3/p2pPp2/P7/2Q3P1/1P6/6K1 w - - 6 35,319
rnbqkbnr/pp1ppppp/8/2p5/4P3/8/PPPP1PPP/RNBQKBNR w KQkq - 0 2,36
r1bqkbnr/pp1ppppp/2n5/2p5/3PP3/5N2/PPP2PPP/RNBQKB1R b KQkq - 0 3,43
r1bqkbnr/pp1ppppp/2n5/2p5/4P3/5N2/PPPP1PPP/RNBQKB1R w KQkq - 2 3,45
r1bqkbnr/pp1ppppp/2n5/8/3pP3/5N2/PPP2PPP/RNBQKB1R w KQkq - 0 4,40
r1bqkbnr/pp1ppppp/2n5/8/3NP3/8/PPP2PPP/RNBQKB1R b KQkq - 0 4,53
rnbqkbnr/pp1ppppp/8/2p5/4P3/5N2/PPPP1PPP/RNBQKB1R b KQkq - 1 2,46
r1bqkb1r/pp1ppppp/2n2n2/8/3NP3/2N5/PPP2PPP/R1BQKB1R b KQkq - 2 5,41
r1bqkb1r/pp2pppp/2np1n2/8/3NP3/2N5/PPP1BPPP/R1BQK2R b KQkq - 1 6,22
r1bqkb1r/pp1ppppp/2n2n2/8/3NP3/8/PPP2PPP/RNBQKB1R w KQkq - 1 5,36
r1bqkb1r/pp2pp1p/2np1np1/8/3NP3/2N5/PPP1BPPP/R1BQK2R w KQkq - 0 7,48
r1bqkb1r/pp2pp1p/2np1np1/8/3NP3/2N5/PPP1BPPP/R1BQ1RK1 b kq - 1 7,28
r1bq1rk1/pp2ppbp/2np1np1/8/4P3/1NN5/PPP1BPPP/R1BQ1RK1 w - - 4 9,6
r1bqkb1r/pp2pppp/2np1n2/8/3NP3/2N5/PPP2PPP/R1BQKB1R w KQkq - 0 6,48
r1bq1rk1/1p2ppbp/p1np1np1/8/4PP2/1NN5/PPP1B1PP/R1BQ1R1K b - - 0 10,-34
r1bqk2r/pp2ppbp/2np1np1/8/4P3/1NN5/PPP1BPPP/R1BQ1RK1 b kq - 3 8,10
r1bqk2r/pp2ppbp/2np1np1/8/3NP3/2N5/PPP1BPPP/R1BQ1RK1 w kq - 2 8,19
r1bq1rk1/1p2ppbp/p1np1np1/8/4P3/1NN5/PPP1BPPP/R1BQ1R1K w - - 0 10,10
r1bq1rk1/pp2ppbp/2np1np1/8/4P3/1NN5/PPP1BPPP/R1BQ1R1K b - - 5 9,17
r1bq1rk1/4ppbp/p1np1np1/1p6/4PP2/1NN5/PPP1B1PP/R1BQ1R1K w - - 0 11,-18
r2q1rk1/3bppbp/p1np1np1/1p6/4PP2/1NN2B2/PPP3PP/R1BQ1R1K w - - 2 12,7
r2q1rk1/3bppbp/p1np1np1/1p6/P3PP2/1NN2B2/1PP3PP/R1BQ1R1K b - - 0 12,-67
r1bq1rk1/4ppbp/p1np1np1/1p6/4PP2/1NN2B2/PPP3PP/R1BQ1R1K b - - 1 11,-45
2rq1rk1/3bppbp/p1np1np1/8/Pp2PP2/1N3B2/1PP1N1PP/R1BQ1R1K w - - 2 14,-57
r2q1rk1/3bppbp/p1np1np1/8/Pp2PP2/1N3B2/1PP1N1PP/R1BQ1R1K b - - 1 13,-56
r2q1rk1/3bppbp/p1np1np1/8/Pp2PP2/1NN2B2/1PP3PP/R1BQ1R1K w - - 0 13,-64
2rq1rk1/4ppbp/p1np1np1/P7/1p2PPb1/1N3B2/1PP1N1PP/R1BQ1R1K w - - 1 15,-25
2rq1rk1/3bppbp/p1np1np1/P7/1p2PP2/1N3B2/1PP1N1PP/R1BQ1R1K b - - 0 14,-55
2rq1rk1/4ppbp/p1np1np1/P7/1p2PPB1/1N6/1PP1N1PP/R1BQ1R1K b - - 0 15,-24
2rq1rk1/5pbp/p1npp1p1/P7/1p2PPn1/1N1Q3P/1PP1N1P1/R1B2R1K b - - 0 17,-20
2rq1rk1/5pbp/p1npp1p1/P7/1p2PPn1/1N1Q4/1PP1N1PP/R1B2R1K w - - 0 17,-21
2rq1rk1/4ppbp/p1np2p1/P7/1p2PPn1/1N6/1PP1N1PP/R1BQ1R1K w - - 0 16,-21
2rq1rk1/4ppbp/p1np2p1/P7/1p2PPn1/1N1Q4/1PP1N1PP/R1B2R1K b - - 1 16,-24
2r2rk1/2q2pbp/p1nppnp1/P7/1p2PP2/1N1QB1NP/1PP3P1/R4R1K b - - 4 19,-45
2rq1rk1/5pbp/p1nppnp1/P7/1p2PP2/1N1Q3P/1PP1N1P1/R1B2R1K w - - 1 18,-24
1nr2rk1/2q2pbp/p2ppnp1/P7/1p2PP2/1N1QB1NP/1PP3P1/R4R1K w - - 5 20,-50
1nr2rk1/5pbp/p2ppnp1/P7/1p2PP2/1N1qB1NP/1PP2RP1/3R3K w - - 0 22,0
2r2rk1/2q2pbp/p1nppnp1/P7/1p2PP2/1N1QB2P/1PP1N1P1/R4R1K w - - 3 19,-27
1nr2rk1/2q2pbp/p2ppnp1/P7/1p2PP2/1N1QB1NP/1PP2RP1/R6K b - - 6 20,-44
2rq1rk1/5pbp/p1nppnp1/P7/1p2PP2/1N1QB2P/1PP1N1P1/R4R1K b - - 2 18,-16
1nr2rk1/5pbp/p2ppnp1/P7/1pq1PP2/1N1QB1NP/1PP2RP1/3R3K b - - 8 21,-111
1nr2rk1/5pbp/p3pnp1/P2P4/1p3P2/1N1RB1NP/1PP2RP1/7K b - - 0 23,-45
1nr2rk1/5pbp/p2ppnp1/P7/1pq1PP2/1N1QB1NP/1PP2RP1/R6K w - - 7 21,-58
1nr2rk1/5pbp/p3pnp1/P2p4/1p2PP2/1N1RB1NP/1PP2RP1/7K w - - 0 23,-72
1nr2rk1/5pbp/p3p1p1/P2n4/1p3P2/1N1RB1NP/1PP2RP1/7K w - - 0 24,-76
1nr2rk1/5pbp/p2ppnp1/P7/1p2PP2/1N1RB1NP/1PP2RP1/7K b - - 0 22,-203
1nr2rk1/5pbp/p3p1p1/P1Bn4/1p3P2/1N1R2NP/1PP2RP1/7K b - - 1 24,-58
1nrr2k1/5pbp/p3p1p1/P1Bn4/1p3P2/1N1R2NP/1PP2RP1/7K w - - 2 25,-50
1nrr2k1/5pbp/p3p1p1/P1Bn1P2/1p6/1N1R2NP/1PP2RP1/7K b - - 0 25,-69
1nrr2k1/5p1p/p3P1p1/P1Bn4/1p6/1N1R2NP/1bP2RP1/7K b - - 0 26,-25
1nrr2k1/7p/p3p1p1/P1Bnb3/1p2N3/1N1R3P/2P2RP1/7K w - - 2 28,-15
1nrr2k1/5p1p/p3p1p1/P1Bn1P2/1p6/1N1R2NP/1bP2RP1/7K w - - 0 26,-31
2rr2k1/7p/p1n1p1p1/P2nb3/1p1BN3/1N1R3P/2P2RP1/7K w - - 4 29,-24
1nrr2k1/7p/p3p1p1/P1Bn4/1p6/1N1R2NP/1bP2RP1/7K w - - 0 27,-22
1nrr2k1/7p/p3p1p1/P1Bn4/1p2N3/1N1R3P/1bP2RP1/7K b - - 1 27,-20
1nrr2k1/7p/p3p1p1/P2nb3/1p1BN3/1N1R3P/2P2RP1/7K b - - 3 28,-14
2rr2k1/7p/p1n1p1p1/P2nB3/1p2N3/1N1R3P/2P2RP1/7K b - - 0 29,-7
2rr2k1/7p/p3p1p1/P2nn3/1p2N3/1N1R3P/2P2RP1/7K w - - 0 30,-16
3r2k1/7p/p3p1p1/P2nn3/1prRN3/1N5P/2P2RP1/7K w - - 6 33,7
2rr2k1/7p/p1n1p1p1/P2n4/1p1RN3/1N5P/2P2RP1/7K w - - 2 31,-15
3r2k1/7p/p3p1p1/P1Nnn3/1p1r4/1N5P/2P2RP1/7K w - - 0 34,3
2rr2k1/7p/p1n1p1p1/P2n4/1p2N3/1N1R3P/2P2RP1/7K b - - 3 31,-58
3r2k1/7p/p3p1p1/P1Nnn3/1p1N4/7P/2P2RP1/7K b - - 0 34,4
2rr2k1/7p/p3p1p1/P2nn3/1p1RN3/1N5P/2P2RP1/7K b - - 1 30,-19
3r2k1/7p/p3p1p1/P1Nnn3/1prR4/1N5P/2P2RP1/7K b - - 7 33,10
3r2k1/2n4p/p3N1p1/P1N1n3/1p6/7P/2P2RP1/7K b - - 0 35,0
3r2k1/7p/p3N1p1/P3n3/1p6/7P/2P2RP1/7K b - - 0 36,0
3r2k1/7p/p3n1p1/P1N1n3/1p6/7P/2P2RP1/7K w - - 0 36,4
2r3k1/7p/p3N1p1/P3n3/1p6/7P/2P2RP1/7K w - - 1 37,7
2r3k1/7p/p3N1p1/P3n3/1p3R2/7P/2P3P1/7K b - - 2 37,0
3r2k1/2n4p/p3p1p1/P1N1n3/1p1N4/7P/2P2RP1/7K w - - 1 35,9
rnbqrbk1/ppp2ppp/3ppn2/3P4/2P5/P1N1P3/1P2NPPP/R1BQKB1R w KQ - 0 8,16
rnbq1rk1/pppp1ppp/4pn2/8/1bPP4/2N1P3/PP2NPPP/R1BQKB1R b KQ - 2 5,8
rnbqrbk1/pppp1ppp/4pn2/3P4/2P5/P1N1P3/1P2NPPP/R1BQKB1R b KQ - 0 7,-6
rnbqrbk1/pppp1ppp/4pn2/8/2PP4/P1N1P3/1P2NPPP/R1BQKB1R w KQ - 1 7,11
rnbqr1k1/pppp1ppp/4pn2/8/1bPP4/P1N1P3/1P2NPPP/R1BQKB1R b KQ - 0 6,-2
rnbqrbk1/ppp2ppp/3ppn2/3P4/2P5/P1N1P1P1/1P2NP1P/R1BQKB1R b KQ - 0 8,-21
rnbqr1k1/pppp1ppp/4pn2/8/1bPP4/2N1P3/PP2NPPP/R1BQKB1R w KQ - 3 6,14
rnbqrbk1/ppp2ppp/3p1n2/3P4/8/P1N1P1P1/1P2NP1P/R1BQKB1R b KQ - 0 9,-20
rnbqrbk1/ppp2ppp/3p1n2/3p4/2P5/P1N1P1P1/1P2NP1P/R1BQKB1R w KQ - 0 9,-28
rnbqrbk1/p4ppp/2pp1n2/8/8/P1N1P1P1/1P2NP1P/R1BQKB1R w KQ - 0 11,-27
rnbqrbk1/pp3ppp/2Pp1n2/8/8/P1N1P1P1/1P2NP1P/R1BQKB1R b KQ - 0 10,-25
rnbqrbk1/pp3ppp/3p1n2/2pP4/8/P1N1P1P1/1P2NP1P/R1BQKB1R w KQ c6 0 10,-25
rnbqrbk1/p4ppp/2pp1n2/8/8/P1N1P1P1/1P2NPBP/R1BQK2R b KQ - 1 11,-26
r1bqrbk1/p2n1ppp/2p2n2/3p4/3N4/P1N1P1P1/1P3PBP/R1BQ1RK1 b - - 3 13,-43
rnbqrbk1/p4ppp/2p2n2/3p4/8/P1N1P1P1/1P2NPBP/R1BQK2R w KQ - 0 12,-20
rnbqrbk1/p4ppp/2p2n2/3p4/8/P1N1P1P1/1P2NPBP/R1BQ1RK1 b - - 1 12,-26
r2qrbk1/pb1n1ppp/2p2n2/3p4/3N4/P1N1P1P1/1P3PBP/R1BQ1RK1 w - - 4 14,-46
r1bqrbk1/p2n1ppp/2p2n2/3p4/8/P1N1P1P1/1P2NPBP/R1BQ1RK1 w - - 2 13,-24
r3rbk1/pb1n1ppp/1q3n2/2pp4/8/P1N1P1P1/1P2NPBP/R1BQR1K1 w - - 2 16,-59
r2qrbk1/pb1n1ppp/5n2/2pp4/8/P1N1P1P1/1P2NPBP/R1BQR1K1 b - - 1 15,-82
r3rbk1/pb1n1ppp/1q3n2/2pp4/5N2/P1N1P1P1/1P3PBP/R1BQR1K1 b - - 3 16,-39
r2qrbk1/pb1n1ppp/5n2/2pp4/3N4/P1N1P1P1/1P3PBP/R1BQR1K1 w - - 0 15,-64
r2qrbk1/pb1n1ppp/2p2n2/3p4/3N4/P1N1P1P1/1P3PBP/R1BQR1K1 b - - 5 14,-60
r3rbk1/pb1n1ppp/1q3n2/2p5/3p1N2/P1N1P1P1/1P3PBP/R1BQR1K1 w - - 0 17,-44
r3rbk1/pb1n1ppp/1q6/2pN4/3p4/P3P1P1/1P3PBP/R1BQR1K1 b - - 0 18,-39
r3rbk1/pb1n1ppp/1q3n2/2pN4/3p1N2/P3P1P1/1P3PBP/R1BQR1K1 b - - 1 17,-51
rq2rbk1/pb1n1ppp/8/2pN4/3pPB2/P5P1/1P3PBP/R2QR1K1 b - - 2 20,0
r3rbk1/pb1n1ppp/1q6/2pn4/3p1N2/P3P1P1/1P3PBP/R1BQR1K1 w - - 0 18,-44
rq2r1k1/pb1n1ppp/3b4/2pN4/3pPB2/P5P1/1P3PBP/R2QR1K1 w - - 3 21,0
rq2rbk1/pb1n1ppp/8/2pN4/3pP3/P5P1/1P3PBP/R1BQR1K1 w - - 1 20,10
r3rbk1/pb1n1ppp/3q4/2pN4/3pP3/P5P1/1P3PBP/R1BQR1K1 b - - 0 19,-46
rq2r1k1/pb1n1ppp/3b4/2pN4/3pPBQ1/P5P1/1P3PBP/R3R1K1 b - - 4 21,2
r3rbk1/pb1n1ppp/3q4/2pN4/3p4/P3P1P1/1P3PBP/R1BQR1K1 w - - 1 19,-38
rq4k1/pb1n1ppp/3br3/2pN4/3pPBQ1/P5P1/1P3PBP/R3R1K1 w - - 5 22,4
rnbqkbnr/pp1p1ppp/4p3/2p5/4P3/5NP1/PPPP1P1P/RNBQKB1R b KQkq - 0 3,21
r1bqkbnr/pp1p1ppp/2n1p3/2p5/4P3/5NP1/PPPP1PBP/RNBQK2R b KQkq - 2 4,26
r1bqkbnr/pp1p1ppp/2n1p3/2p5/4P3/5NP1/PPPP1P1P/RNBQKB1R w KQkq - 1 4,21
rnbqkbnr/pp1p1ppp/4p3/2p5/4P3/5N2/PPPP1PPP/RNBQKB1R w KQkq - 0 3,46
r1bqkb1r/pp1p1ppp/2n1pn2/2p5/4P3/5NP1/PPPP1PBP/RNBQK2R w KQkq - 3 5,34
r1bqk2r/pp2bppp/2n1pn2/2pp4/4P3/3P1NP1/PPPN1PBP/R1BQK2R w KQkq - 2 7,1
r1bqkb1r/pp1p1ppp/2n1pn2/2p5/4P3/3P1NP1/PPP2PBP/RNBQK2R b KQkq - 0 5,18
r1bqkb1r/pp3ppp/2n1pn2/2pp4/4P3/3P1NP1/PPP2PBP/RNBQK2R w KQkq - 0 6,21
r1bqkb1r/pp3ppp/2n1pn2/2pp4/4P3/3P1NP1/PPPN1PBP/R1BQK2R b KQkq - 1 6,0
r1bqk2r/p3bppp/2n1pn2/2pp4/p3P3/3P1NP1/1PPN1PBP/R1BQ1RK1 w kq - 0 9,16
r1bqk2r/p3bppp/2n1pn2/1ppp4/4P3/3P1NP1/PPPN1PBP/R1BQ1RK1 w kq - 0 8,15
r1bqk2r/pp2bppp/2n1pn2/2pp4/4P3/3P1NP1/PPPN1PBP/R1BQ1RK1 b kq - 3 7,0
r1bqk2r/p3bppp/2n1pn2/1ppp4/P3P3/3P1NP1/1PPN1PBP/R1BQ1RK1 b kq - 0 8,-18
rq4k1/pb1n1ppp/3br3/2pN3Q/3pPB2/P5P1/1P3PBP/R3R1K1 b - - 6 22,-41
r1bqk2r/p3bppp/2n1pn2/2pp4/R3P3/3P1NP1/1PPN1PBP/2BQ1RK1 b kq - 0 9,17
r1bq1rk1/p3bppp/2n1pn2/2pp4/R3P3/3P1NP1/1PPN1PBP/2BQ1RK1 w - - 1 10,19
r1bq1rk1/p3bppp/2n1pn2/2pP4/R7/3P1NP1/1PPN1PBP/2BQ1RK1 b - - 0 10,12
r1bq1rk1/p3bppp/1nn5/2pp4/R2P4/5NP1/1PPN1PBP/2BQR1K1 w - - 3 13,43
r1bq1rk1/p3bppp/2n2n2/2pp4/R2P4/5NP1/1PPN1PBP/2BQ1RK1 b - - 0 11,-7
r1bq1rk1/p3bppp/2n2n2/2pp4/R7/3P1NP1/1PPN1PBP/2BQ1RK1 w - - 0 11,16
r1bq1rk1/p2nbppp/2n5/2pp4/R2P4/5NP1/1PPN1PBP/2BQR1K1 b - - 2 12,20
r1bq1rk1/p2nbppp/2n5/2pp4/R2P4/5NP1/1PPN1PBP/2BQ1RK1 w - - 1 12,68
r1bq1rk1/p3bppp/1nn5/2pp4/3P4/5NP1/1PPN1PBP/R1BQR1K1 b - - 4 13,37
r1bq1rk1/p3bppp/1nn5/3p4/2pP4/5NP1/1PPN1PBP/R1BQR1K1 w - - 0 14,81
r1bq1rk1/p3bppp/1nn5/3p4/2pP4/2P2NP1/1P1N1PBP/R1BQR1K1 b - - 0 14,74
r1bq1rk1/4bppp/1nn5/p2p4/2pP4/2P2NP1/1P1N1PBP/R1BQR1K1 w - - 0 15,70
r1bq1rk1/4bppp/1nn5/p2pN3/2pP4/2P3P1/1P1N1PBP/R1BQR1K1 b - - 1 15,8
r1bq1rk1/4bppp/1n6/p2pP3/2p5/2P3P1/1P1N1PBP/R1BQR1K1 b - - 0 16,14
r2q1rk1/4bppp/1n2b3/p2pP3/2p5/2P3P1/1P1N1PBP/R1BQR1K1 w - - 1 17,9
r1bq1rk1/4bppp/1n6/p2pn3/2pP4/2P3P1/1P1N1PBP/R1BQR1K1 w - - 0 16,15
3q1rk1/4bppp/1n2b3/r2pP3/p1p5/2P1N1P1/1P3PBP/R1BQR1K1 w - - 2 19,14
r2q1rk1/4bppp/1n2b3/p2pP3/2p5/2P3P1/1P3PBP/R1BQRNK1 b - - 2 17,16
r2q1rk1/4bppp/1n2b3/3pP3/p1p5/2P1N1P1/1P3PBP/R1BQR1K1 b - - 1 18,0
3q1rk1/5ppp/1n2b3/r1bpP3/p1p2P2/2P1N1P1/1P4BP/R1BQR1K1 w - - 1 20,-18
3q1rk1/5ppp/1n2b3/r1b1P3/p1pp1P2/2P1N1P1/1P4BP/R1BQR2K w - - 0 21,-6
r2q1rk1/4bppp/1n2b3/3pP3/p1p5/2P3P1/1P3PBP/R1BQRNK1 w - - 0 18,12
3q1rk1/4bppp/1n2b3/r2pP3/p1p2P2/2P1N1P1/1P4BP/R1BQR1K1 b - - 0 19,-18
3q1rk1/5ppp/1n2b3/r1bpP3/p1p2P2/2P1N1P1/1P4BP/R1BQR2K b - - 2 20,-11
3q1rk1/5ppp/4b3/r2nP3/p1pb1P2/4N1P1/1PQ3BP/R1B1R2K w - - 2 23,0
3q1rk1/5ppp/4b3/r3PP2/pnpb4/4N1P1/1P1Q2BP/R1B1R2K b - - 2 24,0
3q1rk1/5ppp/4b3/r3PP2/p1pb4/3nN1P1/1P1Q2BP/R1B1R2K w - - 3 25,0
3q1rk1/5ppp/4P3/r3P3/p1pb4/3nN1P1/1P1Q2BP/R1B1R2K b - - 0 25,0
3q1rk1/5ppp/1n2b3/r3P3/p1pb1P2/4N1P1/1P4BP/R1BQR2K w - - 0 22,6
3q1rk1/6pp/4p3/r3P3/p1pb4/3nN1P1/1P1Q2BP/R1B1R2K w - - 0 26,0
3q1rk1/6pp/4p3/4r3/p1pb4/3nN1P1/1P1QR1BP/R1B4K w - - 0 27,0
3q1rk1/5ppp/4b3/r2nPP2/p1pb4/4N1P1/1PQ3BP/R1B1R2K b - - 0 23,0
5rk1/6pp/1q2p3/4r3/p1pb4/3nN1P1/1PQ1R1BP/R1B4K w - - 2 28,0
5rk1/6pp/1q2p3/4r3/p1Nb4/3n2P1/1PQ1R1BP/R1B4K b - - 0 28,0
5rk1/6pp/1q2p3/4r3/p1Nb4/6P1/1PQ1RnBP/R1B4K w - - 1 29,0
3q1rk1/5ppp/4b3/r3PP2/pnpb4/4N1P1/1PQ3BP/R1B1R2K w - - 1 24,0
5rk1/6pp/1q2p3/4r3/p1Nb4/6P1/1PQ1RnBP/R1B3K1 b - - 2 29,0
5rk1/6pp/1q2p3/4r3/p1Nb4/6Pn/1PQ1R1BP/R1B4K b - - 4 30,0
3q1rk1/5ppp/1n2b3/r3P3/p1pb1P2/4N1P1/1PQ3BP/R1B1R2K b - - 1 22,-28
3q1rk1/6pp/4p3/4r3/p1pb4/3nN1P1/1PQ1R1BP/R1B4K b - - 1 27,0
5rk1/6pp/1q2p3/4r3/p1Nb4/6Pn/1PQ1R1BP/R1B3K1 w - - 3 30,0
5rk1/6pp/1q2p3/4r3/p1Nb2n1/6P1/1PQ1R1BP/R1B4K b - - 8 32,0
3q1rk1/6pp/4p3/r3P3/p1pb4/3nN1P1/1P1QR1BP/R1B4K b - - 1 26,0
3q1rk1/5ppp/1n2b3/r1b1P3/p1pP1P2/4N1P1/1P4BP/R1BQR2K b - - 0 21,-5
5rk1/6pp/1q2p3/4r3/p1Nb2n1/6P1/1PQ1R1BP/R1B3K1 w - - 7 32,3
5rk1/6pp/1q2p3/7r/p1Nb2n1/6P1/1PQ1R1BP/R1B4K w - - 9 33,339
5rk1/6pp/1q2p3/7r/p1Nb2n1/5BP1/1PQ1R2P/R1B4K b - - 10 33,345
5rk1/2q3pp/8/4p2r/p1Nb1Bn1/5BP1/1PQ1R2P/R6K w - - 0 35,518
5rk1/2q3pp/4p3/7r/p1Nb1Bn1/5BP1/1PQ1R2P/R6K b - - 12 34,467
5rk1/6pp/8/4N2r/p2b1Bn1/5BP1/1PR4P/R6K b - - 0 36,499
5rk1/2q3pp/4p3/7r/p1Nb2n1/5BP1/1PQ1R2P/R1B4K w - - 11 34,451
5rk1/6pp/8/4n2r/p2b1B2/5BP1/1PR4P/R6K w - - 0 37,602
5rk1/6pp/8/4N2r/p2b1Bn1/5BP1/1Pq1R2P/R6K w - - 0 36,486
5rk1/6pp/8/4n2B/p2b1B2/6P1/1PR4P/R6K b - - 0 37,540
5rk1/2q3pp/8/4N2r/p2b1Bn1/5BP1/1PQ1R2P/R6K b - - 0 35,485
5rk1/6pp/8/7B/p2b1B2/3n2P1/1PR4P/R6K w - - 1 38,559
rnbq1rk1/ppppppbp/5np1/8/2PP4/5NP1/PP2PPBP/RNBQK2R b KQ - 2 5,32
rnbq1rk1/ppppppbp/5np1/8/2PP4/5NP1/PP2PP1P/RNBQKB1R w KQ - 1 5,37
rnbqkb1r/pppppp1p/5np1/8/3P4/5N2/PPP1PPPP/RNBQKB1R w KQkq - 0 3,39
rnbq1rk1/ppp1ppbp/3p1np1/8/2PP4/5NP1/PP2PPBP/RNBQK2R w KQ - 0 6,59
r1bq1rk1/ppp1ppbp/2np1np1/8/2PP4/5NP1/PP2PPBP/RNBQ1RK1 w - - 2 7,53
rnbq1rk1/ppp1ppbp/3p1np1/8/2PP4/5NP1/PP2PPBP/RNBQ1RK1 b - - 1 6,48
r1bq1rk1/ppp1ppbp/2np1np1/8/2PP4/2N2NP1/PP2PPBP/R1BQ1RK1 b - - 3 7,64
5rk1/6pp/8/7B/R2b1B2/3n2P1/1PR4P/7K b - - 0 38,595
r1bq1rk1/1pp1ppbp/p1np1np1/8/2PP4/2N2NP1/PP2PPBP/R1BQ1RK1 w - - 0 8,67
r1bq1rk1/1pp1ppbp/p1np1np1/8/2PP4/2N2NPP/PP2PPB1/R1BQ1RK1 b - - 0 8,55
r1bq1rk1/1pp1npbp/p2p1np1/3Pp3/2P5/2N2NPP/PP2PPB1/R1BQ1RK1 w - - 1 10,47
r1bq1rk1/1pp2pbp/p1np1np1/4p3/2PP4/2N2NPP/PP2PPB1/R1BQ1RK1 w - - 0 9,47
r1bq1rk1/2p1npbp/p2p1np1/1p1Pp3/2P1P3/2N2NPP/PP3PB1/R1BQ1RK1 w - - 0 11,41
r1bq1rk1/1pp2pbp/p1np1np1/3Pp3/2P5/2N2NPP/PP2PPB1/R1BQ1RK1 b - - 0 9,43
r1bq1rk1/2p1npbp/p2p1np1/1p1Pp3/2P1P3/2N3PP/PP1N1PB1/R1BQ1RK1 b - - 1 11,29
r1bq1rk1/4npbp/p1Pp1np1/1p2p3/2P1P3/2N3PP/PP1N1PB1/R1BQ1RK1 b - - 0 12,-2
r1bq1rk1/1pp1npbp/p2p1np1/3Pp3/2P1P3/2N2NPP/PP3PB1/R1BQ1RK1 b - - 0 10,40
r1bq1rk1/4npbp/p1pp1np1/1p1Pp3/2P1P3/2N3PP/PP1N1PB1/R1BQ1RK1 w - - 0 12,22
r1bq1rk1/5pbp/p1np1np1/1p2p3/2P1P3/2N3PP/PP1N1PB1/R1BQ1RK1 w - - 0 13,0
1rbq1rk1/5pbp/p1np1np1/1p2p3/2P1P3/1PN3PP/P2N1PB1/R1BQ1RK1 w - - 1 14,-28
1r1q1rk1/5pbp/p1npbnp1/1p2p3/2P1P3/1PN3PP/PB1N1PB1/R2Q1RK1 w - - 3 15,-11
r1bq1rk1/5pbp/p1np1np1/1p2p3/2P1P3/1PN3PP/P2N1PB1/R1BQ1RK1 b - - 0 13,-21
1r1q1rk1/5pbp/p2pbnp1/1p1Np3/2PnP3/1P4PP/PB1N1PB1/R2Q1RK1 w - - 5 16,-2
1rbq1rk1/5pbp/p1np1np1/1p2p3/2P1P3/1PN3PP/PB1N1PB1/R2Q1RK1 b - - 2 14,-37
1r3rk1/3q1pbp/p2pbnp1/1p1Np3/2PnP3/1P4PP/PB1N1PBK/R2Q1R2 b - - 8 17,-18
1r1q1rk1/5pbp/p1npbnp1/1p1Np3/2P1P3/1P4PP/PB1N1PB1/R2Q1RK1 b - - 4 15,-16
1r3rk1/3q1pbp/p2pbnp1/1p1Np3/2PnP3/1P4PP/PB1N1PB1/R2Q1R1K w - - 7 17,-27
1rr3k1/3q1pbp/p2pbnp1/1p1Np3/2PnP3/1P4PP/PB1N1PBK/2RQ1R2 b - - 10 18,-29
1r1q1rk1/5pbp/p2pbnp1/1p1Np3/2PnP3/1P4PP/PB1N1PB1/R2Q1R1K b - - 6 16,-44
1rrq2k1/5pbp/p2pbnp1/1p1Np3/2PnP3/1P4PP/PB1N1PBK/2RQ1R2 w - - 11 19,-4
1rr3k1/3q1pbp/p2pbnp1/1p1Np3/2PnP3/1P4PP/PB1N1PBK/R2Q1R2 w - - 9 18,-13
1rrq2k1/5pbp/p2pbnp1/1p1Np3/2PnP3/1P4PP/P2N1PBK/B1RQ1R2 b - - 12 19,-27
1rrq2k1/3n1pbp/p2pb1p1/1p1Np3/2PnP3/1P4PP/P2N1PBK/B1RQ1R2 w - - 13 20,7
1rrq2k1/3n1pb1/p2pb1p1/1p1Np2p/2PnP3/1P4PP/P2N1PBK/B1RQR3 w - - 0 21,-57
1rrq2k1/3n1pb1/p2pb1p1/1p1Np2p/2PBP3/1P4PP/P2N1PBK/2RQR3 b - - 0 21,-60
1rrq2k1/3n1pb1/p2pb1p1/1p1N3p/2PpP3/1P3NPP/P4PBK/2RQR3 b - - 1 22,-81
1rrq2k1/3n1pb1/p2pb1p1/1p1N3p/2PpP3/1P4PP/P2N1PBK/2RQR3 w - - 0 22,-60
1rrq2k1/3n1pbp/p2pb1p1/1p1Np3/2PnP3/1P4PP/P2N1PBK/B1RQR3 b - - 14 20,-43
1rrq2k1/3n1pb1/p2p2p1/3b3p/2PpP3/5NPP/P4PBK/2RQR3 w - - 0 24,-95
1rrq2k1/3n1pb1/p2p2p1/3P3p/2Pp4/5NPP/P4PBK/2RQR3 b - - 0 24,-85
1rr3k1/3n1pb1/p2p1qp1/3P3p/2Pp4/5NPP/P4PBK/2RQR3 w - - 1 25,-73
1rrq2k1/3n1pb1/p2pb1p1/3N3p/2ppP3/1P3NPP/P4PBK/2RQR3 w - - 0 23,-96
1rrq2k1/3n1pb1/p2pb1p1/3N3p/2PpP3/5NPP/P4PBK/2RQR3 b - - 0 23,-99
1rr3k1/3n1pb1/p2p1qp1/3P3p/2Pp4/5NPP/P2Q1PBK/2R1R3 b - - 2 25,-245
1rr3k1/5pb1/p2p1qp1/2nP3p/2Pp4/5NPP/P2Q1PBK/2R1R3 w - - 3 26,-261
1rr3k1/5pb1/p2p1qp1/2nP4/2Pp2P1/5N2/P2Q1PBK/2R1R3 b - - 0 27,-313
1rr3k1/5pb1/p2p1qp1/2nP3p/2Pp2P1/5N1P/P2Q1PBK/2R1R3 b - - 0 26,-369
1rr3k1/5pb1/p2p1qp1/2nP4/2Pp2p1/5N1P/P2Q1PBK/2R1R3 w - - 0 27,-341
2r3k1/5pb1/p2p1qp1/2nP4/2P3P1/3p1N2/P2Q1PBK/1R6 b - - 0 29,-413
2r3k1/5pb1/p2p1qp1/2nP4/2P3P1/3p1N2/P2Q1PBK/1r2R3 w - - 0 29,-413
1rr3k1/5pb1/p2p1qp1/2nP4/2P3P1/3p1N2/P2Q1PBK/2R1R3 w - - 0 28,-353
1rr3k1/5pb1/p2p1qp1/2nP4/2P3P1/3p1N2/P2Q1PBK/1R2R3 b - - 1 28,-428
4r1k1/5pb1/p2p2p1/2nP4/2P3P1/2qp1N2/P2Q1PB1/1R4K1 w - - 3 31,-422
4r1k1/5pb1/p2p2p1/2nP4/2P2QP1/2qp1N2/P4PB1/1R4K1 b - - 4 31,-458
4r1k1/5pb1/p2p2p1/3P4/2P1nQP1/2qp1N2/P4PB1/1R4K1 w - - 5 32,-372
4r1k1/5pb1/p2p2p1/3P4/2P1nQP1/2qp1N2/P4P2/1R3BK1 b - - 6 32,-652
4r1k1/5pb1/p2p2p1/2PP4/4nQP1/2q2N2/P2p1P2/1R3BK1 b - - 0 33,-529
4r1k1/5pb1/p2p1qp1/2nP4/2P3P1/3p1N2/P2Q1PB1/1R4K1 b - - 2 30,-502
4r1k1/5pb1/p2p1qp1/2nP4/2P3P1/3p1N2/P2Q1PBK/1R6 w - - 1 30,-415
4r1k1/5pb1/p2p2p1/3P4/2P1nQP1/2q2N2/P2p1P2/1R3BK1 w - - 0 33,-483
r1b1kbnr/ppqppppp/2n5/8/3NP3/8/PPP2PPP/RNBQKB1R w KQkq - 1 5,46
4r1k1/5pb1/p2p2p1/2PP4/4nQP1/5N2/P1qp1P2/1R3BK1 w - - 1 34,-482
4r1k1/5pb1/p2p2p1/2PP4/4nQP1/8/P2N1P2/1Rq2BK1 w - - 1 35,817
r1b1kbnr/ppqppppp/2n5/8/3NP3/2N5/PPP2PPP/R1BQKB1R b KQkq - 2 5,43
r1b1kbnr/ppqp1ppp/2n1p3/8/3NP3/2N5/PPP2PPP/R1BQKB1R w KQkq - 0 6,34
r1b1kbnr/1pqp1ppp/p1n1p3/8/3NP3/2NBB3/PPP2PPP/R2QK2R b KQkq - 1 7,47
r1b1kb1r/1pqp1ppp/p1n1pn2/8/3NP3/2NBB3/PPP2PPP/R2Q1RK1 b kq - 3 8,12
r1b1kbnr/ppqp1ppp/2n1p3/8/3NP3/2N1B3/PPP2PPP/R2QKB1R b KQkq - 1 6,43
r1b1kbnr/1pqp1ppp/p1n1p3/8/3NP3/2N1B3/PPP2PPP/R2QKB1R w KQkq - 0 7,47
r1b1kb1r/1pqp1ppp/p1n1pn2/8/3NP3/2NBB3/PPP2PPP/R2QK2R w KQkq - 2 8,24
r1b1kb1r/1pqp1pp1/p1n1pn2/7p/3NP3/2NBB2P/PPP2PP1/R2Q1RK1 b kq - 0 9,52
r1b1kb1r/2qp1pp1/p1n1pn2/1p5p/3NP3/2NBB2P/PPP2PP1/R2Q1RK1 w kq - 0 10,48
r1b1kb1r/1pqp1pp1/p1n1pn2/7p/3NP3/2NBB3/PPP2PPP/R2Q1RK1 w kq - 0 9,63
r1b1kb1r/2qp1pp1/p1N1pn2/1p5p/4P3/2NBB2P/PPP2PP1/R2Q1RK1 b kq - 0 10,41
r1b1kb1r/3p1pp1/p1q1pn2/1p5p/4P3/2NBB2P/PPP2PP1/R2Q1RK1 w kq - 0 11,43
r3kb1r/1b1p1pp1/p1q1pn2/1p5p/4P3/P1NBB2P/1PP2PP1/R2QR1K1 b kq - 2 12,46
r3kb1r/1b1p1pp1/p1q1pn2/1p5p/4P3/P1NBB2P/1PP2PP1/R2Q1RK1 w kq - 1 12,42
4r1k1/5pb1/p2p2p1/2PP4/4nQP1/8/P1qN1P2/1R3BK1 b - - 0 34,-507
r3kb1r/1b1p1pp1/p1q1pn2/1p6/4P2p/P1NBB2P/1PPQ1PP1/R3R1K1 b kq - 1 13,43
r1b1kb1r/3p1pp1/p1q1pn2/1p5p/4P3/P1NBB2P/1PP2PP1/R2Q1RK1 b kq - 0 11,41
r3kb1r/1b1p1pp1/p1q1pn2/1p6/4P2p/P1NBB2P/1PP2PP1/R2QR1K1 w kq - 0 13,39
2r1kb1r/1b1p1pp1/p1q1pn2/1p6/4P2p/P1NBB2P/1PPQ1PP1/R3R1K1 w k - 2 14,46
2r1kb1r/1b1p1pp1/p1q1pn2/1p6/4P2p/P1NBB2P/1PPQ1PP1/3RR1K1 b k - 3 14,29
2r1kb1r/1b1p1pp1/p1q1pn2/8/1p2P2p/P1NBB2P/1PPQ1PP1/3RR1K1 w k - 0 15,60
2r1kb1r/1b1p1pp1/p1q1pn2/8/1P2P2p/2NBB2P/1PPQ1PP1/3RR1K1 b k - 0 15,48
2r1k2r/1b1p1pp1/p1q1pn2/8/1b1BP2p/2NB3P/1PPQ1PP1/3RR1K1 b k - 1 16,38
2r1k2r/1b1p1pp1/p1q1pn2/8/1b2P2p/2NBB2P/1PPQ1PP1/3RR1K1 w k - 0 16,43
2r1k3/1b1p1pp1/p1q1pn2/7r/1b1BP2p/2NB3P/1PPQ1PP1/3RR1K1 w - - 2 17,116
2r1k3/1b1p1pp1/p1q1pn2/7r/1b1BPQ1p/2NB3P/1PP2PP1/3RR1K1 b - - 3 17,106
2r2k2/1b1p1p2/p1q2Q2/4p2r/1b2P2p/2NB3P/1PP2PP1/3RR1K1 w - - 0 20,150
2r2k2/1b1p1pp1/p1q1pn2/7r/1b1BPQ1p/2NB3P/1PP2PP1/3RR1K1 w - - 4 18,133
2r2k2/1b1p1p2/p1Q5/4p2r/1b2P2p/2NB3P/1PP2PP1/3RR1K1 b - - 0 20,137
5k2/1b1p1p2/p1r5/4p2r/1b2P2p/2NB3P/1PP2PP1/3RR1K1 w - - 0 21,160
2r2k2/1b1p1p2/p1q1pQ2/7r/1b2P2p/2NB3P/1PP2PP1/3RR1K1 b - - 0 19,47
2r2k2/1b1p1p2/p1q1pp2/7r/1b2PQ1p/2NB3P/1PP2PP1/3RR1K1 w - - 0 19,40
2r2k2/1b1p1pp1/p1q1pB2/7r/1b2PQ1p/2NB3P/1PP2PP1/3RR1K1 b - - 0 18,42
5k2/1b1p1p2/p1r5/4p2r/1b2P2p/2N4P/1PP1BPP1/3RR1K1 b - - 1 21,141
5k2/1b1p1p2/p1r5/4p1r1/1b2P2p/2N4P/1PP1BPP1/3RR1K1 w - - 2 22,142
5k2/1b1R1p2/p1r5/4p1r1/1b2P2p/2N4P/1PP1BPP1/4R1K1 b - - 0 22,168
2b2k2/3R1p2/p1r5/4p1r1/1b2P2p/2N4P/1PP1BPP1/4R1K1 w - - 1 23,142
2b2k2/5p2/2r5/p3p1r1/1b2P2p/2NR3P/1PP1BPP1/2R3K1 b - - 1 24,13
2b2k2/5p2/p1r5/4p1r1/1b2P2p/2NR3P/1PP1BPP1/4R1K1 b - - 2 23,96
2b2k2/5p2/2r5/p3p1r1/4P2p/2bR3P/1PP1BPP1/2R3K1 w - - 0 25,0
2b2k2/5p2/2r5/p3p1r1/4P2p/2PR3P/2P1BPP1/2R3K1 b - - 0 25,19
5k2/5p2/2r5/p3p1r1/4P2p/2P4P/2P1RPP1/2R3K1 b - - 0 27,8
5k2/5p2/b1r5/p3p1r1/4P2p/2PR3P/2P1BPP1/2R3K1 w - - 1 26,17
5k2/5p2/b1r5/p3p1r1/4P2p/2P4P/2PRBPP1/2R3K1 b - - 2 26,7
5k2/5p2/8/p3p1r1/4P2p/2r4P/2P1RPP1/R5K1 b - - 1 28,12
2b2k2/5p2/2r5/p3p1r1/1b2P2p/2NR3P/1PP1BPP1/4R1K1 w - - 0 24,122
5k2/5p2/8/p3p1r1/4P2p/2r4P/2P1RPP1/2R3K1 w - - 0 28,24
5k2/5p2/2r5/p3p1r1/4P2p/2P4P/2PRbPP1/2R3K1 w - - 0 27,18
5k2/5p2/8/R3p1r1/4P2p/7r/2P1RPP1/6K1 b - - 0 29,64
5k2/5p2/8/R3p1r1/4P2p/2r5/2P1RPP1/6K1 w - - 1 30,88
5k2/5p2/8/p3p1r1/4P2p/7r/2P1RPP1/R5K1 w - - 0 29,64
5k2/5p2/2r5/R3p1r1/4P2p/8/2PR1PPK/8 b - - 4 31,140
5k2/5p2/2r5/R3p1r1/4P2p/8/2P1RPPK/8 w - - 3 31,141
8/5pk1/2r5/3Rp1r1/4P2p/8/2PR1PPK/8 b - - 6 32,121
8/5pk1/2r5/R3p1r1/4P2p/8/2PR1PPK/8 w - - 5 32,141
8/5pk1/6r1/3Rp1r1/4P2p/8/2PR1PPK/8 w - - 7 33,137
5k2/5p2/8/R3p1r1/4P2p/2r5/2P1RPPK/8 b - - 2 30,70
8/5pk1/6r1/3Rp1r1/4P2p/5P2/2PR2PK/8 b - - 0 33,221
8/6k1/5pr1/3Rp3/4P2p/5Pr1/2P2RPK/8 w - - 0 35,400
8/5pk1/6r1/3Rp3/4P2p/5Pr1/2P2RPK/8 b - - 2 34,350
8/8/5prk/3Rp3/2P1P2p/5Pr1/5RPK/8 w - - 1 36,434
8/8/5prk/2PRp3/4P2p/5Pr1/5RPK/8 b - - 0 36,450
8/5pk1/6r1/3Rp3/4P2p/5Pr1/2PR2PK/8 w - - 1 34,309
8/6k1/5pr1/3Rp3/2P1P2p/5Pr1/5RPK/8 b - - 0 35,457
8/8/5pr1/2PRp2k/4P2p/5Pr1/5RPK/8 w - - 1 37,482
6r1/3R4/2P2p2/4p2k/4P2p/5Pr1/5RPK/8 b - - 0 38,510
6r1/3R2r1/2P2p2/4p2k/4P2p/5P2/5RPK/8 w - - 1 39,499
6r1/3R2r1/2P2pk1/4p3/4P2p/5P1K/3R2P1/8 b - - 4 40,523
8/3R4/5pr1/2P1p2k/4P2p/5Pr1/5RPK/8 b - - 2 37,494
2r5/3R2r1/2P2pk1/4p3/4P2p/5P1K/3R2P1/8 w - - 5 41,547
2r5/6R1/2P2pk1/4p3/4P2p/5P1K/3R2P1/8 b - - 0 41,576
2r5/6k1/2P2p2/4p3/4P2p/5P1K/3R2P1/8 w - - 0 42,567
6r1/3R4/5p2/2P1p2k/4P2p/5Pr1/5RPK/8 w - - 3 38,501
6r1/3R2r1/2P2p2/4p2k/4P2p/5P2/3R2PK/8 b - - 2 39,522
6r1/3R2r1/2P2pk1/4p3/4P2p/5P2/3R2PK/8 w - - 3 40,517
rnbqkb1r/pppppppp/5n2/8/2P5/2N5/PP1PPPPP/R1BQKBNR b KQkq - 2 2,27
rnbqkb1r/ppp2ppp/4pn2/3p4/2P5/2N2N2/PP1PPPPP/R1BQKB1R w KQkq - 0 4,31
rnbqk2r/ppp1bppp/4pn2/3p2B1/2PP4/2N2N2/PP2PPPP/R2QKB1R b KQkq - 2 5,11
rnbqk2r/ppp1bppp/4pn2/3p4/2PP4/2N2N2/PP2PPPP/R1BQKB1R w KQkq - 1 5,39
rnbqkb1r/pppp1ppp/4pn2/8/2P5/2N2N2/PP1PPPPP/R1BQKB1R b KQkq - 1 3,25
rnbq1rk1/ppp1bppp/4pn2/3p2B1/2PP4/2N1PN2/PP3PPP/R2QKB1R b KQ - 0 6,24
rnbq1rk1/ppp1bppp/4pn2/3p2B1/2PP4/2N2N2/PP2PPPP/R2QKB1R w KQ - 3 6,26
r1bq1rk1/pppnbppp/4pn2/3p2B1/2PP4/2N1PN2/PP3PPP/R2QKB1R w KQ - 1 7,21
rnbqkb1r/pppp1ppp/4pn2/8/2P5/2N5/PP1PPPPP/R1BQKBNR w KQkq - 0 3,24
r1bq1rk1/pppnbppp/4pn2/3P2B1/3P4/2N1PN2/PP3PPP/R2QKB1R b KQ - 0 7,17
r1bq1rk1/pppnbppp/5n2/3p2B1/3P4/2N1PN2/PPQ2PPP/R3KB1R b KQ - 1 8,33
r1bq1rk1/pppnbppp/5n2/3p2B1/3P4/2N1PN2/PP3PPP/R2QKB1R w KQ - 0 8,37
r1bqr1k1/pppnbppp/5n2/3p2B1/3P4/2N1PN2/PPQ2PPP/R3KB1R w KQ - 2 9,39
r1bqr1k1/pppnbppp/5n2/3p2B1/3P4/2NBPN2/PPQ2PPP/R3K2R b KQ - 3 9,36
r1bqr1k1/pp1nbppp/2p2n2/3p2B1/3P4/2NBPN2/PPQ2PPP/R3K2R w KQ - 0 10,43
r1bqr1k1/1p1nbppp/2p2n2/p2p2B1/3P4/2NBPN2/PPQ2PPP/2KR3R w - - 0 11,30
r1bqr1k1/pp1nbppp/2p2n2/3p2B1/3P4/2NBPN2/PPQ2PPP/2KR3R b - - 1 10,-17
r1bqr1k1/1p1nbppp/2p2n2/p2p2B1/3P4/2NBPN1P/PPQ2PP1/2KR3R b - - 0 11,-65
r1bqr1k1/1p1nbppp/2p2n2/3p2B1/p2P4/2NBPN1P/PPQ2PP1/1K1R3R b - - 1 12,-79
r1bqr1k1/3nbp1p/2p2np1/1p1p2B1/p2P2P1/2NBPN1P/PPQ2P2/1K1R3R w - - 0 14,-58
r1bqr1k1/3nbppp/2p2n2/1p1p2B1/p2P4/2NBPN1P/PPQ2PP1/1K1R3R w - - 0 13,28
r1bqr1k1/3nbp1p/2p2np1/1p1p2B1/p2P2P1/2NBPN1P/PPQ2P2/1K4RR b - - 1 14,-174
r1bqr1k1/1p1nbppp/2p2n2/3p2B1/p2P4/2NBPN1P/PPQ2PP1/2KR3R w - - 0 12,-58
r1bqr1k1/3nbppp/2p2n2/1p1p2B1/p2P2P1/2NBPN1P/PPQ2P2/1K1R3R b - - 0 13,-44
r1bqr1k1/3nbp1p/2p2np1/1p1p2B1/3P2P1/p1NBPN1P/PPQ2P2/1K4RR w - - 0 15,-85
r1bqr1k1/4bp1p/2p2np1/3p4/1p1P2P1/pPNBPN1P/P1Q2P2/1K4RR w - - 0 17,-81
r2qr1k1/4bp1p/b1p2np1/3p4/Np1P2P1/pP1BPN1P/P1Q2P2/1K4RR w - - 2 18,-78
r1bqr1k1/3nbp1p/2p2np1/3p2B1/1p1P2P1/pPNBPN1P/P1Q2P2/1K4RR w - - 0 16,-92
r1bqr1k1/3nbp1p/2p2Bp1/3p4/1p1P2P1/pPNBPN1P/P1Q2P2/1K4RR b - - 0 16,-89
r1bqr1k1/4bp1p/2p2np1/3p4/Np1P2P1/pP1BPN1P/P1Q2P2/1K4RR b - - 1 17,-80
r1bqr1k1/3nbp1p/2p2np1/1p1p2B1/3P2P1/pPNBPN1P/P1Q2P2/1K4RR b - - 0 15,-78
r2qr1k1/4bp1p/b1p2np1/3pN3/Np1P2P1/pP1BP2P/P1Q2P2/1K4RR b - - 3 18,-72
r2qr1k1/4bp1p/2p2np1/3p4/Np1P2P1/pP1NP2P/P1Q2P2/1K4RR b - - 0 19,-65
r2qr1k1/4bp1p/2p2np1/3pN3/Np1P2P1/pP1bP2P/P1Q2P2/1K4RR w - - 0 19,-68
3qr1k1/4bp1p/2p2np1/3p4/rp1P2P1/pP1NP2P/P1Q2P2/1K4RR w - - 0 20,53
3qr1k1/4bp1p/2p2np1/3p4/Pp1P2P1/p2NP2P/P1Q2P2/1K4RR b - - 0 20,85
3qr1k1/4bp1p/5np1/2pp4/Pp1P2P1/p2NP2P/P1Q2P2/1K4RR w - - 0 21,80
3qr1k1/4bp1p/5np1/2Np4/Pp1P2P1/p3P2P/P1Q2P2/1K4RR b - - 0 21,81
3qr1k1/5p1p/5np1/2Qp4/Pp1P2P1/p3P2P/P4P2/1K4RR b - - 0 22,87
3qr1k1/5p1p/5np1/2bp4/Pp1P2P1/p3P2P/P1Q2P2/1K4RR w - - 0 22,22
3qr1k1/5p1p/6p1/3p4/Pp1Pn1P1/p3P2P/P1Q2P2/1K4RR b - - 2 23,93
4r1k1/5p1p/5qp1/3p4/Pp1Pn1P1/p3P2P/P1Q2P2/1KR4R b - - 4 24,37
3qr1k1/5p1p/6p1/2Qp4/Pp1Pn1P1/p3P2P/P4P2/1K4RR w - - 1 23,20
4r1k1/5p1p/5qp1/3p4/Pp1Pn1P1/p3P2P/P1Q2P2/1K4RR w - - 3 24,56
4r1k1/5p1p/6p1/3p4/Pp1P2P1/p3P2P/P4n2/1KR4R w - - 0 26,381
4r1k1/5p1p/6p1/3p4/Pp1Pn1P1/p3P2P/P1Q2q2/1KR4R w - - 0 25,361
4r1k1/5p1p/6p1/3p4/Pp1Pn1P1/p3P2P/P4Q2/1KR4R b - - 0 25,383
4r1k1/5p1p/6p1/3p4/Pp1Pn1P1/p3P2P/P7/1KR2R2 w - - 2 27,387
4r1k1/5p1p/6p1/3p4/Pp1P2P1/p3P2P/P4n2/1KR2R2 b - - 1 26,380
4r1k1/5p1p/6p1/3p4/Pp1Pn1P1/p3P2P/P1K5/2R2R2 b - - 3 27,385
6k1/4Rp1p/6p1/3p4/Pp1P2P1/pKn4r/P7/5R2 b - - 1 30,0
6k1/4Rp1p/6p1/3p4/Pp1P2P1/pK5r/n7/5R2 w - - 0 31,0
6k1/4Rp1p/6p1/3p4/Pp1P2P1/p6r/K7/5R2 b - - 0 31,0
6k1/4Rp1p/6p1/3p4/Pp1P2P1/p7/K6r/5R2 w - - 1 32,0
6k1/4Rp1p/6p1/3p4/Pp1P2P1/p7/7r/1K3R2 b - - 2 32,0
6k1/4Rp1p/6p1/3p4/P2P2P1/pp6/7r/1K3R2 w - - 0 33,0
6k1/1R3p1p/6p1/3p4/P2P2P1/pp6/7r/1K3R2 b - - 1 33,0
6k1/1R3p1p/6p1/3p4/P2P2P1/pp6/1r6/1K3R2 w - - 2 34,0
6k1/1R3p1p/6p1/3p4/P2P2P1/pp6/1r6/K4R2 b - - 3 34,0
6k1/1R3p1p/6p1/3p4/P2P2P1/pp6/r7/K4R2 w - - 4 35,0
6k1/1R3p1p/6p1/3p4/P2P2P1/pp6/r7/1K3R2 b - - 5 35,0
4r1k1/5p1p/6p1/3p4/Pp1P2P1/p1n1P2P/P1K5/2R2R2 w - - 4 28,453
rnbqkb1r/ppp1pp1p/5np1/3p4/2PP1B2/2N5/PP2PPPP/R2QKBNR b KQkq - 1 4,33
6k1/5p1p/6p1/3p4/Pp1P2P1/pKn1r2P/P7/2R2R2 w - - 0 29,466
rnbqk2r/ppp1ppbp/5np1/3p4/2PP1B2/2N5/PP2PPPP/R2QKBNR w KQkq - 2 5,22
rnbq1rk1/ppp1ppbp/5np1/3p4/2PP1B2/2N2N2/PP2PPPP/R2QKB1R w KQ - 4 6,14
rnbqk2r/ppp1ppbp/5np1/3p4/2PP1B2/2N2N2/PP2PPPP/R2QKB1R b KQkq - 3 5,14
4r1k1/5p1p/6p1/3p4/Pp1P2P1/pKn1P2P/P7/2R2R2 b - - 5 28,455
rnbq1rk1/pp2ppbp/5np1/2pp4/2PP1B2/2N1PN2/PP3PPP/R2QKB1R w KQ - 0 7,-2
rnbq1rk1/ppp1ppbp/5np1/3p4/2PP1B2/2N1PN2/PP3PPP/R2QKB1R b KQ - 0 6,-10
6k1/5p1p/6p1/3p4/Pp1P2P1/pKn1r2P/P7/4RR2 b - - 1 29,440
rnbq1rk1/pp2ppbp/5np1/2Pp4/2P2B2/2N1PN2/PP3PPP/R2QKB1R b KQ - 0 7,-10
rnbq1rk1/pp2pp1p/6p1/2Ppb3/2P1n3/2N1PN2/PP3PPP/R2QKB1R w KQ - 0 9,-30
6k1/5p1p/6p1/3p4/Pp1P2P1/pKn4r/P7/4RR2 w - - 0 30,458
rnbq1rk1/pp2ppbp/6p1/2PpB3/2P1n3/2N1PN2/PP3PPP/R2QKB1R b KQ - 2 8,-19
rnbq1rk1/pp2pp1p/6p1/2PpN3/2P1n3/2N1P3/PP3PPP/R2QKB1R b KQ - 0 9,-14
rnb2rk1/pp2pp1p/6p1/q1PpN3/2PQ4/2P1P3/P4PPP/R3KB1R b KQ - 2 11,-9
rnbq1rk1/pp2pp1p/6p1/2PpN3/2P5/2n1P3/PP3PPP/R2QKB1R w KQ - 0 10,-20
rnb2rk1/pp2pp1p/6p1/q1PpN3/2P5/2P1P3/P4PPP/R2QKB1R w KQ - 1 11,-13
r1b2rk1/pp2pp1p/2n3p1/q1PpN3/2PQ4/2P1P3/P4PPP/R3KB1R w KQ - 3 12,0
rnbq1rk1/pp2ppbp/6p1/2Pp4/2P1nB2/2N1PN2/PP3PPP/R2QKB1R w KQ - 1 8,-7
r1b2rk1/pp2pp1p/2N3p1/q1Pp4/2PQ4/2P1P3/P4PPP/R3KB1R b KQ - 0 12,0
rnbq1rk1/pp2pp1p/6p1/2PpN3/2P5/2P1P3/P4PPP/R2QKB1R b KQ - 0 10,-20
r2r2k1/p3pp1p/2p1b1p1/q1PP4/3Q4/2P1P3/P3BPPP/R4RK1 b - - 0 15,0
r1b2rk1/p3pp1p/2p3p1/q1Pp4/2PQ4/2P1P3/P4PPP/R3KB1R w KQ - 0 13,10
r2r2k1/p3pp1p/2p1b1p1/q1Pp4/2PQ4/2P1P3/P3BPPP/R4RK1 w - - 4 15,0
r1b2rk1/p3pp1p/2p3p1/q1Pp4/2PQ4/2P1P3/P3BPPP/R3K2R b KQ - 1 13,0
r5k1/p3pp1p/2p1b1p1/q1Pr4/3Q4/2P1P3/P3BPPP/R4RK1 w - - 0 16,0
r5k1/p3pp1p/2p1b1p1/q1Pr4/1Q6/2P1P3/P3BPPP/R4RK1 b - - 1 16,0
r1br2k1/p3pp1p/2p3p1/q1Pp4/2PQ4/2P1P3/P3BPPP/R4RK1 b - - 3 14,0
r5k1/p3pp1p/2p1b1p1/2qr4/1Q6/2P1P3/P3BPPP/R4RK1 w - - 0 17,0
r1br2k1/p3pp1p/2p3p1/q1Pp4/2PQ4/2P1P3/P3BPPP/R3K2R w KQ - 2 14,0
r5k1/p3pp1p/2p1b1p1/2qr4/1Q6/2P1PB2/P4PPP/R4RK1 b - - 1 17,-14
r5k1/4pp1p/2p1b1p1/p1qr4/1Q6/2P1PB2/P4PPP/R4RK1 w - - 0 18,-16
r5k1/1Q2pp1p/2p1b1p1/p1qr4/8/2P1PB2/P4PPP/R4RK1 b - - 1 18,-18
r2r2k1/4pp1p/2Q1b1p1/p1q5/8/2P1PB2/P4PPP/R4RK1 b - - 0 19,-26
r2r2k1/4pp1p/2q1b1p1/p7/8/2P1PB2/P4PPP/R4RK1 w - - 0 20,0
r2r2k1/1Q2pp1p/2p1b1p1/p1q5/8/2P1PB2/P4PPP/R4RK1 w - - 2 19,-13
r2r2k1/4pp1p/2B1b1p1/p7/8/2P1P3/P4PPP/R4RK1 b - - 0 20,-6
2rr2k1/4pp1p/2B1b1p1/p7/8/2P1P3/P4PPP/R4RK1 w - - 1 21,-16
3r2k1/4pp1p/4b3/pB4p1/P7/2r1P2P/5PP1/R4RK1 b - - 0 23,-13
3r2k1/4pp1p/4b1p1/pB6/8/2r1P3/P4PPP/R4RK1 w - - 0 22,-22
2rr2k1/4pp1p/4b1p1/pB6/8/2P1P3/P4PPP/R4RK1 b - - 2 21,-14
3r2k1/4pp1p/4b3/pB4p1/P7/2r1P3/5PPP/R4RK1 w - - 0 23,-7
3r2k1/4pp1p/4b1p1/pB6/P7/2r1P3/5PPP/R4RK1 b - - 0 22,-6
3r4/4ppkp/4b3/pB4p1/P7/2r1P2P/5PP1/2R2RK1 b - - 2 24,-28
3r4/4ppkp/4b3/pB4p1/P7/2r1P2P/5PP1/R4RK1 w - - 1 24,-13
rnbqkbnr/ppp1pppp/3p4/8/8/5N2/PPPPPPPP/RNBQKB1R w KQkq - 0 2,70
2r5/4ppkp/4b3/pB4p1/P7/2r1P2P/5PP1/2R2RK1 w - - 3 25,-13
rn1qkbnr/ppp1pppp/3p4/8/3P2b1/4PN2/PPP2PPP/RNBQKB1R b KQkq - 0 3,76
rnbqkbnr/ppp1pppp/3p4/8/3P4/5N2/PPP1PPPP/RNBQKB1R b KQkq - 0 2,68
rn1qkb1r/ppp1pppp/3p1n2/8/2PP2b1/4PN2/PP3PPP/RNBQKB1R b KQkq - 0 4,76
rn1qkbnr/ppp1pppp/3p4/8/3P2b1/5N2/PPP1PPPP/RNBQKB1R w KQkq - 1 3,98
rn1qkb1r/ppp1pppp/3p1n2/8/3P2b1/4PN2/PPP2PPP/RNBQKB1R w KQkq - 1 4,75
r2qkb1r/pppnpppp/3p1n2/8/2PP2b1/4PN2/PP3PPP/RNBQKB1R w KQkq - 1 5,80
r2qkb1r/pppn1ppp/3p1n2/4p3/2PP2b1/2N1PN2/PP3PPP/R1BQKB1R w KQkq - 0 6,82
r2qk2r/pppnbppp/3p1n2/4p3/2PPP1b1/2N2N2/PP2BPPP/R1BQK2R b KQkq - 0 7,44
r2qkb1r/pppnpppp/3p1n2/8/2PP2b1/2N1PN2/PP3PPP/R1BQKB1R b KQkq - 2 5,75
r2qk2r/pp1nbppp/2pp1n2/4p3/2PPP1b1/2N2N2/PP2BPPP/R1BQK2R w KQkq - 0 8,63
r2qk2r/pppnbppp/3p1n2/4p3/2PP2b1/2N1PN2/PP2BPPP/R1BQK2R w KQkq - 2 7,65
r2qkb1r/pppn1ppp/3p1n2/4p3/2PP2b1/2N1PN2/PP2BPPP/R1BQK2R b KQkq - 1 6,73
r2qk2r/pp1nbppp/2pp1n2/4p3/2PPP1b1/2N1BN2/PP2BPPP/R2QK2R b KQkq - 1 8,55
r2q1rk1/1p1nbppp/p1pp1n2/4p3/2PPP1b1/2N1BN2/PP2BPPP/R2Q1RK1 w - - 0 10,54
r2q1rk1/pp1nbppp/2pp1n2/4p3/2PPP1b1/2N1BN2/PP2BPPP/R2Q1RK1 b - - 3 9,58
r2qr1k1/1p1nbppp/p1pp1n2/4p3/2PPP1b1/P1N1BN2/1P2BPPP/R2Q1RK1 w - - 1 11,63
r2q1rk1/pp1nbppp/2pp1n2/4p3/2PPP1b1/2N1BN2/PP2BPPP/R2QK2R w KQ - 2 9,65
r2q1rk1/1p1nbppp/p1pp1n2/4p3/2PPP1b1/P1N1BN2/1P2BPPP/R2Q1RK1 b - - 0 10,48
r2qr1k1/1p1nbppp/p2p1n2/3Pp3/4P1b1/P1N1BN2/1P2BPPP/R2Q1RK1 b - - 0 12,65
2rqr1k1/1p1nbppp/p2p1n2/3Pp3/4P1b1/P1N1B3/1P1NBPPP/R2Q1RK1 b - - 2 13,66
2rqr1k1/1p1nbppp/p2p1n2/3Pp3/4P1b1/P1N1BN2/1P2BPPP/R2Q1RK1 w - - 1 13,71
r2qr1k1/1p1nbppp/p1pp1n2/3Pp3/2P1P1b1/P1N1BN2/1P2BPPP/R2Q1RK1 b - - 0 11,65
2rqr1k1/1p1nbppp/p2p1n2/3Pp3/4P3/P1N1B3/1P1NbPPP/R2Q1RK1 w - - 0 14,59
r2qr1k1/1p1nbppp/p2p1n2/3pp3/2P1P1b1/P1N1BN2/1P2BPPP/R2Q1RK1 w - - 0 12,59
2rqr1k1/1p1nbppp/p2p1n2/3Pp3/4P3/P1N1B3/1P1NQPPP/R4RK1 b - - 0 14,73
2r1r1k1/1pqnbppp/p2p1n2/3Pp3/4P3/P1N1B3/1P1NQPPP/R1R3K1 b - - 2 15,131
1qr1r1k1/1p1nbppp/p2p1n2/3Pp3/4P3/P1N1B3/1P1NQPPP/R1R3K1 w - - 3 16,137
1q2r1k1/1prnbppp/p2p1n2/3Pp3/P3P3/2N1B3/1P1NQPPP/R1R3K1 w - - 1 17,143
2r1r1k1/1pqnbppp/p2p1n2/3Pp3/4P3/P1N1B3/1P1NQPPP/R4RK1 w - - 1 15,117
1q2r1k1/1prnbppp/p2p1n2/P2Pp3/4P3/2N1B3/1P1NQPPP/R1R3K1 b - - 0 17,134
1qr1r1k1/1p1nbppp/p2p1n2/3Pp3/P3P3/2N1B3/1P1NQPPP/R1R3K1 b - - 0 16,135
1q2r1k1/1prnbpp1/p2p1n1p/P2Pp3/4P3/2N1B3/1P1NQPPP/R1R3K1 w - - 0 18,147
1q2r1k1/1prnbppn/p2p3p/P2Pp3/4P3/2N1B1P1/1P1NQP1P/R1R3K1 w - - 1 19,157
1q2r1k1/1prnbppn/p2p3p/P2Pp3/4P2P/2N1B1P1/1P1NQP2/R1R3K1 b - - 0 19,161
1q2r1k1/1prnbpp1/p2p1n1p/P2Pp3/4P3/2N1B1P1/1P1NQP1P/R1R3K1 b - - 0 18,135
1qr3k1/1prnbpp1/p2p1n1p/P2Pp3/R3P2P/2N1B1P1/1P1NQPK1/2R5 b - - 4 21,167
1q2r1k1/1prnbpp1/p2p1n1p/P2Pp3/4P2P/2N1B1P1/1P1NQP2/R1R3K1 w - - 1 20,163
1qr3k1/1prnbpp1/p2p1n1p/P2Pp3/4P2P/2N1B1P1/1P1NQPK1/R1R5 w - - 3 21,163
1q2r1k1/1prnbpp1/p2p1n1p/P2Pp3/4P2P/2N1B1P1/1P1NQPK1/R1R5 b - - 2 20,152
1qr3k1/1pr1bpp1/p2p1n1p/P1nPp3/2R1P2P/2N1B1P1/1P1NQPK1/2R5 b - - 6 22,155
1qr3k1/1pr1bpp1/p2p1n1p/P1nPp3/R3P2P/2N1B1P1/1P1NQPK1/2R5 w - - 5 22,153
1qr3k1/1prnbpp1/p2p1n1p/P2Pp3/2R1P2P/2N1B1P1/1P1NQPK1/2R5 w - - 7 23,165
1qr3k1/1pr1bpp1/p2p1n1p/P1nPp3/1R2P2P/2N1B1P1/1P1NQPK1/2R5 w - - 9 24,184
1qr3k1/1pr1bpp1/p2p1n1p/P1nPp3/1R2P2P/2N1B1P1/1P1NQPK1/R7 b - - 10 24,167
1q3rk1/1pr1bpp1/p2p1n1p/P1nPp3/2R1P2P/2N1B1P1/1P1NQPK1/R7 b - - 12 25,166
1qr3k1/1prnbpp1/p2p1n1p/P2Pp3/1R2P2P/2N1B1P1/1P1NQPK1/2R5 b - - 8 23,167
1qr3k1/1pr1bpp1/p2p1n1p/P1nPp3/2R1P2P/2N1B1P1/1P1NQPK1/R7 w - - 13 26,170
1qr3k1/1pr1bpp1/p2p1n1p/P1nPp3/2R1P2P/R1N1B1P1/1P1NQPK1/8 b - - 14 26,175
1q3rk1/1pr1bpp1/p2p1n1p/P1nPp3/1R2P2P/2N1B1P1/1P1NQPK1/R7 w - - 11 25,176
1qr3k1/1pr1bp2/p2p1np1/P1nPp2p/2R1P2P/R1N1BPP1/1P1NQ1K1/8 w - - 0 28,177
1qr3k1/1pr1bpp1/p2p1n2/P1nPp2p/2R1P2P/R1N1B1P1/1P1NQPK1/8 w - - 0 27,173
1qr3k1/1pr1bpp1/p2p1n2/P1nPp2p/2R1P2P/R1N1BPP1/1P1NQ1K1/8 b - - 0 27,175
1qr3k1/1prnbp2/p2p1np1/PP1Pp2p/2R1P2P/R1N1BPP1/3NQ1K1/8 b - - 0 29,170
1qr3k1/1p1nbp2/p2p1np1/PP1Pp2p/2r1P2P/R1N1BPP1/3NQ1K1/8 w - - 0 30,163
1qr3k1/1pr1bp2/p2p1np1/P1nPp2p/1PR1P2P/R1N1BPP1/3NQ1K1/8 b - - 0 28,173
1qr3k1/1p1nbp2/p2p1np1/PP1Pp2p/2N1P2P/R1N1BPP1/4Q1K1/8 b - - 0 30,180
1qr3k1/1prnbp2/p2p1np1/P2Pp2p/1PR1P2P/R1N1BPP1/3NQ1K1/8 w - - 1 29,177
1qr3k1/1p1nbp2/3p1np1/Pp1Pp2p/2N1P2P/R1N1BPP1/4Q1K1/8 w - - 0 31,272
1qr5/1p1nbpk1/3p1np1/PN1Pp2p/2N1P2P/R3BPP1/4Q1K1/8 w - - 1 32,290
1q6/Nprnbpk1/3p1np1/P2Pp2p/2N1P2P/R3BPP1/4Q1K1/8 w - - 3 33,289
1q6/Nprnbpk1/3p1np1/P2Pp2p/2N1P2P/R3BPP1/Q5K1/8 b - - 4 33,273
5q2/Nprnbpk1/3p1np1/P2Pp2p/2N1P2P/R3BPP1/Q5K1/8 w - - 5 34,270
1qr3k1/1p1nbp2/3p1np1/PN1Pp2p/2N1P2P/R3BPP1/4Q1K1/8 b - - 0 31,264
5q2/Nprnbpk1/1N1p1np1/P2Pp2p/4P2P/R3BPP1/Q5K1/8 b - - 6 34,247
5q2/Npr1bpk1/1n1p1np1/P2Pp2p/4P2P/R3BPP1/Q5K1/8 w - - 0 35,444
5q2/Np1rbpk1/1P1p1np1/3Pp2p/4P2P/R3BPP1/Q5K1/8 w - - 1 36,468
5q2/1p1rbpk1/1PNp1np1/3Pp2p/4P2P/R3BPP1/Q5K1/8 b - - 2 36,439
5q2/Npr1bpk1/1P1p1np1/3Pp2p/4P2P/R3BPP1/Q5K1/8 b - - 0 35,447
1qr5/Np1nbpk1/3p1np1/P2Pp2p/2N1P2P/R3BPP1/4Q1K1/8 b - - 2 32,308
r1bqkbnr/pppp1ppp/2n5/4p3/4P3/5N2/PPPP1PPP/RNBQKB1R w KQkq - 2 3,37
r1bqkbnr/pppp1ppp/2n5/1B2p3/4P3/5N2/PPPP1PPP/RNBQK2R b KQkq - 3 3,35
r1bqkbnr/1ppp1ppp/p1n5/1B2p3/4P3/5N2/PPPP1PPP/RNBQK2R w KQkq - 0 4,54
r1bqkb1r/1ppp1ppp/p1n2n2/4p3/B3P3/5N2/PPPP1PPP/RNBQK2R w KQkq - 2 5,46
r1bqkbnr/1ppp1ppp/p1n5/4p3/B3P3/5N2/PPPP1PPP/RNBQK2R b KQkq - 1 4,42
r1bqk2r/1pppbppp/p1n2n2/4p3/B3P3/5N2/PPPP1PPP/RNBQ1RK1 w kq - 4 6,44
r1bqkb1r/1ppp1ppp/p1n2n2/4p3/B3P3/5N2/PPPP1PPP/RNBQ1RK1 b kq - 3 5,53
r1bqk2r/1pppbppp/p1n2n2/4p3/B3P3/5N2/PPPP1PPP/RNBQR1K1 b kq - 5 6,48
r1bqk2r/2ppbppp/p1n2n2/1p2p3/B3P3/5N2/PPPP1PPP/RNBQR1K1 w kq - 0 7,43
4nq2/Rp1rbpk1/1PNp2p1/3Pp2p/4P2P/4BPP1/Q5K1/8 b - - 4 37,512
4nq2/1p1rbpk1/1PNp2p1/3Pp2p/4P2P/R3BPP1/Q5K1/8 w - - 3 37,471
r1bqk2r/2ppbppp/p1n2n2/1p2p3/4P3/1B3N2/PPPP1PPP/RNBQR1K1 b kq - 1 7,49
r1bqk2r/2p1bppp/p1np1n2/1p2p3/4P3/1B3N2/PPPP1PPP/RNBQR1K1 w kq - 0 8,53
r1bq1rk1/2p1bppp/p1np1n2/1p2p3/4P3/1BP2N2/PP1P1PPP/RNBQR1K1 w - - 1 9,41
r1bqk2r/2p1bppp/p1np1n2/1p2p3/4P3/1BP2N2/PP1P1PPP/RNBQR1K1 b kq - 0 8,47
r1bq1rk1/2p1bppp/p1np1n2/1p2p3/4P3/1BP2N1P/PP1P1PP1/RNBQR1K1 b - - 0 9,64
r1b2rk1/2pqbppp/p1np1n2/1p2p3/3PP3/1BP2N1P/PP3PP1/RNBQR1K1 b - - 0 10,79
r1b2rk1/2pqbppp/p1np1n2/1p2p3/4P3/1BP2N1P/PP1P1PP1/RNBQR1K1 w - - 1 10,80
r1b1r1k1/2pqbppp/p1np1n2/1p2p3/3PP3/1BP2N1P/PP1N1PP1/R1BQR1K1 b - - 2 11,75
r1b1rbk1/2pq1ppp/p1np1n2/1p2p3/3PP3/1BP2N1P/PP1N1PP1/R1BQR1K1 w - - 3 12,63
r1b1rbk1/2pq1ppp/p1np1n2/1p2p3/3PP3/2P2N1P/PPBN1PP1/R1BQR1K1 b - - 4 12,78
r3rbk1/1bpq1ppp/p1np1n2/1p2p3/P2PP3/2P2N1P/1PBN1PP1/R1BQR1K1 b - - 0 13,42
r3rbk1/1bpq1p1p/p1np1np1/1p2p3/P2PP3/2P2N1P/1PBN1PP1/R1BQR1K1 w - - 0 14,81
r3rbk1/1bpq1p1p/p1np1np1/1p1Pp3/P3P3/2P2N1P/1PBN1PP1/R1BQR1K1 b - - 0 14,97
r1b1r1k1/2pqbppp/p1np1n2/1p2p3/3PP3/1BP2N1P/PP3PP1/RNBQR1K1 w - - 1 11,72
r3rbk1/1bpqnp1p/p2p1np1/1p1Pp3/P3P3/2P2N1P/1PBN1PP1/R1BQR1K1 w - - 1 15,97
r3rbk1/1bpq1ppp/p1np1n2/1p2p3/3PP3/2P2N1P/PPBN1PP1/R1BQR1K1 w - - 5 13,58
r3rbk1/1b1qnp1p/p1pp2p1/1p1Pp2n/P1P1P3/1P3N1P/2B2PP1/R1BQRNK1 b - - 2 17,87
r3rbk1/1b1qnp1p/p1pp1np1/1p1Pp3/P1P1P3/5N1P/1PBN1PP1/R1BQR1K1 w - - 0 16,81
r3rbk1/1bpqnp1p/p2p1np1/1p1Pp3/P1P1P3/5N1P/1PBN1PP1/R1BQR1K1 b - - 0 15,69
r3rbk1/1b1qnp1p/p1pp2p1/1p1Pp2n/P1P1P3/1P3N1P/2BN1PP1/R1BQR1K1 w - - 1 17,84
r3rbk1/1b1qnp1p/p1pp1np1/1p1Pp3/P1P1P3/1P3N1P/2BN1PP1/R1BQR1K1 b - - 0 16,75
r3rbk1/1b1qnpnp/p1pp2p1/1p1Pp3/P1P1P3/1P3N1P/2B2PP1/R1BQRNK1 w - - 3 18,119
r3rbk1/1b1qn1np/p2p2p1/1p1Ppp2/P3P3/1P1B1N1P/5PP1/R1BQRNK1 w - - 0 20,154
r3rbk1/1b1qnpnp/p2p2p1/1p1Pp3/P3P3/1P1B1N1P/5PP1/R1BQRNK1 b - - 0 19,137
r3rb1k/1b1qn1np/p2p2p1/1p1Ppp2/P3P3/1P1BNN1P/5PP1/R1BQR1K1 w - - 2 21,174
r3rbk1/1b1qnpnp/p1pp2p1/1p1Pp3/P1P1P3/1P1B1N1P/5PP1/R1BQRNK1 b - - 4 18,123
r3rb1k/1b1qn1np/p2p2p1/1P1Ppp2/4P3/1P1BNN1P/5PP1/R1BQR1K1 b - - 0 21,158
r3rbk1/1b1qn1np/p2p2p1/1p1Ppp2/P3P3/1P1BNN1P/5PP1/R1BQR1K1 b - - 1 20,156
r3rbk1/1b1qnpnp/p2p2p1/1p1pp3/P1P1P3/1P1B1N1P/5PP1/R1BQRNK1 w - - 0 19,126
R3rb1k/1b1qn1np/3p2p1/1p1Ppp2/4P3/1P1BNN1P/5PP1/2BQR1K1 b - - 0 22,158
r4b1k/1b1qn1np/3p2p1/1p1Ppp2/4P3/1P1BNN1P/5PP1/2BQR1K1 w - - 0 23,164
r4b1k/1b1qn1np/3p2p1/1p1PppN1/4P3/1P1BN2P/5PP1/2BQR1K1 b - - 1 23,166
r3rb1k/1b1qn1np/3p2p1/1p1Ppp2/4P3/1P1BNN1P/5PP1/R1BQR1K1 w - - 0 22,166
r4b1k/1b1qn1np/3p2p1/1p1Pp1N1/4p3/1P1BN2P/5PP1/2BQR1K1 w - - 0 24,170
r4b1k/1b1q2np/3p2p1/1p1PpnN1/4B1N1/1P5P/5PP1/2BQR1K1 b - - 2 25,145
r4b1k/1b1qn1np/3p2p1/1p1Pp1N1/4B3/1P2N2P/5PP1/2BQR1K1 b - - 0 24,184
r6k/1b1qb1np/3p2p1/1p1PpnN1/4B1N1/1P5P/5PP1/2BQR1K1 w - - 3 26,139
r6k/1b1qbNnp/3p2p1/1p1Ppn2/4B1N1/1P5P/5PP1/2BQR1K1 b - - 4 26,129
r4b1k/1b1q2np/3p2p1/1p1PpnN1/4B3/1P2N2P/5PP1/2BQR1K1 w - - 1 25,175
r5k1/1b1qbNnp/3p2p1/1p1Ppn2/4B1N1/1P5P/5PP1/2BQR1K1 w - - 5 27,136
r5k1/1b1qb1np/3p2pN/1p1Pp3/4B3/1P5P/5PP1/2BQR1K1 b - - 0 28,146
r6k/1b1qb1np/3p2pN/1p1Pp3/4B3/1P5P/5PP1/2BQR1K1 w - - 1 29,146
r5k1/1b1qbNnp/3p2pN/1p1Ppn2/4B3/1P5P/5PP1/2BQR1K1 b - - 6 27,144
r5k1/1b1qbNnp/3p2pn/1p1Pp3/4B3/1P5P/5PP1/2BQR1K1 w - - 0 28,131
r2b3k/1b1q3p/3p2p1/1p1Pp2n/4B1N1/1P5P/3B1PP1/3QR1K1 w - - 5 31,148
r6k/1b1qb1np/3p2pN/1p1Pp3/4B3/1P5P/3B1PP1/3QR1K1 b - - 2 29,84
r6k/1b1qb2p/3p2pN/1p1Pp2n/4B3/1P5P/3B1PP1/3QR1K1 w - - 3 30,117
r2b3k/1b1q3p/3p2p1/1p1Pp2n/4B1N1/1P2B2P/5PP1/3QR1K1 b - - 6 31,98
r6k/1b1qb2p/3p2p1/1p1Pp2n/4B1N1/1P5P/3B1PP1/3QR1K1 b - - 4 30,116
r6k/1b1q3p/3p2p1/bp1Pp2n/4B1N1/1P2B2P/5PP1/3QR1K1 w - - 7 32,102
r6k/1b1q3p/3p2p1/1p1Pp2n/4B1N1/1Pb1B2P/5PP1/3Q1RK1 w - - 9 33,92
r6k/1b2q2p/3p2p1/1p1Pp2n/4B1N1/1Pb1BQ1P/5PP1/5RK1 w - - 11 34,84
r6k/1b2q2p/3p2pB/3Pp2n/1p2B1N1/1Pb2Q1P/5PP1/5RK1 w - - 0 35,41
r6k/1b1q3p/3p2p1/1p1Pp2n/4B1N1/1Pb1BQ1P/5PP1/5RK1 b - - 10 33,88
r6k/1b1q3p/3p2p1/bp1Pp2n/4B1N1/1P2B2P/5PP1/3Q1RK1 b - - 8 32,95
r6k/1b2q2p/3p2pB/1p1Pp2n/4B1N1/1Pb2Q1P/5PP1/5RK1 b - - 12 34,49
r6k/1b2q2p/3p2pB/3Pp2n/1p2B1N1/1Pb2Q1P/5PP1/3R2K1 b - - 1 35,24
r5k1/1b2q2p/3p2pB/3Pp2n/1p2B1N1/1Pb2QPP/5P2/3R2K1 b - - 0 36,20
r5k1/1b3q1p/3p2pB/3Pp2n/1p2B1N1/1Pb2QPP/5P2/3R2K1 w - - 1 37,25
r1b3k1/5q1p/3p2pB/3Pp2n/1p2B1N1/1Pb1Q1PP/5P2/3R2K1 w - - 3 38,23
r5k1/5q1p/3p2p1/3Pp1Bn/1p2B1b1/1Pb1Q1PP/5P2/3R2K1 w - - 0 39,-6
r5k1/1b2q2p/3p2pB/3Pp2n/1p2B1N1/1Pb2Q1P/5PP1/3R2K1 w - - 2 36,30
r1b3k1/5q1p/3p2p1/3Pp1Bn/1p2B1N1/1Pb1Q1PP/5P2/3R2K1 b - - 4 38,-12
r5k1/5q1p/3p2p1/3Pp1Bn/1p2B1P1/1Pb1Q1P1/5P2/3R2K1 b - - 0 39,-12
r5k1/5q1p/3p1np1/3Pp1B1/1p2B1P1/1Pb1Q1P1/5P2/3R2K1 w - - 1 40,0
r5k1/1b3q1p/3p2pB/3Pp2n/1p2B1N1/1Pb1Q1PP/5P2/3R2K1 b - - 2 37,25
r5k1/3n1q1p/3p2p1/3Pp1B1/1p4P1/1Pb1Q1P1/4BP2/3R2K1 b - - 4 41,-228
r5k1/5q1p/3p1np1/3Pp1B1/1p4P1/1Pb1QBP1/5P2/3R2K1 b - - 2 40,-91
r5k1/3n1q1p/3p2p1/3Pp1B1/1p4P1/1Pb1QBP1/5P2/3R2K1 w - - 3 41,-92
r5k1/5q1p/3p2p1/2nPp1B1/1pBb2P1/1P2Q1P1/5P2/3R2K1 w - - 7 43,-22
r5k1/5q1p/3p2p1/2nPp1B1/1pBR2P1/1P2Q1P1/5P2/6K1 b - - 0 43,-24
r5k1/5q1p/3p2p1/2nPp1B1/1p4P1/1Pb1Q1P1/4BP2/3R2K1 w - - 5 42,-190
r5k1/5q1p/3p2p1/2nPp1B1/1pB3P1/1Pb1Q1P1/5P2/3R2K1 b - - 6 42,-264
r5k1/5q1p/3p2p1/2nP2B1/1pBp2P1/1P2Q1P1/5P2/6K1 w - - 0 44,-27
r5k1/7p/3p2p1/2nP2B1/1pBQ2P1/1P3qP1/5P2/6K1 w - - 1 45,-7
r5k1/7p/3p2pB/2nP4/1pBQ2P1/1P3qP1/5P2/6K1 b - - 2 45,-12
r5k1/5q1p/3p2p1/2nP2B1/1pBQ2P1/1P4P1/5P2/6K1 b - - 0 44,-20
6k1/r6p/3p2pB/2nP4/1pBQ2P1/1P3qP1/5P2/6K1 w - - 3 46,-20
6k1/4r2p/3p2p1/2nP4/1pBQ2P1/1P2BqP1/5P2/6K1 w - - 5 47,-29
6k1/r6p/3p2p1/2nP4/1pBQ2P1/1P2BqP1/5P2/6K1 b - - 4 46,-35
6k1/7p/3p2p1/2nP4/1pB1rBP1/1P4P1/5P2/6K1 w - - 1 49,0
6k1/7p/3B2p1/2nP4/1pP3P1/6P1/5P2/6K1 b - - 0 50,0
6k1/7p/3B2p1/2nP4/1pB1r1P1/1P4P1/5P2/6K1 b - - 0 49,0
6k1/7p/3B2p1/2nP4/1pr3P1/1P4P1/5P2/6K1 w - - 0 50,0
6k1/7p/6p1/2nPB3/2P3P1/1p4P1/5P2/6K1 b - - 1 51,0
6k1/7p/3B2p1/2nP4/2P3P1/1p4P1/5P2/6K1 w - - 0 51,0
6k1/7p/6p1/3PB3/2P3P1/1p1n2P1/5P2/6K1 w - - 2 52,0
6k1/7p/6p1/3P4/2PB2P1/1p1n2P1/5P2/6K1 b - - 3 52,0
8/5k1p/6p1/3P4/2PB2P1/1p1n2P1/5P2/6K1 w - - 4 53,0
6k1/4r2p/3p2p1/2nP4/1pB2qP1/1P2B1P1/5P2/6K1 w - - 0 48,-34
6k1/4r2p/3p2p1/2nP4/1pB2BP1/1P4P1/5P2/6K1 b - - 0 48,-41
6k1/4r2p/3p2p1/2nP4/1pB2QP1/1P2BqP1/5P2/6K1 b - - 6 47,-63
8/5k1p/6p1/2PP4/5PP1/6P1/1n6/6K1 b - - 0 55,-561
8/5k1p/6p1/2PP4/n4PP1/6P1/8/6K1 w - - 1 56,-623
8/5k1p/6p1/3P4/2P2PP1/6P1/1n6/6K1 w - - 0 55,-572
8/5k1p/6p1/3P4/2P2PP1/3n2P1/1B6/6K1 b - - 0 54,-648
8/4k2p/1nP3p1/3P4/5PP1/6P1/6K1/8 w - - 3 58,0
8/2P1k2p/1n4p1/3P4/5PP1/6P1/6K1/8 b - - 0 58,0
8/2Pk3p/1n4p1/3P4/5PP1/6P1/6K1/8 w - - 1 59,0
8/2Pk3p/1n4p1/3P4/5PP1/6PK/8/8 b - - 2 59,0
8/2Pk3p/6p1/3n4/5PP1/6PK/8/8 w - - 0 60,0
8/2Pk3p/6p1/3n4/5PPK/6P1/8/8 b - - 1 60,0
8/2nk3p/6p1/8/5PPK/6P1/8/8 w - - 0 61,0
8/2nk3p/6p1/6K1/5PP1/6P1/8/8 b - - 1 61,0
8/2n4p/4k1p1/6K1/5PP1/6P1/8/8 w - - 2 62,0
8/2n4p/4k1pK/8/5PP1/6P1/8/8 b - - 3 62,0
8/7p/4k1pK/3n4/5PP1/6P1/8/8 w - - 4 63,0
8/7K/4k1p1/3n4/5PP1/6P1/8/8 b - - 0 63,0
8/5k1K/6p1/3n4/5PP1/6P1/8/8 w - - 1 64,0
8/5k2/6pK/3n4/5PP1/6P1/8/8 b - - 2 64,0
8/8/5kpK/3n4/5PP1/6P1/8/8 w - - 3 65,0
8/8/5kpK/3n2P1/5P2/6P1/8/8 b - - 0 65,0
8/5k2/6pK/3n2P1/5P2/6P1/8/8 w - - 1 66,0
8/5k1K/6p1/3n2P1/5P2/6P1/8/8 b - - 2 66,0
8/5k1K/6p1/6P1/5P2/4n1P1/8/8 w - - 3 67,0
7K/5k2/6p1/6P1/5P2/4n1P1/8/8 b - - 4 67,0
rnbqkb1r/pppp1ppp/4pn2/8/2PP4/6P1/PP2PP1P/RNBQKBNR b KQkq - 0 3,27
8/5k1p/6p1/3P4/2PB1PP1/3n2P1/1p6/6K1 w - - 0 54,-663
rnbqk2r/pppp1ppp/4pn2/8/1bPP4/6P1/PP2PP1P/RNBQKBNR w KQkq - 1 4,31
rnbqk2r/pppp1ppp/4pn2/8/1bPP4/6P1/PP1BPP1P/RN1QKBNR b KQkq - 2 4,40
rnbqk2r/ppppbppp/4pn2/8/2PP4/6P1/PP1BPP1P/RN1QKBNR w KQkq - 3 5,21
8/4k2p/2P3p1/3P4/n4PP1/6P1/6K1/8 b - - 2 57,-689
rnbqk2r/ppppbppp/4pn2/8/2PP4/6P1/PP1BPPBP/RN1QK1NR b KQkq - 4 5,25
rnbqk2r/ppp1bppp/4pn2/3p4/2PP4/6P1/PP1BPPBP/RN1QK1NR w KQkq - 0 6,21
rnbq1rk1/ppp1bppp/4pn2/3p4/2PP4/5NP1/PP1BPPBP/RN1QK2R w KQ - 2 7,25
rnbq1rk1/ppp1bppp/4pn2/3p4/2PP4/5NP1/PP1BPPBP/RN1Q1RK1 b - - 3 7,21
rnbq1rk1/pp2bppp/2p1pn2/3p4/2PP4/5NP1/PP1BPPBP/RN1Q1RK1 w - - 0 8,21
rnbqk2r/ppp1bppp/4pn2/3p4/2PP4/5NP1/PP1BPPBP/RN1QK2R b KQkq - 1 6,28
rnbq1rk1/pp2bppp/2p1pn2/3p4/2PP4/5NP1/PPQBPPBP/RN3RK1 b - - 1 8,20
rnbq1rk1/p3bppp/1pp1pn2/3p4/2PP1B2/5NP1/PPQ1PPBP/RN3RK1 b - - 1 9,28
rnbq1rk1/p3bppp/1pp1pn2/3p4/2PP4/5NP1/PPQBPPBP/RN3RK1 w - - 0 9,24
rn1q1rk1/pb2bppp/1pp1pn2/3p4/2PP1B2/5NP1/PPQ1PPBP/RN3RK1 w - - 2 10,25
r2q1rk1/pb1nbppp/1pp1pn2/3p4/2PP1B2/5NP1/PPQNPPBP/R4RK1 w - - 4 11,27
rn1q1rk1/pb2bppp/1pp1pn2/3p4/2PP1B2/5NP1/PPQNPPBP/R4RK1 b - - 3 10,18
r2q1rk1/pb1nbppp/1pp1pn2/3p4/2PP1B2/5NP1/PPQNPPBP/2R2RK1 b - - 5 11,-17
2rq1rk1/pb1nbppp/1pp1pn2/3p4/2PP1B2/5NP1/PPQNPPBP/2R2RK1 w - - 6 12,-17
2rq1rk1/pb1nbppp/1pp1pn2/3pN3/2PP1B2/6P1/PPQNPPBP/2R2RK1 b - - 7 12,-16
2rq1rk1/pb1nbppp/1p2pn2/2ppN3/2PP1B2/6P1/PPQNPPBP/2R2RK1 w - - 0 13,0
2rq1rk1/pb1nbppp/1p2pn2/2PpN3/2P2B2/6P1/PPQNPPBP/2R2RK1 b - - 0 13,-10
2rq1rk1/pb1n1ppp/1p2pn2/2bpN3/2P2B2/6P1/PPQNPPBP/2R2RK1 w - - 0 14,4
2rq1rk1/pb1n1ppp/1p2pn2/2bp4/2P2B2/3N2P1/PPQNPPBP/2R2RK1 b - - 1 14,3
2r2rk1/pb1nqppp/1p2pn2/2bp4/2P2B2/3N2P1/PPQNPPBP/2R2RK1 w - - 2 15,14
8/5k1p/2P3p1/3P4/n4PP1/6P1/8/6K1 b - - 0 56,-559
2r2rk1/pb2qppp/1p2pn2/2np4/2P2B2/6P1/PPQNPPBP/2R2RK1 w - - 0 16,18
2r2rk1/pb1nqppp/1p2pn2/2Np4/2P2B2/6P1/PPQNPPBP/2R2RK1 b - - 0 15,12
2r2rk1/pb2qppp/1p2pn2/2np4/1PP2B2/6P1/P1QNPPBP/2R2RK1 b - - 0 16,14
2r2rk1/pb1nqppp/1p2pn2/3p4/1PP2B2/6P1/P1QNPPBP/2R2RK1 w - - 1 17,16
2r2rk1/pb1nqpp1/1p2pn1p/3p4/1PP2B2/6P1/PQ1NPPBP/2R2RK1 w - - 0 18,18
2r2rk1/pb1nqppp/1p2pn2/3p4/1PP2B2/6P1/PQ1NPPBP/2R2RK1 b - - 2 17,10
2r2rk1/pb1nqpp1/1p2pn1p/3p4/1PP2B2/P5P1/1Q1NPPBP/2R2RK1 b - - 0 18,0
b1r2rk1/p2nqpp1/1p2pn1p/3P4/1P3B2/P5P1/1Q1NPPBP/2R2RK1 b - - 0 19,-2
b1r2rk1/p2nqpp1/1p2pn1p/3p4/1PP2B2/P5P1/1Q1NPPBP/2R2RK1 w - - 1 19,-3
b1r2rk1/p2nqpp1/1p2p2p/3n4/1P3B2/P5P1/1Q1NPPBP/2R2RK1 w - - 0 20,6
b1r2rk1/p2nqpp1/1p2p2p/3n4/1P3B2/P4NP1/1Q2PPBP/2R2RK1 b - - 1 20,-15
b1r2rk1/p3qpp1/1p2pn1p/8/1P3P2/P4N2/1Q2PPBP/2R2RK1 w - - 1 22,0
b1R2rk1/p3qpp1/1p2pn1p/8/1P3P2/P4N2/1Q2PPBP/5RK1 b - - 0 22,0
b1r2rk1/p2nqpp1/1p2p2p/8/1P3n2/P4NP1/1Q2PPBP/2R2RK1 w - - 0 21,-8
b1r3k1/p3qpp1/1p2pn1p/8/1P3P2/P4N2/1Q2PPBP/5RK1 w - - 0 23,0
b1r3k1/p3qpp1/1p2pn1p/8/1P3P2/P4N2/1Q2PPBP/2R3K1 b - - 1 23,0
b5k1/p3qpp1/1p2pn1p/8/1P3P2/P4N2/4PPBP/2Q3K1 b - - 0 24,0
6k1/p3qpp1/1p2pn1p/8/1P3P2/P4b2/4PPBP/2Q3K1 w - - 0 25,0
6k1/p3qp2/1p2pnpp/8/1P3P2/P4B2/4PP1P/2Q3K1 w - - 0 26,0
b5k1/p3qpp1/1p2pn1p/8/1P3P2/P4N2/1Q2PPBP/2r3K1 w - - 0 24,-2
b1r2rk1/p2nqpp1/1p2p2p/8/1P3P2/P4N2/1Q2PPBP/2R2RK1 b - - 0 21,-15
6k1/p3qp2/1p2pnpp/8/1P3P2/P1Q2B2/4PP1P/6K1 b - - 1 26,-2
4n1k1/p3qp2/1p2p1pp/8/1P3P2/P1Q2B2/4PP1P/6K1 w - - 2 27,0
6k1/p3qpp1/1p2pn1p/8/1P3P2/P4B2/4PP1P/2Q3K1 b - - 0 25,0
6k1/p3qp2/1p1np1pp/8/1P3P2/P1Q1PB2/5P1P/6K1 w - - 1 28,0
6k1/p3q3/1p1npppp/4Q3/1P3P2/P3PB2/5P1P/6K1 w - - 0 29,0
6k1/p3qp2/1p1np1pp/4Q3/1P3P2/P3PB2/5P1P/6K1 b - - 2 28,-3
8/p3q1k1/1p1npppp/8/PP3P2/2Q1PB2/5P1P/6K1 b - - 0 30,0
8/p3q1k1/1p1npppp/8/1P3P2/P1Q1PB2/5P1P/6K1 w - - 2 30,0
8/p3q1k1/1p1npp1p/6P1/PP6/2Q1PB2/5P1P/6K1 b - - 0 31,0
8/p3q1k1/1p1npp1p/6p1/PP3P2/2Q1PB2/5P1P/6K1 w - - 0 31,0
8/p3q1k1/1p1npp2/6p1/PP6/2Q1PB2/5P1P/6K1 w - - 0 32,0
4n1k1/p3qp2/1p2p1pp/8/1P3P2/P1Q1PB2/5P1P/6K1 b - - 0 27,-3
8/p3qnk1/1p2pp2/6p1/PP6/2Q1PB2/5P1P/6K1 b - - 3 33,0
8/p3qnk1/1pQ1pp2/6p1/PP6/4PB2/5P1P/6K1 w - - 2 33,0
8/p3q1k1/1p2pp2/4n1p1/PP6/2Q1P3/4BP1P/6K1 b - - 5 34,0
8/p5k1/1p1qpp2/4n1p1/PP6/2Q1P3/4BP1P/6K1 w - - 6 35,0
8/p3q1k1/1p2pp2/4n1p1/PP6/2Q1PB2/5P1P/6K1 w - - 4 34,0
8/p3q1k1/1pQnpp2/6p1/PP6/4PB2/5P1P/6K1 b - - 1 32,0
6k1/p3q3/1p1npppp/8/1P3P2/P1Q1PB2/5P1P/6K1 b - - 1 29,0
8/p5k1/1pnqpp2/P5p1/1P6/2Q1P3/4BP1P/6K1 w - - 1 36,0
8/6k1/1pnqpp2/1P4p1/8/2Q1P3/4BP1P/6K1 b - - 0 37,0
8/6k1/1p1qpp2/1P2n1p1/8/2Q1P3/4BP1P/6K1 w - - 1 38,0
8/6k1/1pnqpp2/6p1/1P6/2Q1P3/4BP1P/6K1 w - - 0 37,0
8/p5k1/1Pnqpp2/6p1/1P6/2Q1P3/4BP1P/6K1 b - - 0 36,0
8/p5k1/1p1qpp2/P3n1p1/1P6/2Q1P3/4BP1P/6K1 b - - 0 35,0
8/6k1/1p1qppn1/1P4p1/8/2Q1PP2/4B2P/6K1 w - - 1 39,0
8/6k1/1pQqppn1/1P4p1/8/4PP2/4B2P/6K1 b - - 2 39,-8
8/6k1/1pQ1ppn1/1P4p1/8/4PP2/3qBK1P/8 b - - 4 40,-3
8/6k1/1pQ1ppn1/1P4p1/8/4PP2/3qB2P/6K1 w - - 3 40,-1
8/6k1/1p1qpp2/1P2n1p1/4Q3/4PP2/4BK1P/8 w - - 7 42,0
8/6k1/1p1qpp2/1P2n1p1/4Q2P/4PP2/4BK2/8 b - - 0 42,0
8/6k1/1pQ1pp2/1P2n1p1/8/4PP2/3qBK1P/8 w - - 5 41,-6
8/6k1/1p1qpp2/1P2n3/4Q2p/4PP2/4BK2/8 w - - 0 43,-9
8/6k1/1p2pp2/1Pq1n3/7Q/4PP2/4BK2/8 w - - 1 44,0
8/6k1/1p1qpp2/1P2n3/7Q/4PP2/4BK2/8 b - - 0 43,-8
8/6k1/1p2pp2/1P2n1p1/4Q3/4PP2/3qBK1P/8 b - - 6 41,-4
8/6k1/1p2pp2/1Pq1n3/4Q3/4PP2/4BK2/8 b - - 2 44,0
8/6k1/1p2p3/1Pq1np2/4Q3/4PP2/4BK2/8 w - - 0 45,0
8/1Q6/1p2pk2/1Pq1np2/8/4PP2/4BK2/8 w - - 2 46,0
8/7Q/1p2pk2/1Pq1np2/8/4PP2/4BK2/8 b - - 3 46,0
8/1Q4k1/1p2p3/1Pq1np2/8/4PP2/4BK2/8 b - - 1 45,0
8/7Q/1p2pkn1/1Pq2p2/8/4PP2/4BK2/8 w - - 4 47,0
8/7Q/1p2pkn1/1Pq2p2/5P2/4P3/4BK2/8 b - - 0 47,0
8/7Q/1p3kn1/1P2qp2/8/4P3/4BK2/8 w - - 0 49,0
8/7Q/1p3kn1/1Pq1pp2/5P2/4P3/4BK2/8 w - - 0 48,0
8/6k1/1p1qpp2/1P2n1p1/8/2Q1PP2/4B2P/6K1 b - - 0 38,-18
8/7Q/1p3kn1/1Pq1Pp2/8/4P3/4BK2/8 b - - 0 48,0
8/8/1p3k2/1P2np2/8/4P3/1q2BK2/7Q w - - 4 51,0
8/8/1p3kn1/1P3p2/8/4P3/1q2BK2/7Q b - - 3 50,0
8/8/1p3knQ/1P3p2/8/4P3/1q2BK2/8 w - - 2 50,0
8/8/1p3k1Q/1P2np2/8/4P3/1q2BK2/8 b - - 5 51,0
8/8/1p3knQ/1P2qp2/8/4P3/4BK2/8 b - - 1 49,-9
rnbqkbnr/pppppppp/8/8/5P2/8/PPPPP1PP/RNBQKBNR b KQkq - 0 1,-30
rnbqkbnr/ppp1pp1p/6p1/3p4/5P2/3P1N2/PPP1P1PP/RNBQKB1R b KQkq - 0 3,-25
rnbqkbnr/ppp1pppp/8/3p4/5P2/8/PPPPP1PP/RNBQKBNR w KQkq - 0 2,-26
rnbqkb1r/ppp1pp1p/5np1/3p4/5P2/3P1N2/PPP1P1PP/RNBQKB1R w KQkq - 1 4,-28
rnbqkbnr/ppp1pppp/8/3p4/5P2/5N2/PPPPP1PP/RNBQKB1R b KQkq - 1 2,-31
rnbqkbnr/ppp1pp1p/6p1/3p4/5P2/5N2/PPPPP1PP/RNBQKB1R w KQkq - 0 3,-32
rnbqkb1r/ppp1pp1p/5np1/3p4/5P2/3P1NP1/PPP1P2P/RNBQKB1R b KQkq - 0 4,-38
rnbqkb1r/p1p1pp1p/1p3np1/3p4/5P2/3P1NP1/PPP1P2P/RNBQKB1R w KQkq - 0 5,-22
rnbqkb1r/p1p1pp1p/1p3np1/3p4/5P2/3P1NP1/PPP1P1BP/RNBQK2R b KQkq - 1 5,-19
rn1qkb1r/pbp1pp1p/1p3np1/3p4/5P2/3P1NP1/PPP1P1BP/RNBQK2R w KQkq - 2 6,-20
rn1qkb1r/pbp1pp1p/1p3np1/3p4/5P2/3P1NP1/PPP1P1BP/RNBQ1RK1 b kq - 3 6,-25
rn1q1rk1/pbp1ppbp/1p3np1/3p4/5P2/3P1NP1/PPP1P1BP/RNB1QRK1 w - - 6 8,-44
rn1qk2r/pbp1ppbp/1p3np1/3p4/5P2/3P1NP1/PPP1P1BP/RNB1QRK1 b kq - 5 7,-49
rn1qk2r/pbp1ppbp/1p3np1/3p4/5P2/3P1NP1/PPP1P1BP/RNBQ1RK1 w kq - 4 7,-20
rn1q1rk1/pbp1ppbp/1p3np1/3p4/5P2/3P1NPP/PPP1P1B1/RNB1QRK1 b - - 0 8,-62
r2q1rk1/pbp1ppbp/1pn2np1/3p4/5P2/3P1NPP/PPP1P1B1/RNB1QRK1 w - - 1 9,-37
r4rk1/pbp1ppbp/1pnq1np1/3p4/5PP1/3P1N1P/PPP1PQB1/RNB2RK1 b - - 2 10,-56
r4rk1/pbp2pbp/1pnq1np1/3pp3/5PP1/3P1N1P/PPP1PQB1/RNB2RK1 w - - 0 11,-49
r2q1rk1/pbp1ppbp/1pn2np1/3p4/5PP1/3P1N1P/PPP1P1B1/RNB1QRK1 b - - 0 9,-33
r4rk1/pbp2pbp/1pnq1np1/3pP3/6P1/3P1N1P/PPP1PQB1/RNB2RK1 b - - 0 11,-44
8/5k1p/6p1/3P4/2PB1PP1/1p1n2P1/8/6K1 b - - 0 53,-593
r4rk1/pbp1ppbp/1pnq1np1/3p4/5PP1/3P1N1P/PPP1P1B1/RNB1QRK1 w - - 1 10,-24
r4rk1/pbp2pbp/1p1q1np1/3pn3/6P1/3P1N1P/PPP1PQB1/RNB2RK1 w - - 0 12,-52
r4rk1/pbp2pbp/1p3np1/3pq3/6P1/2NP3P/PPP1PQB1/R1B2RK1 b - - 1 13,-55
r4rk1/pbp2pbp/1p3np1/3pq3/6P1/3P3P/PPP1PQB1/RNB2RK1 w - - 0 13,-61
r4rk1/pbp2pbp/1p1q1np1/3pN3/6P1/3P3P/PPP1PQB1/RNB2RK1 b - - 0 12,-47
r4rk1/pb3pbp/1pp2np1/3pq3/6P1/2NP3P/PPP1PQB1/R1B2RK1 w - - 0 14,12
r4rk1/pb3pbp/1pp2np1/3pq3/5BP1/2NP3P/PPP1PQB1/R4RK1 b - - 1 14,1
r4rk1/pb3pb1/1pp1qnp1/3p2Pp/5B2/2NPP2P/PPP2QB1/R4RK1 b - - 0 16,-22
r4rk1/pb3pb1/1pp1qnp1/3p3p/5BP1/2NPP2P/PPP2QB1/R4RK1 w - - 0 16,-16
r4rk1/pb3pbp/1pp1qnp1/3p4/5BP1/2NPP2P/PPP2QB1/R4RK1 b - - 0 15,-15
r4rk1/pb1n2b1/1pp1qPp1/3p3p/3P1B2/2N1P2P/PPP2QB1/R4RK1 b - - 0 18,0
r4rk1/pb1n1pb1/1pp1q1p1/3p2Pp/5B2/2NPP2P/PPP2QB1/R4RK1 w - - 1 17,-13
r4rk1/pb4b1/1pp1qnp1/3p3p/3P1B2/2N1P2P/PPP2QB1/R4RK1 w - - 0 19,9
r4rk1/pb3pbp/1pp1qnp1/3p4/5BP1/2NP3P/PPP1PQB1/R4RK1 w - - 2 15,-1
r4rk1/pb1n1pb1/1pp1q1p1/3p2Pp/3P1B2/2N1P2P/PPP2QB1/R4RK1 b - - 0 17,-13
r4rk1/pb4b1/1pp1q1p1/3p3p/3PNB2/4P1QP/PPP3B1/R4RK1 b - - 0 20,119
r4rk1/pb4b1/1pp1q1p1/3p3p/3PnB2/2N1P1QP/PPP3B1/R4RK1 w - - 2 20,124
r4rk1/pb1n2b1/1pp1qpp1/3p2Pp/3P1B2/2N1P2P/PPP2QB1/R4RK1 w - - 0 18,4
r4rk1/pb4b1/1pp1q1p1/7p/3PpB2/4P1QP/PPP3B1/R4RK1 w - - 0 21,130
r4rk1/pb4b1/1pp1qnp1/3p3p/3P1B2/2N1P1QP/PPP3B1/R4RK1 b - - 1 19,8
r4rk1/pb4b1/1pp1q1p1/7p/3PpB2/4P1QP/PPP3BK/R4R2 b - - 1 21,52
r4rk1/pb4b1/1p2q1p1/2p4p/3PpB2/4P1QP/PPP3BK/R4R2 w - - 0 22,57
3r1rk1/pb4b1/1p2q1p1/2p4p/3PpB2/2P1P1QP/PP4BK/R4R2 w - - 1 23,55
r4rk1/pb4b1/1p2q1p1/2p4p/3PpB2/2P1P1QP/PP4BK/R4R2 b - - 0 22,54
2br1rk1/p5b1/1p2q1p1/2p4p/3PpB1P/2P1P1Q1/PP4BK/R4R2 w - - 1 24,69
2br1r2/p5bk/1p2q1p1/2p4p/3PpB1P/2P1P1Q1/PP3RBK/5R2 b - - 4 25,33
2b1rr2/p5bk/1p2q1p1/2p4p/3PpB1P/P1P1P1Q1/1P3RBK/5R2 b - - 0 26,0
3r1rk1/pb4b1/1p2q1p1/2p4p/3PpB1P/2P1P1Q1/PP4BK/R4R2 b - - 0 23,49
2b1rr2/p5bk/1p2q1p1/2p4p/3PpB1P/2P1P1Q1/PP3RBK/5R2 w - - 5 26,35
2br1r2/p5bk/1p2q1p1/2p4p/3PpB1P/2P1P1Q1/PP3RBK/R7 w - - 3 25,41
2br1rk1/p5b1/1p2q1p1/2p4p/3PpB1P/2P1P1Q1/PP3RBK/R7 b - - 2 24,20
2b1r3/p4rbk/1p2q1p1/2p4p/3PpB1P/P1P1P1Q1/1P3RBK/5R2 w - - 1 27,110
2b1r3/p5bk/1p2q1p1/2p3Bp/3Pp2P/P1P1P1Q1/1P3rBK/5R2 w - - 0 28,109
2b1r3/p4rbk/1p2q1p1/2p3Bp/3Pp2P/P1P1P1Q1/1P3RBK/5R2 b - - 2 27,105
2b1r3/p5bk/1p2q1p1/2p3Bp/3Pp2P/P1P1P1Q1/1P3RBK/8 b - - 0 28,109
2b1r3/p5bk/1p2q1p1/6Bp/3pp2P/P1P1P1Q1/1P3RBK/8 w - - 0 29,142
1Qb1r3/p5bk/1p4p1/6Bp/2qPp2P/P3P3/1P3RBK/8 b - - 2 30,182
1Qb1r3/p4Rbk/1p4p1/6Bp/3Pp2P/P3P3/1Pq3BK/8 w - - 5 32,M7
2b1r3/Q4Rbk/1p4p1/6Bp/3Pp2P/P3P3/1Pq3BK/8 b - - 0 32,M6
2b1r3/p5bk/1p4p1/6Bp/2qPp2P/P3P1Q1/1P3RBK/8 w - - 1 30,181
2b1r3/p5bk/1p2q1p1/6Bp/3Pp2P/P3P1Q1/1P3RBK/8 b - - 0 29,147
rnbqkbnr/pp1p1ppp/4p3/2p5/3PP3/5N2/PPP2PPP/RNBQKB1R b KQkq - 0 3,44
rnbqkbnr/pp1p1ppp/4p3/8/3pP3/5N2/PPP2PPP/RNBQKB1R w KQkq - 0 4,47
1Qb1r3/p5bk/1p4p1/6Bp/q2Pp2P/P3P3/1P3RBK/8 w - - 3 31,441
1Qb1r3/p4Rbk/1p4p1/6Bp/q2Pp2P/P3P3/1P4BK/8 b - - 4 31,450
rnbqkbnr/pp1p1ppp/4p3/8/3NP3/8/PPP2PPP/RNBQKB1R b KQkq - 0 4,51
r1b1kbnr/ppqp1ppp/2n1p3/8/3NP3/2N5/PPP1BPPP/R1BQK2R b KQkq - 4 6,48
r1b1kbnr/1pqp1ppp/p1n1p3/8/3NP3/2N5/PPP1BPPP/R1BQ1RK1 b kq - 1 7,36
r1b1kbnr/1pqp1ppp/p1n1p3/8/3NP3/2N5/PPP1BPPP/R1BQK2R w KQkq - 0 7,41
r1b1kb1r/1pqp1ppp/p1n1pn2/8/3NP3/2N5/PPP1BPPP/R1BQ1RK1 w kq - 2 8,41
r1bqkbnr/pp1p1ppp/2n1p3/8/3NP3/2N5/PPP2PPP/R1BQKB1R b KQkq - 2 5,42
r1bqkbnr/pp1p1ppp/2n1p3/8/3NP3/8/PPP2PPP/RNBQKB1R w KQkq - 1 5,48
r1b1k2r/1pqp1ppp/p1n1pn2/8/1b1NP3/2N5/PPP1BPPP/R1BQ1R1K w kq - 4 9,40
r1b1k2r/1pqp1ppp/p1n1pB2/8/3NP3/2b5/PPP1BPPP/R2Q1R1K b kq - 0 10,30
r1b1k2r/1pqp1ppp/p1n1pn2/6B1/3NP3/2b5/PPP1BPPP/R2Q1R1K w kq - 0 10,31
r1b1kb1r/1pqp1ppp/p1n1pn2/8/3NP3/2N5/PPP1BPPP/R1BQ1R1K b kq - 3 8,17
r1b1k2r/1pqp1ppp/p1n1pn2/6B1/1b1NP3/2N5/PPP1BPPP/R2Q1R1K b kq - 5 9,36
r1b1k2r/1pqp1p1p/p1n1pp2/8/3NP3/2b5/PPP1BPPP/R2Q1R1K w kq - 0 11,47
r1b1k2r/1pq2p1p/p1nppp2/8/3NP3/2P5/P1P1BPPP/R2Q1R1K w kq - 0 12,53
r1b1k2r/1pq2p1p/p1nppp2/8/3NP3/2P5/P1PQBPPP/R4R1K b kq - 1 12,47
r1b1k2r/1pqp1p1p/p1n1pp2/8/3NP3/2P5/P1P1BPPP/R2Q1R1K b kq - 0 11,36
r3k2r/1pqb1p1p/p1nppp2/8/3NP3/2P5/P1PQBPPP/R4R1K w kq - 2 13,73
r3k2r/1pqb1p1p/p1nppp2/8/3NP3/2P5/P1PQBPPP/3R1R1K b kq - 3 13,70
r6r/1pqbkp1p/p1nppp2/8/3NP3/2P5/P1PQBPPP/3R1R1K w - - 4 14,82
2r4r/1pqbkp1p/p1nppp2/8/3NPP2/2P5/P1PQB1PP/3R1R1K w - - 1 15,95
r6r/1pqbkp1p/p1nppp2/8/3NPP2/2P5/P1PQB1PP/3R1R1K b - - 0 14,74
2r4r/1pqbkp1p/p1nppp2/8/4PP2/1NP5/P1PQB1PP/3R1R1K b - - 2 15,103
3r3r/1pqbkp1p/p1nppp2/8/4PP2/1NP5/P1PQB1PP/3R1R1K w - - 3 16,98
3r3r/1pqbkp1p/p1nppp2/8/4PP2/1NP5/P1P1B1PP/3RQR1K b - - 4 16,103
3r3r/1pqbkp1p/p2ppp2/n7/4PP2/1NP5/P1P1B1PP/3RQR1K w - - 5 17,122
3r3r/1pqbkp1p/p2ppp2/n7/3NPP2/2P5/P1P1B1PP/3RQR1K b - - 6 17,92
3r3r/1pqbkp2/p2ppp2/n6p/3NPP2/2P5/P1P1B1PP/3RQR1K w - - 0 18,90
3r3r/1pqbkp2/p1nppp2/7p/3NPP1Q/2P5/P1P1B1PP/3R1R1K w - - 2 19,131
3r2r1/1pqbkp2/p1nppp2/7p/4PP1Q/2P5/P1PNB1PP/3R1R1K b - - 5 20,188
3r3r/1pqbkp2/p1nppp2/7p/4PP1Q/2P2N2/P1P1B1PP/3R1R1K b - - 3 19,124
3r3r/1pqbkp2/p2ppp2/n6p/3NPP1Q/2P5/P1P1B1PP/3R1R1K b - - 1 18,77
3r2r1/1pqbkp2/p2ppp2/n6p/4PP1Q/2P5/P1PNB1PP/3R1R1K w - - 6 21,148
3r2r1/1pqbkp2/p1nppp2/7p/4PP1Q/2P2N2/P1P1B1PP/3R1R1K w - - 4 20,173
3r2r1/1pqbkp2/p2ppp2/n3P2p/5P1Q/2P5/P1PNB1PP/3R1R1K b - - 0 21,164
3r2r1/1pqbkp2/p3pp2/n3p2p/5P1Q/2P5/P1PNB1PP/3R1R1K w - - 0 22,464
3r4/1pqbkp2/p3ppr1/n3p2B/4NP1Q/2P5/P1P3PP/3R1R1K b - - 0 23,468
3r4/1pqbkp2/p3pp1r/n3p2B/4NP1Q/2P5/P1P3PP/3R1R1K w - - 1 24,490
3r4/1pqbkp2/p3ppr1/n3p2p/4NP1Q/2P5/P1P1B1PP/3R1R1K w - - 2 23,491
3r2r1/1pqbkp2/p3pp2/n3p2p/4NP1Q/2P5/P1P1B1PP/3R1R1K b - - 1 22,465
3r4/1pqbkp2/p3pN1r/n3p2B/5P1Q/2P5/P1P3PP/3R1R1K b - - 0 24,486
3r4/1p1bkp2/p3pr2/n6B/7Q/2q5/P1P3PP/4RR1K w - - 0 27,495
3r4/1p1bkp2/p3pr2/n3q2B/7Q/2P5/P1P3PP/4RR1K b - - 1 26,509
3r4/1p1bkp2/p3pr2/n3q2B/7Q/2P5/P1P3PP/3R1R1K w - - 0 26,489
3r4/1p1bkp2/p3pr2/n6B/7Q/5R2/P1P3PP/4q2K w - - 0 28,509
3r4/1p1bkp2/p3pr2/n6B/8/5R2/P1P3PP/4Q2K b - - 0 28,491
3r4/1p1bkp2/p3p3/n6B/8/5r2/P1P3PP/4Q2K w - - 0 29,524
3r4/1p1bkp2/p3pr2/n6B/7Q/2q2R2/P1P3PP/4R2K b - - 1 27,512
3r4/1p1bkp2/p3p3/n7/8/5B2/P1P3PP/4Q2K b - - 0 29,513
3r4/1p1bkp2/p1n1p3/8/8/5B2/P1P3PP/4Q2K w - - 1 30,520
3r4/1p1bk3/p1n1pp2/8/7Q/5B2/P1P3PP/7K w - - 0 31,503
3r4/1p1bkp2/p1n1p3/8/7Q/5B2/P1P3PP/7K b - - 2 30,511
3r4/1p1b3Q/p1nkpp2/8/8/5B2/P1P3PP/7K w - - 2 32,520
3r4/1p1bk2Q/p1n1pp2/8/8/5B2/P1P3PP/7K b - - 1 31,527
3r4/1p1b2Q1/p1nkpp2/8/8/5B2/P1P3PP/7K b - - 3 32,519
r1bqkb1r/pppp1ppp/2n2n2/1B2p3/4P3/5N2/PPPP1PPP/RNBQK2R w KQkq - 4 4,48
3r4/1p1b2Q1/p1nkp3/5p2/8/5B2/P1P3PP/7K w - - 0 33,523
r1bqkb1r/pppp1ppp/2n2n2/1B2p3/4P3/5N2/PPPP1PPP/RNBQ1RK1 b kq - 5 4,33
3r4/1p1b2Q1/p1nkp3/5p2/7P/5B2/P1P3P1/7K b - - 0 33,523
r1bqk2r/ppppbppp/2n2n2/1B2p3/4P3/5N2/PPPP1PPP/RNBQR1K1 b kq - 7 5,67
r1bqk2r/ppppbppp/2n2n2/1B2p3/4P3/5N2/PPPP1PPP/RNBQ1RK1 w kq - 6 5,76
r1bqk2r/ppp1bppp/2np1n2/1B2p3/4P3/5N2/PPPP1PPP/RNBQR1K1 w kq - 0 6,76
r1bqk2r/ppp1bppp/2np1n2/1B6/3pP3/5N2/PPP2PPP/RNBQR1K1 w kq - 0 7,76
r1bqk2r/ppp1bppp/2np1n2/1B2p3/3PP3/5N2/PPP2PPP/RNBQR1K1 b kq - 0 6,72
r2qk2r/pppbbppp/2np1n2/1B6/3NP3/8/PPP2PPP/RNBQR1K1 w kq - 1 8,70
r1bqk2r/ppp1bppp/2np1n2/1B6/3NP3/8/PPP2PPP/RNBQR1K1 b kq - 0 7,74
r2qk2r/pppbbppp/2np1n2/1B6/3NP3/2N5/PPP2PPP/R1BQR1K1 b kq - 2 8,47
r2q1rk1/pppbbppp/2np1n2/1B6/4P3/2N2N2/PPP2PPP/R1BQR1K1 b - - 4 9,43
r2q1rk1/pppbbppp/2np1n2/1B6/3NP3/2N5/PPP2PPP/R1BQR1K1 w - - 3 9,74
r2q1rk1/pppBbppp/3p1n2/4n3/4P3/2N2N2/PPP2PPP/R1BQR1K1 b - - 0 10,34
r2q1rk1/pppbbppp/3p1n2/1B2n3/4P3/2N2N2/PPP2PPP/R1BQR1K1 w - - 5 10,38
r2q1rk1/pppBbppp/3p1n2/8/4P3/2N2n2/PPP2PPP/R1BQR1K1 w - - 0 11,39
r2q1rk1/pppnbppp/3p4/8/4P3/2N2Q2/PPP2PPP/R1B1R1K1 w - - 0 12,55
r2q1rk1/pppnbppp/3p4/3N4/4P3/5Q2/PPP2PPP/R1B1R1K1 b - - 1 12,35
r2q1rk1/ppp1bppp/1n1p4/3N4/4P3/5Q2/PPP2PPP/R1B1R1K1 w - - 2 13,40
r2q1rk1/pppBbppp/3p1n2/8/4P3/2N2Q2/PPP2PPP/R1B1R1K1 b - - 0 11,44
r2q1rk1/ppp1bppp/3p4/3n4/4P3/5Q2/PPPB1PPP/R3R1K1 w - - 0 14,32
r2q1rk1/ppp1bppp/1n1p4/3N4/4P3/5Q2/PPPB1PPP/R3R1K1 b - - 3 13,31
r2q1rk1/ppp1bppp/3p4/3P4/8/5Q2/PPPB1PPP/R3R1K1 b - - 0 14,33
r2q1rk1/ppp2ppp/3p1b2/3P4/8/2B2Q2/PPP2PPP/R3R1K1 b - - 2 15,14
r2q1rk1/ppp2ppp/3p4/3P4/8/2b2Q2/PPP2PPP/R3R1K1 w - - 0 16,17
r2q1rk1/ppp2ppp/3p4/3P4/8/2Q5/PPP2PPP/R3R1K1 b - - 0 16,13
r2q1rk1/ppp2ppp/3p1b2/3P4/8/5Q2/PPPB1PPP/R3R1K1 w - - 1 15,39
r4rk1/pppq1ppp/3p4/3P4/8/2Q5/PPP2PPP/R3R1K1 w - - 1 17,21
r4rk1/pppq1ppp/3p4/3P4/8/2Q1R3/PPP2PPP/R5K1 b - - 2 17,0
5rk1/pppq1ppp/3p4/3P4/8/2Q1r3/PPP2PPP/4R1K1 w - - 0 19,0
5rk1/pppq1ppp/3p4/3P4/8/2Q1R3/PPP2PPP/6K1 b - - 0 19,0
4r1k1/pppq1ppp/3p4/3P4/8/2Q1R3/PPP2PPP/6K1 w - - 1 20,0
4r1k1/pppq1ppp/3p4/3P4/8/2Q1R2P/PPP2PP1/6K1 b - - 0 20,0
6k1/pppq1ppp/3p4/3P4/8/2Q1r2P/PPP2PP1/6K1 w - - 0 21,0
6k1/pppq1ppp/3p4/3P4/8/4Q2P/PPP2PP1/6K1 b - - 0 21,0
4rrk1/pppq1ppp/3p4/3P4/8/2Q1R3/PPP2PPP/R5K1 w - - 3 18,10
4rrk1/pppq1ppp/3p4/3P4/8/2Q1R3/PPP2PPP/4R1K1 b - - 4 18,20
6k1/pp1q1ppp/2Pp4/8/8/4Q2P/PPP2PP1/6K1 b - - 0 22,47
6k1/p2q1ppp/2pp4/8/2P5/4Q2P/PP3PP1/6K1 b - - 0 23,0
6k1/p2q1ppp/3p4/2p5/2P5/4Q2P/PP3PP1/6K1 w - - 0 24,0
6k1/p2q1ppp/3p4/2p5/2P5/P3Q2P/1P3PP1/6K1 b - - 0 24,0
6k1/3q1ppp/3p4/p1p5/2P5/P3Q2P/1P3PP1/6K1 w - - 0 25,0
6k1/3q1ppp/3p4/p1p5/2P5/P6P/1P1Q1PP1/6K1 b - - 1 25,0
6k1/2q2ppp/3p4/p1p5/2P5/P6P/1P1Q1PP1/6K1 w - - 2 26,0
6k1/2q2ppp/3p4/p1p5/2P5/P5PP/1P1Q1P2/6K1 b - - 0 26,0
6k1/2q2p1p/3p2p1/p1p5/2P5/P5PP/1P1Q1P2/6K1 w - - 0 27,0
6k1/2q2p1p/3p2p1/p1p5/2P4P/P5P1/1P1Q1P2/6K1 b - - 0 27,0
6k1/2q2p2/3p2p1/p1p4p/2P4P/P5P1/1P1Q1P2/6K1 w - - 0 28,0
6k1/2q2p2/3p2p1/p1p4p/2P4P/P1Q3P1/1P3P2/6K1 b - - 1 28,0
6k1/5p2/1q1p2p1/p1p4p/2P4P/P1Q3P1/1P3P2/6K1 w - - 2 29,0
6k1/5p2/1q1p2p1/p1p4p/2P4P/P1Q3P1/1P3P2/5K2 b - - 3 29,0
6k1/5p2/q2p2p1/p1p4p/2P4P/P1Q3P1/1P3P2/5K2 w - - 4 30,0
6k1/5p2/q2p2p1/p1p4p/2P4P/P1Q3P1/1P3P2/6K1 b - - 5 30,0
6k1/pp1q1ppp/3p4/2pP4/8/4Q2P/PPP2PP1/6K1 w - c6 0 22,17
6k1/p2q1ppp/2pp4/8/8/4Q2P/PPP2PP1/6K1 w - - 0 23,21
rnbqkb1r/ppp2ppp/4pn2/3p4/2PP4/5NP1/PP2PP1P/RNBQKB1R b KQkq - 0 4,32
rnbqkb1r/ppp2ppp/4pn2/8/2pP4/5NP1/PP2PP1P/RNBQKB1R w KQkq - 0 5,39
rnbqkb1r/ppp2ppp/4pn2/8/2pP4/5NP1/PP2PPBP/RNBQK2R b KQkq - 1 5,37
r1bqkb1r/ppp2ppp/2n1pn2/8/2pP4/5NP1/PP2PPBP/RNBQK2R w KQkq - 2 6,44
1rbqkb1r/ppp2ppp/2n1pn2/8/P1pP4/5NP1/1P2PPBP/RNBQ1RK1 b k - 0 7,0
r1bqkb1r/ppp2ppp/2n1pn2/8/2pP4/5NP1/PP2PPBP/RNBQ1RK1 b kq - 3 6,21
1rbqkb1r/ppp2ppp/2n1pn2/8/2pP4/5NP1/PP2PPBP/RNBQ1RK1 w k - 4 7,26
1rbqkb1r/1pp2ppp/p1n1pn2/8/P1pP4/5NP1/1P2PPBP/RNBQ1RK1 w k - 0 8,20
1rbqkb1r/1pp2ppp/p1n1pn2/P7/2pP4/5NP1/1P2PPBP/RNBQ1RK1 b k - 0 8,22
1rbqkb1r/2p2ppp/p1n1pn2/Pp6/2pP4/5NP1/1P2PPBP/RNBQ1RK1 w k b6 0 9,47
1rbqkb1r/5ppp/ppn1pn2/8/2pP1B2/5NP1/1P2PPBP/RN1Q1RK1 b k - 1 10,48
1rbqkb1r/2p2ppp/pPn1pn2/8/2pP4/5NP1/1P2PPBP/RNBQ1RK1 b k - 0 9,49
1rbqkb1r/5ppp/ppn1pn2/8/2pP4/5NP1/1P2PPBP/RNBQ1RK1 w k - 0 10,40
1rbqk2r/5ppp/ppnbpn2/4N3/2pP1B2/6P1/1P2PPBP/RN1Q1RK1 b k - 3 11,44
1rbqk2r/5ppp/ppnbpn2/8/2pP1B2/5NP1/1P2PPBP/RN1Q1RK1 w k - 2 11,34
1rbq1rk1/4nppp/pp1bpn2/4N3/2pPPB2/6P1/1P3PBP/RN1Q1RK1 w - - 1 13,-68
1rbqk2r/4nppp/pp1bpn2/4N3/2pP1B2/6P1/1P2PPBP/RN1Q1RK1 w k - 4 12,42
1rbqk2r/4nppp/pp1bpn2/4N3/2pPPB2/6P1/1P3PBP/RN1Q1RK1 b k - 0 12,-44
1rbq1rk1/4nppp/pp1bpn2/4N1B1/2pPP3/6P1/1P3PBP/RN1Q1RK1 b - - 2 13,-75
1rbq1rk1/4nppp/p2bpn2/1p2N1B1/2pPP3/6P1/1P3PBP/RN1Q1RK1 w - - 0 14,-76
1r1q1rk1/1b2nppp/p2bpn2/1p2N1B1/2pPP3/2N3P1/1P3PBP/R2Q1RK1 w - - 2 15,-26
1rbq1rk1/4nppp/p2bpn2/1p2N1B1/2pPP3/2N3P1/1P3PBP/R2Q1RK1 b - - 1 14,-76
1r1q1rk1/1b2nppp/p2bpB2/1p2N3/2pPP3/2N3P1/1P3PBP/R2Q1RK1 b - - 0 15,-12
1r1q1rk1/1b2np1p/p2bpp2/1p6/2pPP1N1/2N3P1/1P3PBP/R2Q1RK1 b - - 1 16,-12
1r1q1rk1/1b2np1p/p2bpp2/1p2N3/2pPP3/2N3P1/1P3PBP/R2Q1RK1 w - - 0 16,0
1r1q1rk1/1b3p1p/p2bppn1/1p6/2pPP1NP/2N3P1/1P3PB1/R2Q1RK1 b - - 0 17,-99
1r1q1rk1/1b3p1p/p2bppn1/1p6/2pPP1N1/2N3P1/1P3PBP/R2Q1RK1 w - - 2 17,-14
1r1q1rk1/1b3p1p/p2bp1n1/5p2/1ppPP1NP/6P1/1P2NPB1/R2Q1RK1 w - - 0 19,-12
1r1q1rk1/1b3p1p/p2bppn1/8/1ppPP1NP/2N3P1/1P3PB1/R2Q1RK1 w - - 0 18,-22
1r1q1rk1/1b3p1p/p2bp1n1/5P2/1ppP2NP/6P1/1P2NPB1/R2Q1RK1 b - - 0 19,0
1r1q1rk1/5p1p/p2bp1n1/5P2/1ppP2NP/6P1/1P2NPK1/R2Q1R2 b - - 0 20,0
1r1q1rk1/5p1p/p2bp1n1/5P2/1ppP2NP/6P1/1P2NPb1/R2Q1RK1 w - - 0 20,-5
1r1q1rk1/1b3p1p/p2bppn1/8/1ppPP1NP/6P1/1P2NPB1/R2Q1RK1 b - - 1 18,-19
1r1q1rk1/5p1p/p2b2nN/5p2/1ppP3P/6P1/1P2NPK1/R2Q1R2 b - - 1 21,-1
1r1q1rk1/5p1p/p2b2n1/5p2/1ppP2NP/6P1/1P2NPK1/R2Q1R2 w - - 0 21,0
3q1r1k/5p1p/p2b2n1/1r3N2/1ppP3P/6P1/1P2NPK1/R2Q1R2 w - - 1 23,0
1r1q1r1k/5p1p/p2b2n1/5N2/1ppP3P/6P1/1P2NPK1/R2Q1R2 b - - 0 22,0
3q1r1k/5p1p/p2b2n1/1r1P1N2/1pp4P/6P1/1P2NPK1/R2Q1R2 b - - 0 23,0
1r1q1r1k/5p1p/p2b2nN/5p2/1ppP3P/6P1/1P2NPK1/R2Q1R2 w - - 2 22,-4
3q1r1k/5p1p/p5n1/1r1PbN2/1pp4P/6P1/1P2NPK1/R2Q1R2 w - - 1 24,0
3q1r1k/5p1p/p5n1/1r1PbN1P/1pp5/6P1/1P2NPK1/R2Q1R2 b - - 0 24,-33
3q1r1k/4np1p/p7/1r1PbN1P/1pp5/6P1/1P2NPK1/R2Q1R2 w - - 1 25,-27
3q1r1k/4Np1p/p7/1r1Pb2P/1pp5/6P1/1P2NPK1/R2Q1R2 b - - 0 25,-28
5r1k/4qp1p/p7/1r1Pb2P/1pp5/6P1/1P2NPK1/R2Q1R2 w - - 0 26,-26
2r4k/4qp1p/p7/1r1Pb2P/1pp5/6P1/1PQ1NPK1/R4R2 w - - 2 27,-6
3r3k/4qp1p/p7/1r1PbQ1P/1pp5/6P1/1P2NPK1/R4R2 w - - 4 28,0
3r3k/4qp1p/R7/1r1PbQ1P/1pp5/6P1/1P2NPK1/5R2 b - - 0 28,0
3r3k/4qp1p/R7/3rbQ1P/1pp5/6P1/1P2NPK1/5R2 w - - 0 29,0
5r1k/4qp1p/p7/1r1Pb2P/1pp5/6P1/1PQ1NPK1/R4R2 b - - 1 26,-19
3r3k/4qp1p/R7/3r1Q1P/1pp2b2/6P1/1P3PK1/5R2 w - - 0 30,0
3r3k/4qp1p/R7/3r3P/1pp2Q2/6P1/1P3PK1/5R2 b - - 0 30,0
3r3k/4qp1p/R7/3rbQ1P/1pp2N2/6P1/1P3PK1/5R2 b - - 1 29,0
2r4k/4qp1p/p7/1r1PbQ1P/1pp5/6P1/1P2NPK1/R4R2 b - - 3 27,-4
3r3k/4qp1p/R7/7r/1pp2Q2/6P1/1P3PK1/5R2 w - - 0 31,3
3r3k/3q1p1p/R7/7r/1pQ5/6P1/1P3PK1/5R2 w - - 1 32,-360
3r3k/3q1p1p/R7/7r/1pQ3P1/8/1P3PK1/5R2 b - - 0 32,-349
3r4/1pqbkp2/p3pr2/n3P2B/7Q/2P5/P1P3PP/3R1R1K b - - 0 25,526
3r3k/4qp1p/R7/7r/1pQ5/6P1/1P3PK1/5R2 b - - 0 31,-365
3r3k/3q1p1p/R7/8/1pQ3r1/6K1/1P3P2/5R2 w - - 0 34,-318
3r3k/3q1p1p/R7/8/1p4Q1/6K1/1P3P2/5R2 b - - 0 34,-366
3r3k/5p1p/R7/8/1p4Q1/3q2K1/1P3P2/5R2 w - - 1 35,-352
3r3k/3q1p1p/R7/8/1pQ3Pr/8/1P3PK1/5R2 w - - 1 33,-411
3r3k/5p1p/q7/8/1p4Q1/8/1P3P1K/5R2 w - - 0 36,-360
3r3k/3q1p1p/R7/8/1pQ3Pr/6K1/1P3P2/5R2 b - - 2 33,-379
3r3k/5p1p/q7/8/1p5Q/8/1P3P1K/5R2 b - - 1 36,-600
7k/5p1p/q6r/8/1Q6/8/1P3P1K/5R2 w - - 1 38,-614
7k/5p1p/q6r/8/1Q6/8/1P3PK1/5R2 b - - 2 38,M-10
7k/5p1p/6qr/8/1Q6/8/1P3PK1/5R2 w - - 3 39,M-9
7k/5p1p/6qr/8/1Q6/5K2/1P3P2/5R2 b - - 4 39,M-7
7k/5p1p/7r/8/1Q6/3q1K2/1P3P2/5R2 w - - 5 40,M-6
7k/5p1p/q2r4/8/1Q6/8/1P3P1K/5R2 b - - 0 37,-617
rn1qkbnr/pp2pppp/2p5/5b2/3PN3/8/PPP2PPP/R1BQKBNR w KQkq - 1 5,26
3r3k/5p1p/R7/8/1p4Q1/3q4/1P3P1K/5R2 b - - 2 35,-406
rn1qkbnr/pp2pppp/2p5/2N2b2/3P4/8/PPP2PPP/R1BQKBNR b KQkq - 2 5,0
rn1qkbnr/p3pppp/1pp5/2N2b2/3P4/8/PPP2PPP/R1BQKBNR w KQkq - 0 6,11
7k/5p1p/q2r4/8/1p5Q/8/1P3P1K/5R2 w - - 2 37,-650
rn1qkbnr/p4ppp/1pp1p3/5b2/3P4/1N3N2/PPP2PPP/R1BQKB1R b KQkq - 1 7,16
rn1qkbnr/p4ppp/1pp1p3/5b2/3P4/1N6/PPP2PPP/R1BQKBNR w KQkq - 0 7,14
rn1qkbnr/p3pppp/1pp5/5b2/3P4/1N6/PPP2PPP/R1BQKBNR b KQkq - 1 6,17
rn1qk1nr/p4ppp/1ppbp3/5b2/3P4/1N3N2/PPP2PPP/R1BQKB1R w KQkq - 2 8,47
rn1qk2r/p3nppp/1ppbp3/5b2/3P4/1N3NP1/PPP2P1P/R1BQKB1R w KQkq - 1 9,31
rn1qk2r/p3npp1/1ppbp2p/5b2/3P4/1N3NP1/PPP1QPBP/R1B1K2R b KQkq - 1 10,16
rn1qk2r/p3nppp/1ppbp3/5b2/3P4/1N3NP1/PPP2PBP/R1BQK2R b KQkq - 2 9,32
rn1qk1nr/p4ppp/1ppbp3/5b2/3P4/1N3NP1/PPP2P1P/R1BQKB1R b KQkq - 0 8,12
r2qk2r/p2nnpp1/1ppbp2p/5b2/3P4/1N3NP1/PPP1QPBP/R1B1K2R w KQkq - 2 11,32
rn1qk2r/p3npp1/1ppbp2p/5b2/3P4/1N3NP1/PPP2PBP/R1BQK2R w KQkq - 0 10,43
r2qk2r/p2nnpp1/1ppbp2p/4Nb2/3P4/1N4P1/PPP1QPBP/R1B1K2R b KQkq - 3 11,24
2rqk2r/p2nnpp1/1ppbp2p/4Nb2/3P4/1N4P1/PPP1QPBP/R1B1K2R w KQk - 4 12,17
2rqk2r/p2nnpp1/1ppbp2p/4Nb2/3P4/1N4P1/PPP1QPBP/R1B2RK1 b k - 5 12,11
2rq1rk1/p2nnpp1/1ppbp2p/4Nb2/3P4/1N4P1/PPP1QPBP/R1B2RK1 w - - 6 13,38
1brq1rk1/p2nnpp1/1pp1p2p/4Nb2/2PP4/1N4P1/PP2QPBP/R1BR2K1 b - - 0 14,10
2rq1rk1/p2nnpp1/1ppbp2p/4Nb2/3P4/1N4P1/PPP1QPBP/R1BR2K1 b - - 7 13,17
1brq1rk1/p2nnpp1/1pp1p2p/4Nb2/3P4/1N4P1/PPP1QPBP/R1BR2K1 w - - 8 14,11
1br1qrk1/p2nnpp1/1pp1p2p/4Nb2/2PP4/1N4P1/PP1BQPBP/R2R2K1 b - - 2 15,26
3r4/1pqbkp2/p3pr2/n3p2B/5P1Q/2P5/P1P3PP/3R1R1K w - - 0 25,525
1br1qrk1/p3npp1/1p2p2p/2p1Pb2/2P5/1N4P1/PP1BQPBP/R2R2K1 w - - 0 17,20
1br1qrk1/p3npp1/1pp1p2p/4Pb2/2P5/1N4P1/PP1BQPBP/R2R2K1 b - - 0 16,26
1b1rqrk1/p3npp1/1p2p2p/2p1Pb2/2P5/1NB3P1/PP2QPBP/R2R2K1 w - - 2 18,22
1br1qrk1/p3npp1/1p2p2p/2p1Pb2/2P5/1NB3P1/PP2QPBP/R2R2K1 b - - 1 17,43
1b1rqrk1/p3npp1/1p2p2p/2p1Pb2/2P2P2/1NB3P1/PP2Q1BP/R2R2K1 b - - 0 18,17
1br1qrk1/p3npp1/1pp1p2p/4nb2/2PP4/1N4P1/PP1BQPBP/R2R2K1 w - - 0 16,13
1b1r1rk1/p3npp1/1p2p2p/2p1Pb2/q1P2P2/1NB3P1/PP2Q1BP/R2R2K1 w - - 1 19,20
1br1qrk1/p2nnpp1/1pp1p2p/4Nb2/2PP4/1N4P1/PP2QPBP/R1BR2K1 w - - 1 15,34
1b1r1rk1/p3npp1/1p2p2p/2p1Pb2/q1P2P2/2B3P1/PP1NQ1BP/R2R2K1 b - - 2 19,50
1b1r1rk1/p3npp1/1p2p2p/2p1P3/q1P2P2/2B3P1/PPbNQ1BP/R2R2K1 w - - 3 20,33
1b1r1rk1/p3npp1/1p2p2p/2p1P3/q1P2P2/2B3P1/PPbNQ1BP/R3R1K1 b - - 4 20,24
1b1r1rk1/p3npp1/1p2p2p/2p1P3/q1P2P2/2Bb2P1/PP1NQ1BP/R3R1K1 w - - 5 21,21
1b1r1rk1/p3nppb/qp2p2p/2p1P3/2P2P2/1PB3P1/P2N1QBP/R3R1K1 w - - 1 23,51
1b1r1rk1/p3npp1/1p2p2p/2p1P3/q1P2P2/2Bb2P1/PP1N1QBP/R3R1K1 b - - 6 21,32
1b1r1rk1/p3nppb/1p2p2p/2p1P3/q1P2P2/2B3P1/PP1N1QBP/R3R1K1 w - - 7 22,64
1b1r1rk1/p3nppb/qp2p2p/2p1P3/2P1NP2/1PB3P1/P4QBP/R3R1K1 b - - 2 23,33
1b1r1rk1/p3nppb/1p2p2p/2p1P3/q1P2P2/1PB3P1/P2N1QBP/R3R1K1 b - - 0 22,31
1b3rk1/p2rnppb/qp2p2p/2p1P3/2P1NP2/1PB3P1/P4QBP/3RR1K1 b - - 4 24,40
1b1r2k1/p2rnppb/qp2p2p/2p1P3/2P1NP2/1PB3P1/P3Q1BP/3RR1K1 b - - 6 25,22
1b1r2k1/p2r1ppb/qp2p2p/2p1Pn2/2P1NPP1/1PB5/P3Q1BP/3RR1K1 b - - 0 26,0
1b1r2k1/p2r1ppb/qp2p2p/2p1P3/2PnNPP1/1PB5/P3Q1BP/3RR1K1 w - - 1 27,0
1b1r2k1/p2r1ppb/qp2p2p/2p1Pn2/2P1NP2/1PB3P1/P3Q1BP/3RR1K1 w - - 7 26,30
1b1r2k1/p2r1ppb/qp2p2p/2p1P3/2PnNPP1/1PB5/P4QBP/3RR1K1 b - - 2 27,-12
1b3rk1/p2rnppb/qp2p2p/2p1P3/2P1NP2/1PB3P1/P4QBP/R3R1K1 w - - 3 24,63
1bqr2k1/p2r1ppb/1p2p2p/2p1P3/2PnNPP1/1PB5/P2R1QBP/4R1K1 b - - 4 28,6
1b1r2k1/p2rnppb/qp2p2p/2p1P3/2P1NP2/1PB3P1/P4QBP/3RR1K1 w - - 5 25,48
1bqr2k1/p2r1ppb/1pn1p2p/2p1P3/2P1NPP1/1PB5/P2R1QBP/4R1K1 w - - 5 29,23
1bqr2k1/p2r1ppb/1pn1p2p/2p1P3/2P1NPP1/1PB5/P2R1QBP/3R2K1 b - - 6 29,1
1bqr2k1/p4ppb/1pn1p2p/2p1P3/2P1NPP1/1PB5/P2r1QBP/3R2K1 w - - 0 30,0
1bq3k1/p4ppb/1pn1p2p/2p1P3/2P1NPP1/1PB5/P2r1QBP/6K1 w - - 0 31,14
1bqr2k1/p4ppb/1pn1p2p/2p1P3/2P1NPP1/1PB5/P2R1QBP/6K1 b - - 0 30,28
1bqr2k1/p2r1ppb/1p2p2p/2p1P3/2PnNPP1/1PB5/P4QBP/3RR1K1 w - - 3 28,20
1bq3k1/p4ppb/1pn1p2p/2p1P3/2P1NPP1/1PB5/P2Q2BP/6K1 b - - 0 31,4
1bq3k1/p3nppb/1p2p2p/2p1P3/2P1NPP1/1PB5/P2Q2BP/6K1 w - - 1 32,35
1bq3k1/p3nppb/1p2p2p/2p1P3/2P1NPP1/1PB4P/P2Q2B1/6K1 b - - 0 32,22
2q3k1/p1b1nppb/1p2p2p/2p1P3/2P1NPP1/1PB4P/P2Q2B1/6K1 w - - 1 33,72
2q3k1/p1b1nppb/1p2p2p/2p1P3/2P1NPP1/1PB4P/P2Q1KB1/8 b - - 2 33,24
2q3k1/2b1nppb/1p2p2p/p1p1P3/2P1NPP1/PPB4P/3Q1KB1/8 b - - 0 34,13
2q3k1/2b1nppb/1p2p2p/p1p1P3/2P1NPP1/1PB4P/P2Q1KB1/8 w - - 0 34,35
2q3k1/2b1npp1/1p1Np1bp/p1p1P3/2P2PP1/PPB4P/3Q1KB1/8 b - - 2 35,54
3q2k1/2b1npp1/1p1Np1bp/p1p1P3/2P2PP1/PPB4P/3Q1KB1/8 w - - 3 36,19
3q2k1/2b1npp1/1p2p1b1/pNp1P2p/2P2PP1/PPB4P/3QK1B1/8 b - - 1 37,26
2q3k1/2b1npp1/1p2p1bp/p1p1P3/2P1NPP1/PPB4P/3Q1KB1/8 w - - 1 35,38
3q2k1/2b1npp1/1p1Np1bp/p1p1P3/2P2PP1/PPB4P/3QK1B1/8 b - - 4 36,7
6k1/2b1npp1/1p2p1b1/pNp1P2p/2P2PP1/PP5P/3BK1B1/8 b - - 0 38,15
3q2k1/2b1npp1/1p1Np1b1/p1p1P2p/2P2PP1/PPB4P/3QK1B1/8 w - - 0 37,12
6k1/2b1npp1/1p2p1b1/pNp1P2p/2P2PP1/PPB4P/3qK1B1/8 w - - 0 38,3
3b2k1/4npp1/1p2p1b1/pNp1P2p/2P2PP1/PP5P/3BK1B1/8 w - - 1 39,20
3b2k1/4npp1/1p2p1b1/pNp1P2p/1PP2PP1/P6P/3BK1B1/8 b - - 0 39,9
3b2k1/4npp1/1p2p1b1/1Np1P2p/1pP2PP1/P6P/3BK1B1/8 w - - 0 40,25
3b2k1/4npp1/1p2p1b1/1N2P2p/1pP2PP1/7P/3BK1B1/8 w - - 0 41,8
3b2k1/4npp1/1p2p1b1/1Np1P2p/1PP2PP1/7P/3BK1B1/8 b - - 0 40,7
3b2k1/4npp1/1p1Np3/4P3/1BP2PP1/8/2b1K1B1/8 b - - 2 43,0
3b2k1/4npp1/1p2p1b1/1N2P3/1BP2Pp1/7P/4K1B1/8 w - - 0 42,3
3b2k1/5pp1/1p1Np1n1/4P3/1BP2PP1/4K3/2b3B1/8 b - - 4 44,0
3b2k1/4npp1/1p2p1b1/1N2P2p/1BP2PP1/7P/4K1B1/8 b - - 0 41,14
6k1/4bpp1/1p1Np1n1/4P3/1BP2PP1/4K3/2b3B1/8 w - - 5 45,3
3b2k1/5pp1/1p1Np1n1/4P3/1BP2PP1/8/2b1K1B1/8 w - - 3 44,0
3b2k1/4npp1/1p2p3/1N2P3/1BP2PP1/8/2b1K1B1/8 w - - 1 43,5
6k1/4bpp1/1p1Np1n1/4P3/2P2PP1/2B1K3/2b3B1/8 b - - 6 45,9
6k1/4b1p1/1p1Nppn1/4P3/2P2PP1/2B1K3/2b3B1/8 w - - 0 46,20
6k1/4b1p1/1p1Nppn1/4P3/2P1KPP1/2B5/8/8 b - - 0 47,17
6k1/4b1p1/1p1Np1n1/4B3/2P1KPP1/8/8/8 b - - 0 48,18
6k1/4b1p1/1p1Nppn1/4P3/2P1bPP1/2B1K3/8/8 w - - 0 47,7
3b2k1/4npp1/1p2p1b1/1N2P3/1BP2PP1/8/4K1B1/8 b - - 0 42,17
6k1/4b1p1/1p1Np1n1/4p3/2P1KPP1/2B5/8/8 w - - 0 48,12
6k1/4b1p1/1p1Nppn1/4P3/2P1BPP1/2B1K3/2b5/8 b - - 1 46,12
5nk1/4b1p1/1p1Np3/4BP2/2P1K1P1/8/8/8 b - - 0 49,7
5nk1/4b1p1/1p1Np3/4B3/2P1KPP1/8/8/8 w - - 1 49,12
5nk1/4b1p1/1p6/4BN2/2P1K1P1/8/8/8 b - - 0 50,1
5nk1/2B3p1/1p3b2/5N2/2P1K1P1/8/8/8 b - - 2 51,2
5nk1/6p1/1p3b2/4BN2/2P1K1P1/8/8/8 w - - 1 51,1
6k1/2Bn2p1/1p1N1b2/8/2P1K1P1/8/8/8 b - - 4 52,0
6k1/2Bn2p1/1p1N4/5K2/2P3Pb/8/8/8 b - - 6 53,0
6k1/2Bn2p1/1p1N4/8/2P1K1Pb/8/8/8 w - - 5 53,0
6k1/2Bn2p1/1p1N4/5KP1/2P5/8/5b2/8 b - - 0 54,0
6k1/2Bn2p1/1p3b2/5N2/2P1K1P1/8/8/8 w - - 3 52,3
5nk1/4b1p1/1p1N4/4Bp2/2P1K1P1/8/8/8 w - - 0 50,14
5k2/2Bn2p1/1p1N4/5KP1/2P5/8/5b2/8 w - - 1 55,502
6k1/2Bn2p1/1p1N4/5K2/2P3P1/8/5b2/8 w - - 7 54,114
5k2/2Bn2p1/1p6/5KP1/2P1N3/8/5b2/8 b - - 2 55,505
5k2/2Bn2p1/1p6/5KP1/2P1N3/4b3/8/8 w - - 3 56,583
5k2/2Bn2p1/1p2K3/6P1/2P1N3/4b3/8/8 b - - 4 56,617
5k2/2B3p1/1p2K3/2n3P1/2P1N3/4b3/8/8 w - - 5 57,708
5k2/2B3p1/1p2K3/2N3P1/2P5/4b3/8/8 b - - 0 57,719
5k2/2B3p1/4K3/2p3P1/2P5/4b3/8/8 w - - 0 58,1029
6k1/6p1/3BK1P1/2p5/2P5/4b3/8/8 b - - 2 59,3444
6k1/6p1/3B2P1/2pK4/2P5/4b3/8/8 w - - 5 61,M27
6k1/6p1/6P1/2BK4/2P5/4b3/8/8 b - - 0 61,7311
6k1/2B3p1/4K1P1/2p5/2P5/4b3/8/8 w - - 1 59,8115
6k1/6p1/3BK1P1/2p5/2P5/8/5b2/8 w - - 3 60,M23
5k2/2B3p1/4K1P1/2p5/2P5/4b3/8/8 b - - 0 58,3503
6k1/6p1/6P1/3K4/2PB4/8/3b4/8 b - - 2 62,M19
7k/6p1/6P1/3KB3/1bP5/8/8/8 w - - 5 64,M13
7k/6p1/3B2P1/3K4/1bP5/8/8/8 b - - 6 64,M12
6k1/6p1/6P1/3K4/1bPB4/8/8/8 w - - 3 63,M18
6k1/6p1/6P1/2BK4/2P5/8/3b4/8 w - - 1 62,M21
6k1/6p1/6P1/3KB3/1bP5/8/8/8 b - - 4 63,M19
6k1/6p1/3B2P1/2pK4/2P5/8/5b2/8 b - - 4 60,5934
r1bqkb1r/pppp1ppp/2n5/1B2p3/4n3/5N2/PPPP1PPP/RNBQ1RK1 w kq - 0 5,42
r1bqkb1r/pppp1ppp/2nn4/1B2p3/3P4/5N2/PPP2PPP/RNBQ1RK1 w kq - 1 6,20
r1bqkb1r/ppp2ppp/2pn4/4p3/3P4/5N2/PPP2PPP/RNBQ1RK1 w kq - 0 7,25
r1bqkb1r/pppp1ppp/2n5/1B2p3/3Pn3/5N2/PPP2PPP/RNBQ1RK1 b kq - 0 5,15
r1bqkb1r/pppp1ppp/2Bn4/4p3/3P4/5N2/PPP2PPP/RNBQ1RK1 b kq - 0 6,30
r1bqkb1r/ppp2ppp/2pn4/4P3/8/5N2/PPP2PPP/RNBQ1RK1 b kq - 0 7,30
r1bQkb1r/ppp2ppp/2p5/4Pn2/8/5N2/PPP2PPP/RNB2RK1 b kq - 0 8,18
r1bqkb1r/ppp2ppp/2p5/4Pn2/8/5N2/PPP2PPP/RNBQ1RK1 w kq - 1 8,18
r1bk1b1r/ppp2ppp/2p5/4Pn2/8/5N2/PPP2PPP/RNBR2K1 b - - 1 9,17
r1bk1b1r/ppp2ppp/2p5/4Pn2/8/5N2/PPP2PPP/RNB2RK1 w - - 0 9,22
r1b1kb1r/ppp2ppp/2p5/4Pn2/8/5N2/PPP2PPP/RNBR2K1 w - - 2 10,28
r1b1kb1r/ppp1nppp/2p5/4P3/8/2N2N2/PPP2PPP/R1BR2K1 w - - 4 11,15
r1b1kb1r/ppp2ppp/2p5/4Pn2/8/2N2N2/PPP2PPP/R1BR2K1 b - - 3 10,16
r1b1kb1r/ppp2ppp/2p3n1/4P3/3N4/2N5/PPP2PPP/R1BR2K1 w - - 6 12,13
r1b1kb1r/ppp1nppp/2p5/4P3/3N4/2N5/PPP2PPP/R1BR2K1 b - - 5 11,23
r1b1k2r/ppp1bppp/2p3n1/4P3/3NN3/8/PPP2PPP/R1BR2K1 w - - 8 13,10
r3k2r/ppp1bppp/2p3n1/4P3/3NNPb1/8/PPP3PP/R1BR2K1 w - - 1 14,0
r1b1kb1r/ppp2ppp/2p3n1/4P3/3NN3/8/PPP2PPP/R1BR2K1 b - - 7 12,27
r3k2r/ppp1bppp/2p3n1/4P3/3NNPb1/3R4/PPP3PP/R1B3K1 b - - 2 14,0
r1b1k2r/ppp1bppp/2p3n1/4P3/3NNP2/8/PPP3PP/R1BR2K1 b - - 0 13,-1
3rk2r/pppbbppp/2p3n1/4P3/3NNP2/3RB2P/PPP3P1/R5K1 b - - 2 16,0
3rk2r/pppbbppp/6n1/2p1P3/4NP2/3RB2P/PPP1N1P1/R5K1 b - - 1 17,0
3rk2r/pppbbppp/6n1/2p1P3/3NNP2/3RB2P/PPP3P1/R5K1 w - - 0 17,-9
3rk2r/ppp1bppp/2p3n1/4P3/3NNPb1/3R4/PPP3PP/R1B3K1 w - - 3 15,0
3rk2r/p1pbbppp/1p4n1/2p1P3/4NP2/3RB2P/PPP1N1P1/R5K1 w - - 0 18,-10
3rk2r/p1pbbppp/1p4n1/2p1P3/2P1NP2/3RB2P/PP2N1P1/R5K1 b - - 0 18,-15
3rk2r/p1pbbpp1/1p4n1/2p1P2p/2P1NP2/3RB2P/PP2N1P1/3R2K1 b - - 1 19,0
3rk2r/pppbbppp/2p3n1/4P3/3NNP2/3R3P/PPP3P1/R1B3K1 w - - 1 16,6
3rk2r/p1pbbpp1/1p4n1/2p1P2p/2P1NP2/3RB2P/PP2N1P1/R5K1 w - - 0 19,-8
3rk2r/p1pbbpp1/1p4n1/2p1P3/2P1NP1p/2NRB2P/PP4P1/3R2K1 b - - 1 20,1
3rk2r/p1pbbpp1/1p4n1/2p1P3/2P1NP1p/3RB2P/PP2N1P1/3R2K1 w - - 0 20,0
3rk2r/ppp1bppp/2p3n1/4P3/3NNPb1/3R3P/PPP3P1/R1B3K1 b - - 0 15,-14
4k2r/p1p1bpp1/1p4n1/2p1Pb2/2P1NP1p/2NrB2P/PP3KP1/3R4 w - - 0 22,0
3rk2r/p1p1bpp1/1p4n1/2p1Pb2/2P1NP1p/2NRB2P/PP4P1/3R2K1 w - - 2 21,9
3rk2r/p1p1bpp1/1p4n1/2p1Pb2/2P1NP1p/2NRB2P/PP3KP1/3R4 b - - 3 21,-12
4k3/p1p1bpp1/1p4n1/2p1Pb1r/2P1NP1p/1PNRB2P/P4KP1/8 b - - 0 23,0
4k3/p1p1bpp1/1p4n1/2p1P2r/2P1NP1p/1P1RB2P/P4KP1/8 b - - 0 24,0
4k3/p1p1bpp1/1p4n1/2p1P2r/2P1bP1p/1PNRB2P/P4KP1/8 w - - 0 24,11
4k3/p1p1bpp1/1p4n1/2p1Pr2/2P1NPPp/1P1RB2P/P4K2/8 b - g3 0 25,-75
4k2r/p1p1bpp1/1p4n1/2p1Pb2/2P1NP1p/2NRB2P/PP3KP1/8 b - - 0 22,-4
4k3/p1p1bpp1/1p4n1/2p1Pr2/2P1NP2/1P1RB1KP/P7/8 b - - 0 26,0
4k3/p1p1bpp1/1p4n1/2p1P2r/2P2P2/1PNRB1KP/P7/8 b - - 2 27,0
3bk3/p1p2pp1/1p4n1/2p1P2r/2P2P2/1PNRB1KP/P7/8 w - - 3 28,0
4k3/p1p1bpp1/1p4n1/2p1Pr2/2P1NP1p/1P1RB2P/P4KP1/8 w - - 1 25,8
4k3/p1p1bpp1/1p4n1/2p1P2r/2P1NP2/1P1RB1KP/P7/8 w - - 1 27,0
4k3/p1p1bpp1/1p4n1/2p1Pr2/2P1NP2/1P1RB1pP/P4K2/8 w - - 0 26,8
3bk3/p1p2pp1/1p4n1/2p1P3/2P2PKr/1PNRB2P/P7/8 w - - 5 29,0
3bk3/p1p2pp1/1p4n1/2p1P2r/2P2PK1/1PNRB2P/P7/8 b - - 4 28,0
3bk3/p1p2pp1/1p4n1/2p1P3/2P2P1r/1PNRB1KP/P7/8 b - - 6 29,0
3bk2r/p1p2pp1/1p4n1/2p1P3/2P2PK1/1PNRB2P/P7/8 b - - 8 30,0
3bk2r/p1p2pp1/1p4n1/2p1P3/2P2P2/1PNRB1KP/P7/8 w - - 7 30,0
4k3/p1p1bpp1/1p4n1/2p1Pb1r/2P1NP1p/2NRB2P/PP3KP1/8 w - - 1 23,3
r1bqkbnr/pppp1ppp/2n5/8/3pP3/5N2/PPP2PPP/RNBQKB1R w KQkq - 0 4,19
r1bqkbnr/pppp1ppp/2n5/4p3/3PP3/5N2/PPP2PPP/RNBQKB1R b KQkq - 0 3,17
r1bqkb1r/pppp1ppp/2n2n2/8/3NP3/8/PPP2PPP/RNBQKB1R w KQkq - 1 5,22
r1bqkbnr/pppp1ppp/2n5/8/3NP3/8/PPP2PPP/RNBQKB1R b KQkq - 0 4,19
r1bqkb1r/pppp1ppp/2N2n2/8/4P3/8/PPP2PPP/RNBQKB1R b KQkq - 0 5,11
r1bqkb1r/p1pp1ppp/2p2n2/4P3/8/8/PPP2PPP/RNBQKB1R b KQkq - 0 6,0
r1bqkb1r/p1pp1ppp/2p2n2/8/4P3/8/PPP2PPP/RNBQKB1R w KQkq - 0 6,13
r1b1kb1r/p1ppqppp/2p2n2/4P3/8/8/PPP1QPPP/RNB1KB1R b KQkq - 2 7,0
r1b1kb1r/p1ppqppp/2p5/3nP3/2P5/8/PP2QPPP/RNB1KB1R b KQkq - 0 8,0
r1b1kb1r/p1ppqppp/1np5/4P3/2P5/8/PP2QPPP/RNB1KB1R w KQkq - 1 9,8
r1b1kb1r/p1ppqppp/2p2n2/4P3/8/8/PPP2PPP/RNBQKB1R w KQkq - 1 7,9
r1b1kb1r/p1ppqppp/2p5/3nP3/8/8/PPP1QPPP/RNB1KB1R w KQkq - 3 8,0
2kr1b1r/pbppqppp/1np5/4P3/2P5/1P6/P2NQPPP/R1B1KB1R w KQ - 1 11,24
r3kb1r/pbppqppp/1np5/4P3/2P5/8/PP1NQPPP/R1B1KB1R w KQkq - 3 10,-13
r3kb1r/pbppqppp/1np5/4P3/2P5/1P6/P2NQPPP/R1B1KB1R b KQkq - 0 10,11
r1b1kb1r/p1ppqppp/1np5/4P3/2P5/8/PP1NQPPP/R1B1KB1R b KQkq - 2 9,3
2kr1b1r/pbppqppp/1np5/4P3/2P5/1P6/PB1NQPPP/R3KB1R b KQ - 2 11,3
2kr1b1r/pbppqppp/1n6/2p1P3/2P5/1P6/PB1NQPPP/2KR1B1R b - - 1 12,0
2kr1b1r/pbp1qppp/1n1p4/2p1P3/2P5/1P6/PB1NQPPP/2KR1B1R w - - 0 13,38
2kr1b1r/pbp1qppp/1n1P4/2p5/2P5/1P6/PB1NQPPP/2KR1B1R b - - 0 13,45
1k1r1b1r/pbp2ppp/1n1q4/2p5/2P3Q1/1P6/PB1NBPPP/2KR3R b - - 3 15,16
2kr1b1r/pbppqppp/1n6/2p1P3/2P5/1P6/PB1NQPPP/R3KB1R w KQ - 0 12,8
2kr1b1r/pbp2ppp/1n1q4/2p5/2P3Q1/1P6/PB1N1PPP/2KR1B1R b - - 1 14,10
1k1r1b1r/pbp2ppp/1n1q4/2p5/2P3Q1/1P6/PB1N1PPP/2KR1B1R w - - 2 15,9
2kr1b1r/pbp2ppp/1n1q4/2p5/2P5/1P6/PB1NQPPP/2KR1B1R w - - 0 14,34
1k1r1b1r/pbp2pp1/1n1q4/2p4p/2P3Q1/1P6/PB1NBPPP/2KR3R w - - 0 16,15
1k1r1b1r/pbp2pp1/1n1q4/2p4p/2P5/1P4Q1/PB1NBPPP/2KR3R b - - 1 16,0
1k1r1b1r/pbp2pp1/1n5q/2p4p/2P5/1P3BQ1/PB1N1PPP/2KR3R b - - 3 17,0
1k1r1b1r/pbp2pp1/1n5q/2p4p/2P5/1P4Q1/PB1NBPPP/2KR3R w - - 2 17,-3
1k1r1b1r/pbp2pp1/1n5q/2p5/2P4p/1P3BQ1/PB1N1PPP/2KR3R w - - 0 18,0
1kbr1b1r/p1p2pp1/1n5q/2p5/2P3Qp/1P3B2/PB1N1PPP/2KR3R w - - 2 19,-74
1k1r1b1r/pbp2pp1/1n5q/2p5/2P3Qp/1P3B2/PB1N1PPP/2KR3R b - - 1 18,-74
1kbr3r/p1p2pp1/1n1b3q/2p5/2P1Q2p/1PB2B2/P2N1PPP/2KR3R b - - 5 20,-138
1kbr1b1r/p1p2pp1/1n5q/2p5/2P1Q2p/1P3B2/PB1N1PPP/2KR3R b - - 3 19,-86
1kbr3r/p1p2pp1/1n1b3q/2p5/2P1Q2p/1P3B2/PB1N1PPP/2KR3R w - - 4 20,-88
1kbrr3/p1p2pp1/1n1b3q/2p5/2P1Q2p/1PB2B2/P2N1PPP/2KR3R w - - 6 21,-137
1kbrr3/p1p2pp1/1n1b3q/2p5/2P4p/1PB2B2/P1QN1PPP/2KR3R b - - 7 21,-145
1k1rr3/p1p2pp1/1n1b4/2p2bq1/2P4p/1PB2B2/PKQN1PPP/3R3R w - - 10 23,-126
1kbrr3/p1p2pp1/1n1b4/2p3q1/2P4p/1PB2B2/PKQN1PPP/3R3R b - - 9 22,-126
1k1rr3/p1p2pp1/1n1b4/2p3q1/2P4p/1PBb1B2/PK1N1PPP/2QR3R w - - 12 24,9
1kbrr3/p1p2pp1/1n1b4/2p3q1/2P4p/1PB2B2/P1QN1PPP/2KR3R w - - 8 22,-97
1k1rr3/p1p2pp1/1n1b4/2p3q1/2P4p/1PBb1B2/PK1N1PPP/2QRR3 b - - 13 24,7
1k1r4/p1p2pp1/1n1b4/2p3q1/2P4p/1PBb1B2/PK1N1PPP/2Q1R3 b - - 0 25,0
1k1r4/p1p2pp1/1n6/2p3q1/2P4p/1PBb1B2/PK1N1PPb/2Q1R3 w - - 0 26,11
1k1r4/p1p2pp1/1n6/2p5/2P1N2p/1PBb1B2/PK3PPb/2q1R3 w - - 0 27,0
1k1r4/p1p2pp1/1n1b4/2p3q1/2P4p/1PBb1B2/PK1N1PPP/2QRr3 w - - 0 25,11
1k1r4/p1p2pp1/1n6/2p5/2P1Nb1p/1PBb1B2/P4PP1/2K1R3 w - - 1 28,0
1k1r4/p1p2pp1/1n6/2p3q1/2P1N2p/1PBb1B2/PK3PPb/2Q1R3 b - - 1 26,2
1k1r4/p1p2pp1/1n6/2p5/2P1bb1p/1PB2B2/PK3PP1/4R3 w - - 0 29,0
1k1r4/p1p2p2/1n6/2p3p1/2P1Rb1p/1PB2B2/PK3PP1/8 w - - 0 30,0
1k1r4/p1p2pp1/1n6/2p5/2P1Rb1p/1PB2B2/PK3PP1/8 b - - 0 29,0
1k1r4/p1p2pp1/1n6/2p5/2P1Nb1p/1PBb1B2/PK3PP1/4R3 b - - 2 28,0
1k4r1/p1p2p2/1n3B2/2p3p1/2P1Rb1p/1P3B2/PK3PP1/8 w - - 2 31,6
1k1r4/p1p2p2/1n3B2/2p3p1/2P1Rb1p/1P3B2/PK3PP1/8 b - - 1 30,5
1k1r4/p1p2pp1/1n6/2p5/2P1N2p/1PBb1B2/P4PPb/2K1R3 b - - 0 27,4
1k4r1/p1p1Rp2/1n3B2/2p5/2P2bpp/1P3B2/PK3PP1/8 w - - 0 32,10
1k4r1/p1p1Rp2/1n3B2/2p3p1/2P2b1p/1P3B2/PK3PP1/8 b - - 3 31,0
1k4r1/p1p1Rp2/1n3B2/2p5/2P1Bbpp/1P6/PK3PP1/8 b - - 1 32,0
1k1rr3/p1p2pp1/1n1b4/2p2bq1/2P4p/1PB2B2/PK1N1PPP/2QR3R b - - 11 23,-127
1kn3r1/p1p1Rp2/5B2/2p5/2P1Bbpp/1P6/PK3PP1/8 w - - 2 33,0
1kn3r1/p1p2R2/5B2/2p5/2P1Bbpp/1P6/PK3PP1/8 b - - 0 33,0
1k4r1/p1p1R3/3n1B2/2p5/2P1Bbpp/1P6/PK3PP1/8 b - - 2 34,0
1k4r1/p1p2R2/3n1B2/2p5/2P1Bbpp/1P6/PK3PP1/8 w - - 1 34,0
1k4r1/p1p1R3/3n1B2/2p5/2P1Bbp1/1P5p/PK3PP1/8 w - - 0 35,0
1k2r3/p1p1R1B1/3n4/2pB4/2P2bp1/1P5p/PK3PP1/8 w - - 4 37,0
1k2n3/p1p3B1/8/2pB4/2P2bp1/1P5p/PK3PP1/8 w - - 0 38,0
1k2R3/p1p3B1/3n4/2pB4/2P2bp1/1P5p/PK3PP1/8 b - - 0 37,0
1k3r2/p1p1R1B1/3n4/2pB4/2P2bp1/1P5p/PK3PP1/8 b - - 3 36,-193
1k2n3/p1p5/8/2pB4/2P2bp1/1PB4p/PK3PP1/8 b - - 1 38,0
1k2n3/p1p5/8/2pB4/2P2b2/1PB3pp/PK3PP1/8 w - - 0 39,0
1k2n3/p1p5/8/2p5/2P2b2/1PB4P/PK3pB1/8 b - - 1 40,0
1k2n3/p1p5/8/2pB4/2P2b2/1PB4P/PK3p2/8 w - - 0 40,0
1k3r2/p1p1R3/3n1B2/2pB4/2P2bp1/1P5p/PK3PP1/8 w - - 2 36,-203
1k6/p1p5/3n4/2p5/2P2b2/1PB4P/P1K2pB1/8 b - - 3 41,0
1k6/p1p3B1/8/2p5/2P1nb2/1P5P/P1K2pB1/8 b - - 5 42,0
1k6/p1p5/8/2p5/2P1nb2/1PB4P/P1K2pB1/8 w - - 4 42,0
1k2n3/p1p5/8/2pB4/2P2b2/1PB3pP/PK3P2/8 b - - 0 39,0
1k6/p1p5/3n4/2p5/2P2b2/1PB4P/PK3pB1/8 w - - 2 41,0
1k6/p1p3B1/8/2p5/2P2b2/1P1K2nP/P4pB1/8 b - - 7 43,0
1k6/p1p3B1/8/2p5/2P2b2/1P4nP/P1K2pB1/8 w - - 6 43,0
1k6/p1p3B1/3b4/2p5/2P5/1P1K2nP/P4pB1/8 w - - 8 44,0
2k5/p1p3B1/3b4/2p5/2P4P/1P1K2n1/P4pB1/8 w - - 1 45,0
1k6/p1p3B1/3b4/2p5/2P4P/1P1K2n1/P4pB1/8 b - - 0 44,0
8/p1pk2B1/8/2b5/2P4P/3K2n1/P4pB1/8 w - - 0 47,0
8/p1pk4/8/2b1B3/2P4P/3K2n1/P4pB1/8 b - - 1 47,0
8/p1pk4/8/2b1B3/2P4P/3K2n1/P5B1/5q2 w - - 0 48,0
8/p1pk4/8/2b1B3/2P4P/3K2n1/P7/5B2 b - - 0 48,0
8/p1pk4/8/2b1B3/2P4P/3K4/P7/5n2 w - - 0 49,0
8/p1pk2B1/3b4/2p5/1PP4P/3K2n1/P4pB1/8 w - - 1 46,-3
8/p1pk4/8/2b5/2P2B1P/3K4/P7/5n2 b - - 1 49,0
8/p1pk2B1/3b4/2P5/2P4P/3K2n1/P4pB1/8 b - - 0 46,-8
8/p1pk4/3B4/8/2P4P/3K4/P7/5n2 b - - 0 50,0
8/p1p5/3k4/7P/2P5/3K4/P7/5n2 b - - 0 51,0
8/p1p5/3k4/8/2P4P/3K4/P7/5n2 w - - 0 51,0
8/p1pk4/3b4/8/2P2B1P/3K4/P7/5n2 w - - 2 50,0
8/p1p5/8/4k2P/2P5/3K4/P7/5n2 w - - 1 52,23
2k5/p1p3B1/3b4/2p5/1PP4P/3K2n1/P4pB1/8 b - - 0 45,-172
1k4r1/p1p1R3/3n1B2/2pB4/2P2bp1/1P5p/PK3PP1/8 b - - 1 35,-243
rnbqkbnr/pp2pppp/3p4/2p5/3PP3/5N2/PPP2PPP/RNBQKB1R b KQkq - 0 3,46
rnbqkbnr/pp2pppp/3p4/8/3pP3/5N2/PPP2PPP/RNBQKB1R w KQkq - 0 4,40
rnbqkbnr/pp2pppp/3p4/2p5/4P3/5N2/PPPP1PPP/RNBQKB1R w KQkq - 0 3,42
rnbqkbnr/pp2pppp/3p4/8/3NP3/8/PPP2PPP/RNBQKB1R b KQkq - 0 4,41
rnbqkb1r/pp2pppp/3p1n2/8/3NP3/8/PPP2PPP/RNBQKB1R w KQkq - 1 5,39
rnbqkb1r/pp2pppp/3p1n2/8/3NP3/2N5/PPP2PPP/R1BQKB1R b KQkq - 2 5,35
rnbqk2r/pp2bppp/3ppn2/8/3NP3/2N5/PPP1BPPP/R1BQK2R w KQkq - 2 7,29
rnbqk2r/pp2bppp/3ppn2/8/3NP3/2N5/PPP1BPPP/R1BQ1RK1 b kq - 3 7,23
rnbq1rk1/pp2bppp/3ppn2/8/3NP3/2N5/PPP1BPPP/R1BQ1RK1 w - - 4 8,32
rnbqkb1r/pp3ppp/3ppn2/8/3NP3/2N5/PPP2PPP/R1BQKB1R w KQkq - 0 6,66
rnbqkb1r/pp3ppp/3ppn2/8/3NP3/2N5/PPP1BPPP/R1BQK2R b KQkq - 1 6,29
r1bq1rk1/pp2bppp/2nppn2/8/3NP3/2N1B3/PPP1BPPP/R2Q1RK1 w - - 6 9,28
r1bq1rk1/pp2bppp/2nppn2/8/3NPP2/2N1B3/PPP1B1PP/R2Q1RK1 b - - 0 9,33
rnbq1rk1/pp2bppp/3ppn2/8/3NP3/2N1B3/PPP1BPPP/R2Q1RK1 b - - 5 8,27
r1bq1rk1/pp2bppp/2np1n2/4p3/3NPP2/2N1B3/PPP1B1PP/R2Q1RK1 w - - 0 10,29
r1bq1rk1/pp2bppp/2np1n2/8/4Pp2/1NN1B3/PPP1B1PP/R2Q1RK1 w - - 0 11,12
r1bq1rk1/pp2bppp/2np1n2/4p3/4PP2/1NN1B3/PPP1B1PP/R2Q1RK1 b - - 1 10,15
r2q1rk1/pp2bppp/2n1bn2/3p4/4PB2/1NN5/PPP1B1PP/R2Q1R1K w - - 0 13,0
r2q1rk1/pp2bppp/2npbn2/8/4PB2/1NN5/PPP1B1PP/R2Q1R1K b - - 2 12,-3
r1bq1rk1/pp2bppp/2np1n2/8/4PB2/1NN5/PPP1B1PP/R2Q1RK1 b - - 0 11,12
r2q1rk1/pp2bppp/2n1b3/3pP3/4NB2/1N6/PPP1B1PP/R2Q1R1K b - - 0 14,-5
r2q1rk1/pp2bppp/2n1b3/3pP3/4nB2/1NN5/PPP1B1PP/R2Q1R1K w - - 1 14,-13
r2q1rk1/pp2bppp/2n1bn2/3pP3/5B2/1NN5/PPP1B1PP/R2Q1R1K b - - 0 13,-10
r2q1rk1/pp2bppp/2n1b3/4P3/4pB2/1N6/PPP1B1PP/R2Q1R1K w - - 0 15,-4
r2q1rk1/pp2bppp/2npbn2/8/4PB2/1NN5/PPP1B1PP/R2Q1RK1 w - - 1 12,12
r2q1rk1/pp2bppp/2n1b3/4P3/4pB2/1N6/PPP1B1PP/R1Q2R1K b - - 1 15,-9
r4rk1/ppq1bppp/2n1b3/4P3/4pB2/1N6/PPP1B1PP/R1Q2R1K w - - 2 16,9
r4rk1/ppq1bppp/4b3/4P3/1n2pB2/1N2Q3/PPP1B1PP/R4R1K w - - 4 17,12
r4rk1/ppq1bppp/2n1b3/4P3/4pB2/1N2Q3/PPP1B1PP/R4R1K b - - 3 16,18
r4rk1/ppq1bppp/4b3/4P3/1n2pB2/1N4Q1/PPP1B1PP/R4R1K b - - 5 17,22
r2r2k1/ppq1bppp/4b3/4P3/1n2pB2/1N4Q1/PPP1B1PP/R4R1K w - - 6 18,34
r2r2k1/ppq1bppp/4b3/4P3/4pB2/1NPn2Q1/PP2B1PP/R4R1K w - - 1 19,34
r2r2k1/ppq1bppp/4b3/4P3/1n2pB2/1NP3Q1/PP2B1PP/R4R1K b - - 0 18,26
r2r2k1/ppq1bppp/4b3/4P3/3NpB2/2Pn2Q1/PP2B1PP/R4R1K b - - 2 19,34
r2r2k1/pp2bppp/1q2b3/4P3/3NpB2/2Pn2Q1/PP2B1PP/R4R1K w - - 3 20,86
r2r2k1/pp3ppp/1q2b3/2b1P3/3Np3/2PnB1Q1/PP2B1PP/R4R1K w - - 5 21,94
r2r2k1/pp2bppp/1q2b3/4P3/3Np3/2PnB1Q1/PP2B1PP/R4R1K b - - 4 20,98
r2r2k1/pp3ppp/1q2b3/2b1P3/3Np3/1PPnB1Q1/P3B1PP/R4R1K b - - 0 21,38
2rr2k1/pp3ppp/1q2b3/2b1P3/3Np3/1PPnB1Q1/P3B1PP/R4R1K w - - 1 22,116
2rr2k1/pp3ppp/1q2b3/2b1P3/3Np3/1PPnB1Q1/P3B1PP/3R1R1K b - - 2 22,126
2rr2k1/pp3ppp/q3b3/2b1P1B1/3Np3/1PPn2Q1/P3B1PP/3R1R1K b - - 4 23,132
2rr2k1/pp3ppp/q3b3/2b1P3/3Np3/1PPnB1Q1/P3B1PP/3R1R1K w - - 3 23,144
2r1r1k1/pp3ppp/q3bB2/2b1P3/3Np3/1PPn2Q1/P3B1PP/3R1R1K b - - 6 24,136
2r1rbk1/pp3ppp/q3bB2/4P3/2PNp3/1P1n2Q1/P3B1PP/3R1R1K b - - 0 25,158
2r1rb1k/pp3ppp/q3bB2/4P3/2PNp3/1P1n2Q1/P3B1PP/3R1R1K w - - 1 26,182
2r1rbk1/pp3ppp/q3bB2/4P3/3Np3/1PPn2Q1/P3B1PP/3R1R1K w - - 7 25,169
2r1rb1k/pp3ppp/q3b3/4P1B1/2PNp3/1P1n2Q1/P3B1PP/3R1R1K b - - 2 26,85
2r1r1k1/pp3ppp/q3b3/2b1P1B1/3Np3/1PPn2Q1/P3B1PP/3R1R1K w - - 5 24,354
2r1rb1k/pp3ppp/4b3/4P1B1/2PNp3/1P1n2Q1/q3B1PP/3R1R1K w - - 0 27,76
2r1rb1k/pp3ppp/4b3/4P1B1/2PNp3/1P1B2Q1/q5PP/3R1R1K b - - 0 27,90
2r1rb1k/pp3ppp/4N3/4P1B1/2P5/1P1p2Q1/q5PP/3R1R1K b - - 0 28,60
2r2b1k/pp3ppp/4r3/4P1B1/2P5/1P1R2Q1/q5PP/5R1K b - - 0 29,27
2r2b1k/pp3ppp/4r3/4P1B1/2P5/1P1R2Q1/4q1PP/5R1K w - - 1 30,23
2r2b1k/pp3ppp/4r3/4P1B1/2P5/1P1p2Q1/q5PP/3R1R1K w - - 0 29,124
5b1k/ppr2ppp/4r3/4P1B1/2P5/1P3RQP/4q1P1/5R1K b - - 0 31,5
2r1rb1k/pp3ppp/4b3/4P1B1/2PN4/1P1p2Q1/q5PP/3R1R1K w - - 0 28,69
5bk1/ppr2ppp/4r3/4P1B1/2P3Q1/1P3R1P/4q1P1/5R1K b - - 2 32,0
5bk1/ppr2ppp/4r3/4P1B1/2P5/1P3RQP/4q1P1/5R1K w - - 1 32,16
2r2b1k/pp3ppp/4r3/4P1B1/2P5/1P3RQ1/4q1PP/5R1K b - - 2 30,6
5b1k/ppr2ppp/4r3/4P1B1/2P5/1P3RQ1/4q1PP/5R1K w - - 3 31,7
4rbk1/ppr2ppp/8/4P1B1/2PQ4/1P3R1P/4q1P1/5R1K b - - 4 33,13
4rbk1/ppr2pp1/7p/4P3/2PQ1B2/1P3R1P/4q1P1/5R1K b - - 1 34,77
4rbk1/p1r2pp1/1p5p/4P3/2PQ1B2/1P3R1P/4q1P1/5R1K w - - 0 35,140
4rbk1/ppr2pp1/7p/4P1B1/2PQ4/1P3R1P/4q1P1/5R1K w - - 0 34,78
4rbk1/p1r2pp1/1p5p/3QP3/2P2B2/1P3R1P/4q1P1/5R1K b - - 1 35,9
4rbk1/ppr2ppp/8/4P1B1/2P3Q1/1P3R1P/4q1P1/5R1K w - - 3 33,15
5bk1/p3rpp1/1p2r2p/3QP3/2P5/1P3RBP/4q1PK/5R2 b - - 5 37,339
5bk1/p1r2pp1/1p2r2p/3QP3/2P2B2/1P3R1P/4q1P1/5R1K w - - 2 36,334
5bk1/p1r2pp1/1p2r2p/3QP3/2P5/1P3RBP/4q1P1/5R1K b - - 3 36,309
5bk1/p3rpp1/1p5p/3Qr3/2P5/1P3RBP/4q1PK/5R2 w - - 0 38,325
5bk1/p3rpp1/1p5p/3QB3/2P5/1P3R1P/4q1PK/5R2 b - - 0 38,352
5bk1/p3rpp1/1p5p/3Qq3/2P5/1P3R1P/6PK/5R2 w - - 0 39,323
5bk1/p3rpp1/1p2r2p/3QP3/2P5/1P3RBP/4q1P1/5R1K w - - 4 37,335
5bk1/p4pp1/1p5p/4r3/2P5/1P3R1P/6PK/5R2 w - - 0 40,327
5bk1/p4Rp1/1p5p/4r3/2P5/1P5P/6PK/5R2 b - - 0 40,362
6k1/p4Rp1/1p1b3p/4r3/2P5/1P5P/6PK/5R2 w - - 1 41,375
5bk1/p3rpp1/1p5p/4Q3/2P5/1P3R1P/6PK/5R2 b - - 0 39,363
6k1/p4Rp1/1p1b3p/4r3/2P5/1P5P/6P1/5R1K b - - 2 41,342
6k1/3R2p1/1p1br2p/p7/2P5/1P5P/6P1/5R1K w - - 2 43,339
6k1/3R2p1/1p1b3p/p3r3/2P5/1P5P/6P1/5R1K b - - 1 42,348
6k1/3R2p1/1p1br2p/p7/2P5/1P5P/6P1/3R3K b - - 3 43,344
6k1/3R2p1/1p2r2p/p7/2P5/1P4bP/6P1/3R3K w - - 4 44,368
6k1/5Rp1/1p1b3p/p3r3/2P5/1P5P/6P1/5R1K w - - 0 42,395
6k1/6p1/1p2r2p/p7/2P5/1P1R2bP/6P1/3R3K b - - 5 44,353
6k1/6p1/1p2r2p/p1b5/2P5/1P1R2PP/8/3R3K w - - 1 46,392
6k1/6p1/1p2r2p/p7/2P5/1P1R3P/5bP1/3R3K w - - 6 45,375
6k1/6p1/1p2r2p/p7/2P5/1P1R2PP/5b2/3R3K b - - 0 45,398
6k1/6p1/1p2r2p/2b5/p1P5/1P1R2PP/6K1/3R4 w - - 0 47,360
6k1/6p1/1p2r2p/p1b5/2P5/1P1R2PP/6K1/3R4 b - - 2 46,345
6k1/6p1/1p2r2p/2b5/P1P5/3R2PP/6K1/3R4 b - - 0 47,360
6k1/6p1/1p5p/2b5/P1P5/3R2PP/4r1K1/3R4 w - - 1 48,373
6k1/6p1/1p5p/2b5/P1P5/3R1KPP/2r5/3R4 w - - 3 49,407
6k1/6p1/1p5p/2b5/P1r5/3R1KPP/8/4R3 w - - 0 50,413
6k1/6p1/1p5p/2b5/P1P5/3R1KPP/2r5/4R3 b - - 4 49,405
6k1/6p1/1p5p/2b5/P1r1R3/3R1KPP/8/8 b - - 1 50,412
6k1/6p1/1p5p/2b5/P1P5/3R1KPP/4r3/3R4 b - - 2 48,366
6k1/6p1/1p5p/2b5/P3R3/3R1KPP/8/2r5 w - - 2 51,447
6k1/6p1/1p5p/2b5/P3R1K1/3R2PP/8/2r5 b - - 3 51,441
8/6pk/1p5p/2b5/P3R1K1/3R2PP/8/2r5 w - - 4 52,448
8/3R2pk/1p5p/2b5/P3R1KP/6P1/8/r7 w - - 3 54,539
8/3R2pk/1p5p/2b5/P4RKP/6P1/8/r7 b - - 4 54,476
8/6pk/1p5p/2b5/P3R1KP/3R2P1/8/2r5 b - - 0 52,473
8/6pk/1p5p/2b5/P3R1KP/3R2P1/8/5r2 w - - 1 53,507
8/3R2pk/1p5p/2b5/P3R1KP/6P1/8/5r2 b - - 2 53,472
6k1/3R2p1/1p5p/2b2K2/P4R1P/6P1/8/4r3 w - - 7 56,435
5bk1/3R2p1/1p5p/5K2/P5RP/6P1/8/4r3 w - - 9 57,487
6k1/3R2p1/1p5p/2b2K2/P5RP/6P1/8/4r3 b - - 8 56,473
6k1/3R2p1/1p5p/2b2K2/P4R1P/6P1/8/r7 b - - 6 55,446
rnbqkb1r/pp2pppp/2p2n2/3p4/2PP4/2N5/PP2PPPP/R1BQKBNR w KQkq - 2 4,38
rnbqkbnr/pp2pppp/2p5/3p4/2PP4/2N5/PP2PPPP/R1BQKBNR b KQkq - 1 3,37
6k1/3R2p1/1p5p/2b5/P4RKP/6P1/8/r7 w - - 5 55,477
rnbqkb1r/pp2pppp/2p2n2/3p4/2PP4/2N1P3/PP3PPP/R1BQKBNR b KQkq - 0 4,33
5bk1/3R2p1/1p5p/5K2/P3R2P/6P1/8/4r3 b - - 10 57,489
rnbqkb1r/1p2pppp/p1p2n2/3p4/2PP4/2NBP3/PP3PPP/R1BQK1NR b KQkq - 1 5,23
rnbqkb1r/1p2pppp/p1p2n2/3p4/2PP4/2N1P3/PP3PPP/R1BQKBNR w KQkq - 0 5,40
rnbqkb1r/4pppp/p1p2n2/1p1p4/2PP4/1PNBP3/P4PPP/R1BQK1NR b KQkq - 0 6,61
rn1qkb1r/4pppp/p1p2n2/1p1p4/2PP2b1/1PNBP3/P4PPP/R1BQK1NR w KQkq - 1 7,62
rnbqkb1r/4pppp/p1p2n2/1p1p4/2PP4/2NBP3/PP3PPP/R1BQK1NR w KQkq - 0 6,69
r2qkb1r/3npppp/p1p2n2/1p1p4/2PP2b1/1PNBP3/P3NPPP/R1BQK2R w KQkq - 3 8,70
r2qkb1r/3npppp/p1p2n2/1p1p4/2PP2b1/1PNBP3/P3NPPP/R1BQ1RK1 b kq - 4 8,75
r2qkb1r/3n1ppp/p1p1pn2/1p1p4/2PP2b1/1PNBPP2/P3N1PP/R1BQ1RK1 b kq - 0 9,58
rn1qkb1r/4pppp/p1p2n2/1p1p4/2PP2b1/1PNBP3/P3NPPP/R1BQK2R b KQkq - 2 7,59
r2qkb1r/3n1ppp/p1p1pn2/1p1p4/2PP2b1/1PNBP3/P3NPPP/R1BQ1RK1 w kq - 0 9,61
r2qkb1r/3n1ppp/p1p1pn2/1p1p3b/2PP1N2/1PNBPP2/P5PP/R1BQ1RK1 b kq - 2 10,48
r2qkb1r/3n1ppp/p1p1pn2/1p1p3b/2PP4/1PNBPP2/P3N1PP/R1BQ1RK1 w kq - 1 10,52
r2qk2r/3n1ppp/p1pbpn2/1p1p3b/2PP1N2/1PNBPP2/P5PP/R1BQ1RK1 w kq - 3 11,118
r2qk2r/3n1ppp/p1pbpn2/1p1p3N/2PP4/1PNBPP2/P5PP/R1BQ1RK1 b kq - 0 11,110
r2qk2r/3n1ppp/p1pbp3/1p1p3n/2PP4/1PNBPP2/P5PP/R1BQ1RK1 w kq - 0 12,100
r2qk2r/3n1ppp/p1pbpn2/1pPp4/3P1P2/1PNBP3/P5PP/R1BQ1RK1 b kq - 0 13,124
r2qk2r/3n1ppp/p1pbpn2/1p1p4/2PP1P2/1PNBP3/P5PP/R1BQ1RK1 w kq - 1 13,102
r2qk2r/3n1ppp/p1pbp3/1p1p3n/2PP1P2/1PNBP3/P5PP/R1BQ1RK1 b kq - 0 12,87
r2qk2r/2bn1ppp/p1p1pn2/1pPp4/3P1P2/1PNBP3/P5PP/R1BQ1RK1 w kq - 1 14,116
r2qk2r/2bn1ppp/p1p1pn2/1pPp4/3P1P2/1PNBP3/P2B2PP/R2Q1RK1 b kq - 2 14,111
r2q1rk1/2bn1ppp/p1p1pn2/1pPp4/P2P1P2/1PNBP3/3B2PP/R2Q1RK1 b - - 0 15,47
r2q1rk1/2bn1ppp/p1p1pn2/1pPp4/3P1P2/1PNBP3/P2B2PP/R2Q1RK1 w - - 3 15,108
r2q1rk1/3n1ppp/p1p1pn2/bpPp4/P2P1P2/1PNBP3/3B2PP/RQ3RK1 b - - 2 16,97
r2q1rk1/3n1ppp/p1p1pn2/1pPp4/Pb1P1P2/1PNBP3/3B2PP/RQ3RK1 w - - 3 17,126
r2q1rk1/3n1ppp/p1p1pn2/1pPp4/Pb1P1P2/1PNBP3/3B1RPP/RQ4K1 b - - 4 17,95
r2q1rk1/3n1ppp/p1p1pn2/bpPp4/P2P1P2/1PNBP3/3B2PP/R2Q1RK1 w - - 1 16,113
r2q1rk1/3n1p1p/p1p1pnp1/1pPp4/Pb1P1P2/1P1BP3/3B1RPP/RQ1N2K1 b - - 1 18,72
r2q1rk1/3n1p1p/p1p1pnp1/1pPp4/P2P1P2/1P1BP3/3b1RPP/RQ1N2K1 w - - 0 19,60
r2q1rk1/3n1p1p/p1p1pnp1/1pPp4/Pb1P1P2/1PNBP3/3B1RPP/RQ4K1 w - - 0 18,127
r4rk1/3n1p1p/p1p1pnp1/qpPp4/P2P1P2/1P1BP3/3R2PP/RQ1N2K1 w - - 1 20,145
r2q1rk1/3n1p1p/p1p1pnp1/1pPp4/P2P1P2/1P1BP3/3R2PP/RQ1N2K1 b - - 0 19,80
r4rk1/3n1p1p/p1p1pnp1/qpPp4/PP1P1P2/3BP3/3R2PP/RQ1N2K1 b - - 0 20,140
r4rk1/2qn1p1p/p1p1pnp1/1pPp4/PP1P1P2/3BP3/R5PP/RQ1N2K1 b - - 2 21,147
r4rk1/2qn1p1p/p1p1pnp1/1pPp4/PP1P1P2/3BP3/3R2PP/RQ1N2K1 w - - 1 21,151
1r3rk1/2qn1p1p/p1p1pnp1/1pPp4/PP1P1P2/3BP3/R5PP/RQ1N2K1 w - - 3 22,139
1r3rk1/2qn1p1p/p1p1pnp1/1PPp4/1P1P1P2/3BP3/R5PP/RQ1N2K1 b - - 0 22,141
1r3rk1/2qn1p1p/2p1pnp1/1pPp4/1P1P1P2/3BP3/R5PP/RQ1N2K1 w - - 0 23,134
5rk1/Rrqn1p1p/2p1pnp1/1pPp4/1P1P1P2/3BP3/6PP/RQ1N2K1 w - - 2 24,147
5rk1/Rrqn1p1p/2p1pnp1/1pPp4/1P1P1P2/3BP3/Q5PP/R2N2K1 b - - 3 24,114
1r3rk1/R1qn1p1p/2p1pnp1/1pPp4/1P1P1P2/3BP3/6PP/RQ1N2K1 b - - 1 23,148
1r6/1rqn1pkp/R1p1pnp1/1pPp4/1P1P1P2/2NBP3/Q5PP/R5K1 b - - 7 26,133
1r4k1/1rqn1p1p/R1p1pnp1/1pPp4/1P1P1P2/3BP3/Q5PP/R2N2K1 b - - 5 25,136
1r4k1/Rrqn1p1p/2p1pnp1/1pPp4/1P1P1P2/3BP3/Q5PP/R2N2K1 w - - 4 25,141
1r6/1rqn1pk1/R1p1pnp1/1pPp3p/1P1P1P2/2NBP3/Q5PP/R5K1 w - - 0 27,124
1r6/1rqn1pkp/R1p1pnp1/1pPp4/1P1P1P2/3BP3/Q5PP/R2N2K1 w - - 6 26,138
1r6/1rqn1pk1/R1p1pnp1/1pPp3p/1P1P1P2/2NBP3/4Q1PP/R5K1 b - - 1 27,139
1rq5/1r1n1pk1/R1p1pnp1/1pPp3p/1P1P1P2/2NBPQ2/6PP/R5K1 b - - 3 28,135
1rq5/2rn1pk1/R1p1pnp1/1pPp3p/1P1P1P2/3BPQ2/6PP/RN4K1 b - - 5 29,95
1rq3n1/2rn1pk1/R1p1p1p1/1pPp3p/1P1P1P2/3BPQ2/6PP/RN4K1 w - - 6 30,132
1rq5/2rnnpk1/R1p1p1p1/1pPp3p/1P1P1P2/3BP3/3NQ1PP/R5K1 b - - 9 31,120
1rq5/2rn1pk1/R1p1pnp1/1pPp3p/1P1P1P2/2NBPQ2/6PP/R5K1 w - - 4 29,134
1rq5/1r1n1pk1/R1p1pnp1/1pPp3p/1P1P1P2/2NBP3/4Q1PP/R5K1 w - - 2 28,139
1rq5/2rnnpk1/R1p1p1p1/1pPp3p/1P1P1P2/3BPQ2/3N2PP/R5K1 w - - 8 31,152
1r1q4/2rnnpk1/R1p1p1p1/1pPp3p/1P1P1P2/3BPN2/4Q1PP/R5K1 b - - 11 32,121
1rrq4/3nnpk1/R1p1p1p1/1pPp3p/1P1P1P2/3BPN2/4Q1PP/R5K1 w - - 12 33,105
1rq3n1/2rn1pk1/R1p1p1p1/1pPp3p/1P1P1P2/3BPQ2/3N2PP/R5K1 b - - 7 30,134
1r1q4/2rnnpk1/R1p1p1p1/1pPp3p/1P1P1P2/3BP3/3NQ1PP/R5K1 w - - 10 32,128
1rrq4/3nnpk1/R1p1p1p1/1pPp3p/1P1P1P2/3BPN2/Q5PP/R5K1 b - - 13 33,116
1rrq4/3n1pk1/R1p1p1p1/1pPp1B1p/1P1P1P2/4PN2/Q5PP/R5K1 b - - 0 34,59
1rrq4/3n1pk1/R1p1p1p1/1pPp1n1p/1P1P1P2/3BPN2/Q5PP/R5K1 w - - 14 34,121
1r1q4/2Rn1pk1/2p3p1/1pPp1p1p/1P1P1P2/4PN2/Q5PP/R5K1 b - - 0 36,55
1rrq4/R2n1pk1/2p3p1/1pPp1p1p/1P1P1P2/4PN2/Q5PP/R5K1 b - - 1 35,60
1r6/2qn1pk1/2p3p1/QpPp1p1p/1P1P1P2/4PN2/6PP/R5K1 b - - 1 37,52
1r6/2qn1pk1/2p3p1/1pPp1p1p/1P1P1P2/4PN2/Q5PP/R5K1 w - - 0 37,67
1rq5/3n1pk1/2p3p1/QpPp1p1p/1P1P1P2/4PN2/6PP/R5K1 w - - 2 38,56
1rrq4/3n1pk1/R1p3p1/1pPp1p1p/1P1P1P2/4PN2/Q5PP/R5K1 w - - 0 35,55
1r1q4/R1rn1pk1/2p3p1/1pPp1p1p/1P1P1P2/4PN2/Q5PP/R5K1 w - - 2 36,58
1rq5/3n1pk1/2p3p1/QpPp1p1p/1P1P1P2/4PN1P/6P1/R5K1 b - - 0 38,43
Qrq5/3n1pk1/2p3p1/1pPp1p1p/1P1P1P2/4PN1P/6P1/R5K1 w - - 3 40,47
2q5/1r1n1pk1/2p3p1/QpPp1p1p/1P1P1P2/4PN1P/6P1/R5K1 w - - 1 39,54
Q1q5/1r1n1pk1/2p3p1/1pPp1p1p/1P1P1P2/4PN1P/6P1/R5K1 b - - 2 39,48
8/1rqn1pk1/Q1p3p1/1pPp1p1p/1P1P1P2/4PN1P/5KP1/R7 w - - 7 42,51
1r6/2qn1pk1/Q1p3p1/1pPp1p1p/1P1P1P2/4PN1P/5KP1/R7 b - - 6 41,40
1rq5/3n1pk1/Q1p3p1/1pPp1p1p/1P1P1P2/4PN1P/6P1/R5K1 b - - 4 40,43
2q5/1r1n1pk1/2p3p1/QpPp1p1p/1P1P1P2/4PN1P/5KP1/R7 w - - 9 43,48
1r6/2qn1pk1/Q1p3p1/1pPp1p1p/1P1P1P2/4PN1P/6P1/R5K1 w - - 5 41,39
1rq5/3n1pk1/2p3p1/QpPp1p1p/1P1P1P2/4PN1P/4K1P1/R7 w - - 11 44,35
2q5/1r1n1pk1/2p3p1/QpPp1p1p/1P1P1P2/4PN1P/R3K1P1/8 w - - 13 45,37
2q5/1r1n1pk1/2p3p1/QpPp1p1p/1P1P1P2/4PN1P/4K1P1/R7 b - - 10 43,39
8/1rqn1pk1/2p3p1/QpPp1p1p/1P1P1P2/4PN1P/5KP1/R7 b - - 8 42,23
8/1rqn1pk1/Q1p3p1/1pPp1p1p/1P1P1P2/4PN1P/R3K1P1/8 w - - 15 46,34
2q5/1r1n1pk1/Q1p3p1/1pPp1p1p/1P1P1P2/4PN1P/R3K1P1/8 b - - 14 45,31
8/1rqn1pk1/2p3p1/1pPp1p1p/1P1P1P2/Q3P2P/R3K1P1/4N3 w - - 19 48,28
8/1rqn1p1k/2p3p1/1pPp1p1p/1P1P1P2/Q3PN1P/R3K1P1/8 w - - 17 47,48
1rq5/3n1pk1/2p3p1/QpPp1p1p/1P1P1P2/4PN1P/R3K1P1/8 b - - 12 44,34
8/1rqn1pk1/2p3p1/1pPp1p1p/1P1P1P2/Q3PN1P/R3K1P1/8 b - - 16 46,20
8/1rqn1p1k/2p3p1/1pPp1p1p/1P1P1P2/Q3P2P/R3K1P1/4N3 b - - 18 47,17
8/1rqn1pk1/2p3p1/1pPp1p1p/1P1P1P2/Q2NP2P/R2K2P1/8 w - - 23 50,35
8/1rqn1pk1/2p3p1/1pPp1p1p/1P1P1P2/Q2NP2P/R3K1P1/8 b - - 20 48,0
5k2/1rqn1p2/2p3p1/1pPp1p1p/1P1P1P2/Q2NP2P/R3K1P1/8 w - - 21 49,43
5k2/1rqn1p2/2p3p1/1pPp1p1p/1P1P1P2/Q2NP2P/R2K2P1/8 b - - 22 49,32
8/1rqn1pk1/2p3p1/1pPp1p1p/1P1P1P2/Q2NP2P/R5P1/3K4 b - - 24 50,13
5k2/1rqn1p2/2p3p1/1pPp1p1p/1P1P1P2/Q2NP2P/R5P1/3K4 w - - 25 51,35
8/1rqn1pk1/2p3p1/1pPp1p1p/1P1P1P2/2QNP2P/R1K3P1/8 b - - 28 52,0
8/1rqn1pk1/2p3p1/1pPp1p1p/1P1P1P2/Q2NP2P/R1K3P1/8 w - - 27 52,29
3q4/1r1n1pk1/2p3p1/1pPp1p1p/1P1P1P2/2QNP2P/R1K3P1/8 w - - 29 53,0
3q4/2rn1pk1/R1p3p1/1pPp1p1p/1P1P1P2/3NP2P/2K3P1/Q7 b - - 32 54,0
3q4/2rn1pk1/R1p3p1/1pPp1p1p/1P1P1P2/2QNP2P/2K3P1/8 w - - 31 54,0
8/2rnqpk1/R1p3p1/1pPp1p1p/1P1P1P2/3NP2P/2K3P1/Q7 w - - 33 55,0
8/2rnqpk1/R1p3p1/QpPp1p1p/1P1P1P2/3NP2P/2K3P1/8 b - - 34 55,0
8/2r1qpk1/R1p2np1/QpPpNp1p/1P1P1P2/4P2P/2K3P1/8 b - - 36 56,0
8/2r1qpk1/R1p2np1/QpPp1p1p/1P1P1P2/3NP2P/2K3P1/8 w - - 35 56,0
8/2r1qpk1/R1p3p1/QpPpNp1p/1P1PnP2/4P2P/2K3P1/8 w - - 37 57,0
5k2/1rqn1p2/2p3p1/1pPp1p1p/1P1P1P2/Q2NP2P/R1K3P1/8 b - - 26 51,21
3q4/1r1n1pk1/R1p3p1/1pPp1p1p/1P1P1P2/2QNP2P/2K3P1/8 b - - 30 53,0
8/2r2pk1/R1p3p1/1pPpNp1p/1P1PnP1q/4P2P/2K3P1/5Q2 b - - 40 58,0
8/2r1qpk1/R1p3p1/1pPpNp1p/1P1PnP2/4P2P/2K3P1/Q7 b - - 38 57,0
8/2r2pk1/R1p3p1/1pPpNp1p/1P1PnP1q/4P2P/2K3P1/Q7 w - - 39 58,0
8/2r2pk1/R1p3p1/1pPpNp1p/1P1PnP2/4P1qP/2K3P1/5Q2 w - - 41 59,0
8/2r3k1/R1p2p2/1pPp1ppp/1P1PnP2/4PNqP/2K1Q1P1/8 w - - 0 61,0
8/2r3k1/R1p2p2/1pPp1pnp/1P1P4/4PNqP/2K1Q1P1/8 w - - 0 62,0
8/2r3k1/R1p2p2/1pPp1pPp/1P1Pn3/4PNqP/2K1Q1P1/8 b - - 0 61,0
8/2r3k1/R1p2p2/1pPp2np/1P1P1p2/4P1qP/2KNQ1P1/8 w - - 0 63,0
8/2r3k1/R1p2pp1/1pPp1p1p/1P1PnP2/4PNqP/2K1Q1P1/8 b - - 1 60,-8
8/2r3k1/R1p2pp1/1pPp1p1p/1P1PnP2/4PNqP/2K3P1/5Q2 w - - 0 60,-7
8/2r2pk1/R1p3p1/1pPp1p1p/1P1PnP2/4PNqP/2K3P1/5Q2 b - - 42 59,-32
r1bqkb1r/1ppp1ppp/p1n5/4p3/B3n3/5N2/PPPP1PPP/RNBQ1RK1 w kq - 0 6,36
8/2r3k1/R1p2p2/1pPp1pnp/1P1P4/4P1qP/2KNQ1P1/8 b - - 1 62,-42
r1bqkb1r/2p2ppp/p1n5/1p1pP3/4n3/1B3N2/PPP2PPP/RNBQ1RK1 b kq - 0 8,40
r1bqkb1r/2pp1ppp/p1n5/1p2p3/B2Pn3/5N2/PPP2PPP/RNBQ1RK1 w kq - 0 7,33
r1bqkb1r/1ppp1ppp/p1n5/4p3/B2Pn3/5N2/PPP2PPP/RNBQ1RK1 b kq - 0 6,44
r1bqkb1r/2p2ppp/p1n5/1p1pp3/3Pn3/1B3N2/PPP2PPP/RNBQ1RK1 w kq - 0 8,38
r1bqkb1r/2pp1ppp/p1n5/1p2p3/3Pn3/1B3N2/PPP2PPP/RNBQ1RK1 b kq - 1 7,38
r2qkb1r/2p2ppp/p1n1b3/1p1pP3/4n3/1B3N2/PPP2PPP/RNBQ1RK1 w kq - 1 9,38
r2qkb1r/2p2ppp/p1n1b3/1p1pP3/4n3/1BP2N2/PP3PPP/RNBQ1RK1 b kq - 0 9,38
r2q1rk1/2p2ppp/p1n1b3/1pbpP3/4n3/1BPQ1N2/PP3PPP/RNB2RK1 w - - 3 11,17
r2qk2r/2p2ppp/p1n1b3/1pbpP3/4n3/1BPQ1N2/PP3PPP/RNB2RK1 b kq - 2 10,20
r2qk2r/2p2ppp/p1n1b3/1pbpP3/4n3/1BP2N2/PP3PPP/RNBQ1RK1 w kq - 1 10,25
r2q1rk1/2p3pp/p1n1b3/1pbpPp2/4n3/1BPQ1N2/PP1N1PPP/R1B2RK1 w - f6 0 12,0
r2q1rk1/2p2ppp/p1n1b3/1pbpP3/4n3/1BPQ1N2/PP1N1PPP/R1B2RK1 b - - 4 11,4
r2q1rk1/2p3pp/p1n1bP2/1pbp4/4n3/1BPQ1N2/PP1N1PPP/R1B2RK1 b - - 0 12,0
r2q1rk1/2p3pp/p1n1bn2/1pbp4/8/1BPQ1N2/PP1N1PPP/R1B2RK1 w - - 0 13,0
r2q1rk1/2p3pp/p1n1bn2/1pbp4/P7/1BPQ1N2/1P1N1PPP/R1B2RK1 b - - 0 13,0
1r1q1rk1/2p3pp/2n1bn2/1pbp2N1/8/1BPQ4/1P1N1PPP/R1B2RK1 b - - 1 15,-2
1r1q1rk1/2p3pp/4bn2/1pbpn1N1/8/1BPQ4/1P1N1PPP/R1B2RK1 w - - 2 16,0
1r1q1rk1/2p3pp/p1n1bn2/1Pbp4/8/1BPQ1N2/1P1N1PPP/R1B2RK1 b - - 0 14,16
1r1q1rk1/2p3pp/p1n1bn2/1pbp4/P7/1BPQ1N2/1P1N1PPP/R1B2RK1 w - - 1 14,9
1r3rk1/2p3pp/3qbn2/1pbpn1N1/8/1BP3Q1/1P1N1PPP/R1B2RK1 w - - 4 17,0
1r1q1rk1/2p3pp/4bn2/1pbpn1N1/8/1BP3Q1/1P1N1PPP/R1B2RK1 b - - 3 16,0
1r1q1rk1/2p3pp/2n1bn2/1pbp4/8/1BPQ1N2/1P1N1PPP/R1B2RK1 w - - 0 15,14
1r3rk1/2pb2pp/3q1n2/1pbpn1N1/8/2P3Q1/1PBN1PPP/R1B2RK1 w - - 6 18,5
1r3rk1/2p3pp/3qbn2/1pbpn1N1/8/2P3Q1/1PBN1PPP/R1B2RK1 b - - 5 17,0
4rrk1/2pb2pp/1b1q1n2/1p1pn1N1/5B2/1NP3Q1/1PB2PPP/R4RK1 w - - 10 20,6
1r3rk1/2pb2pp/1b1q1n2/1p1pn1N1/8/1NP3Q1/1PB2PPP/R1B2RK1 w - - 8 19,4
4rrk1/2pb2pp/1b1q4/1p1pn1Nn/3N1B2/2P3Q1/1PB2PPP/R4RK1 w - - 12 21,4
5rk1/2pb2pp/1b1q4/1p1pr1Nn/3N4/2P3Q1/1PB2PPP/R4RK1 w - - 0 22,4
4rrk1/2pb2pp/1b1q1n2/1p1pn1N1/3N1B2/2P3Q1/1PB2PPP/R4RK1 b - - 11 20,5
1r3rk1/2pb2pp/1b1q1n2/1p1pn1N1/5B2/1NP3Q1/1PB2PPP/R4RK1 b - - 9 19,8
1r3rk1/2pb2pp/3q1n2/1pbpn1N1/8/1NP3Q1/1PB2PPP/R1B2RK1 b - - 7 18,6
4rrk1/2pb2pp/1b1q4/1p1pB1Nn/3N4/2P3Q1/1PB2PPP/R4RK1 b - - 0 21,8
5rk1/2pb2pB/1b1q4/1p1pr1Nn/3N4/2P3Q1/1P3PPP/R4RK1 b - - 0 22,3
5r1k/2pb2pB/1b1q4/1p1pr1Nn/3N3Q/2P5/1P3PPP/R4RK1 b - - 2 23,3
5r1k/2pb2pB/1b1q4/1p1pr1Nn/3N4/2P3Q1/1P3PPP/R4RK1 w - - 1 23,2
4rr1k/2pb2pB/1b5q/1p1p2Nn/7Q/2P2N2/1P3PPP/4RRK1 b - - 6 25,113
5r1k/2pb2pB/1b5q/1p1pr1Nn/7Q/2P2N2/1P3PPP/R4RK1 b - - 4 24,151
5r1k/2pb2pB/1b5q/1p1p2Nn/7Q/2P2N2/1P3PPP/4rRK1 w - - 0 26,152
4rr1k/2pb2pB/1b5q/1p1p2Nn/7Q/2P2N2/1P3PPP/R4RK1 w - - 5 25,163
5r1k/2pb2pB/1b5q/1p1pr1Nn/3N3Q/2P5/1P3PPP/R4RK1 w - - 3 24,141
5r1k/2pb2pB/1b5q/1p1p2Nn/7Q/2P2N2/1P3PPP/4R1K1 b - - 0 26,153
7k/2pb2pB/1b5q/1p1p2Nn/5r1Q/2P2N2/1P3PPP/4R1K1 w - - 1 27,401
7k/2pb2pB/1b5q/1p1p2Nn/5rPQ/2P2N2/1P3P1P/4R1K1 b - - 0 27,415
7k/2pb2qB/6p1/1p1pR1Nn/1P3rPQ/2P4P/5P2/6K1 w - - 1 32,554
7k/2pb2qB/6p1/1p1R2Nn/1P3rPQ/2P4P/5P2/6K1 b - - 0 32,656
7k/2pb3B/6pq/1p1pR1Nn/1P3rPQ/2P4P/5P2/6K1 b - - 0 31,633
r1bq1rk1/2p1bppp/p1np1n2/1p2p3/3PP3/1BP2N2/PP3PPP/RNBQR1K1 b - - 0 9,32
7k/2pb3B/6pq/1p1pb1Nn/1P3rPQ/2P4P/5P2/4R1K1 w - - 0 31,647
7k/2pb3B/3b2pq/1p1pN1Nn/1P3rPQ/2P4P/5P2/4R1K1 b - - 2 30,549
r1bq1rk1/4bppp/p1Pp1n2/np2p3/4P3/2P2N1P/PPB2PP1/RNBQR1K1 b - - 0 13,0
r1b2rk1/4bppp/p1qp1n2/1p2p3/2n1P3/2P2N1P/PPB2PP1/R1BQRNK1 w - - 2 16,0
r1b2rk1/4bppp/p1qp1n2/np2p3/4P3/2P2N1P/PPBN1PP1/R1BQR1K1 w - - 0 15,0
r2q1rk1/2p1bppp/p2p1n2/np1Pp3/4P1b1/1BP2N2/PP3PPP/RNBQR1K1 w - - 1 11,0
r2q1rk1/2p1bppp/p2p1n2/np1Pp3/4P1b1/2P2N2/PPB2PPP/RNBQR1K1 b - - 2 11,0
r2q1rk1/2p1bppp/p1np1n2/1p1Pp3/4P1b1/1BP2N2/PP3PPP/RNBQR1K1 b - - 0 10,0
r1b2rk1/2q1bppp/p1Pp1n2/np2p3/4P3/2P2N1P/PPB2PP1/RNBQR1K1 w - - 1 14,0
r1b2rk1/2q1bppp/p1Pp1n2/np2p3/4P3/2P2N1P/PPBN1PP1/R1BQR1K1 b - - 2 14,0
r2q1rk1/4bppp/p1pp1n2/np1Pp3/4P1b1/2P2N2/PPB2PPP/RNBQR1K1 w - - 0 12,0
r2q1rk1/4bppp/p1pp1n2/np1Pp3/4P1b1/2P2N1P/PPB2PP1/RNBQR1K1 b - - 0 12,-2
r1bq1rk1/4bppp/p1pp1n2/np1Pp3/4P3/2P2N1P/PPB2PP1/RNBQR1K1 w - - 1 13,0
r2q1rk1/2p1bppp/p1np1n2/1p2p3/3PP1b1/1BP2N2/PP3PPP/RNBQR1K1 w - - 1 10,23
r1b2rk1/4bppp/p1qp1n2/np2p3/4P3/2P2N1P/PPB2PP1/R1BQRNK1 b - - 1 15,0
r1b2rk1/4bppp/p1qp1n2/1p2p3/2n1P3/2P2NNP/PPB2PP1/R1BQR1K1 b - - 3 16,-4
r1b1r1k1/4bppp/p1qp1n2/1p2p3/P1n1P3/2P2NNP/1PB2PP1/R1BQR1K1 b - - 0 17,2
r3r1k1/1b2bppp/p1q2n2/1P1pp3/2n1P3/2P2NNP/1PB1QPP1/R1B1R1K1 b - - 0 19,34
r1b1r1k1/4bppp/p1qp1n2/1p2p3/2n1P3/2P2NNP/PPB2PP1/R1BQR1K1 w - - 4 17,17
r3r1k1/1b2bppp/2q2n2/1p1pp3/2n1P3/2P2NNP/1PB1QPP1/R1B1R1K1 w - - 0 20,35
b3r1k1/4bppp/2q2n2/1p1Pp3/2n5/2P2NNP/1PB1QPP1/2B1R1K1 b - - 0 21,25
r3r1k1/1b2bppp/p1q2n2/1p1pp3/P1n1P3/2P2NNP/1PB1QPP1/R1B1R1K1 w - - 0 19,28
r3r1k1/1b2bppp/p1qp1n2/1p2p3/P1n1P3/2P2NNP/1PB2PP1/R1BQR1K1 w - - 1 18,34
b3r1k1/4bppp/2q2n2/1p1pp3/2n1P3/2P2NNP/1PB1QPP1/2B1R1K1 w - - 0 21,27
b3r1k1/4bpp1/5n1p/1p1qp1B1/2n5/2P2NNP/1PB1QPP1/4R1K1 w - - 0 23,39
6k1/5pp1/4qb1p/1p2p2N/2n5/2P2N1P/rP2QPP1/4R1K1 w - - 2 27,0
b3r1k1/4bpp1/5B1p/1p1qp3/2n5/2P2NNP/1PB1QPP1/4R1K1 b - - 0 23,33
r5k1/5pp1/4qb1p/1p2p2N/2n5/2P2N1P/1P2QPP1/4R1K1 b - - 1 26,-3
b3r1k1/4bppp/5n2/1p1qp3/2n5/2P2NNP/1PB1QPP1/2B1R1K1 w - - 0 22,30
6k1/5pp1/1q3b1p/1p2p2N/2nNQ3/2P4P/1r3PP1/4R1K1 w - - 2 29,0
6k1/5pp1/1q3b1p/1p2p2N/2nNQ3/2P4P/1r3PP1/R5K1 b - - 3 29,0
3b2k1/5pp1/1q5p/1p2p2N/2nNQ3/2P4P/1r3PP1/R5K1 w - - 4 30,0
6k1/5pp1/4qb1p/1p2p2N/2nNQ3/2P4P/1r3PP1/4R1K1 b - - 1 28,0
6k1/5pp1/4qb1p/1p2p2N/2n1Q3/2P2N1P/1r3PP1/4R1K1 w - - 0 28,0
R3r1k1/1b2bppp/2q2n2/1p1pp3/2n1P3/2P2NNP/1PB1QPP1/2B1R1K1 b - - 0 20,33
6k1/5pp1/4qb1p/1p2p2N/2n1Q3/2P2N1P/rP3PP1/4R1K1 b - - 3 27,0
B3r1k1/5pp1/4qb1p/1p2p3/2n5/2P2NNP/1P2QPP1/4R1K1 b - - 0 25,1
b3r1k1/5pp1/5b1p/1p1qp3/2n5/2P2NNP/1PB1QPP1/4R1K1 w - - 0 24,28
b3r1k1/5pp1/5b1p/1p1qp3/2n1B3/2P2NNP/1P2QPP1/4R1K1 b - - 1 24,11
b3r1k1/4bppp/5n2/1p1qp1B1/2n5/2P2NNP/1PB1QPP1/4R1K1 b - - 1 22,28
r3r1k1/1b2bppp/p1qp1n2/1p2p3/P1n1P3/2P2NNP/1PB1QPP1/R1B1R1K1 b - - 2 18,28
r5k1/5pp1/4qb1p/1p2p3/2n5/2P2NNP/1P2QPP1/4R1K1 w - - 0 26,6
b3r1k1/5pp1/4qb1p/1p2p3/2n1B3/2P2NNP/1P2QPP1/4R1K1 w - - 2 25,14
8/5ppk/7p/1p2pN2/2n2NQ1/2P4P/4rqPK/R7 b - - 0 35,-422
3b2k1/5pp1/2N4p/1p2p2N/2n3Q1/2P4P/4rqPK/R7 b - - 3 32,-465
8/5ppk/7p/1p2pN1N/2n2bQ1/2P4P/4rqPK/R7 w - - 8 35,-425
3b2k1/5pp1/2N4p/1p2p2N/2n1Q3/2P4P/1r3qPK/R7 b - - 1 31,-404
8/5ppk/7p/1p2pN2/2n2qQ1/2P4P/4r1PK/R7 w - - 0 36,-408
6k1/4Npp1/7p/1p2p1bN/2n3Q1/2P4P/4rqPK/R7 b - - 5 33,-557
8/5ppk/7p/1p3N2/2n2p2/2P4P/4r1PK/R7 w - - 0 37,-402
8/5ppk/7p/1p2pN2/2n2Q2/2P4P/4r1PK/R7 b - - 0 36,-450
8/5Rpk/7p/1p3N2/2n5/2P2p1P/6r1/7K b - - 1 39,-818
8/5Rpk/7p/1p2nN2/8/2P2p1P/6r1/7K w - - 2 40,-783
3b2k1/5pp1/2N4p/1p2p2N/2n1Q3/2P4P/1r3qP1/R5K1 w - - 0 31,-453
8/5Rpk/7p/1p3N2/2n5/2P2p1P/6rK/8 w - - 0 39,-830
rnbqkbnr/ppp1pppp/8/3p4/3P4/5N2/PPP1PPPP/RNBQKB1R b KQkq - 1 2,19
6k1/5pp1/2N4p/1p2p1bN/2n3Q1/2P4P/4rqPK/R7 w - - 4 33,-474
8/5ppk/7p/1p2pNbN/2n3Q1/2P4P/4rqPK/R7 b - - 7 34,-689
rn1qkb1r/pp2pppp/2p2n2/3p1b2/2PP4/4PN2/PP3PPP/RNBQKB1R w KQkq - 1 5,25
rnbqkb1r/ppp1pppp/5n2/3p4/2PP4/5N2/PP2PPPP/RNBQKB1R b KQkq - 0 3,13
rnbqkb1r/ppp1pppp/5n2/3p4/3P4/5N2/PPP1PPPP/RNBQKB1R w KQkq - 2 3,20
3b2k1/5pp1/2N4p/1p2p2N/2n1Q3/2P4P/4rqPK/R7 w - - 2 32,-466
rnbqkb1r/pp2pppp/2p2n2/3p4/2PP4/4PN2/PP3PPP/RNBQKB1R b KQkq - 0 4,20
rn1qkb1r/pp2pppp/2p2n2/3p1b2/2PP4/1Q2PN2/PP3PPP/RNB1KB1R b KQkq - 2 5,8
rn2kb1r/ppq1pppp/2p2n2/3P1b2/3P4/1Q2PN2/PP3PPP/RNB1KB1R b KQkq - 0 6,14
r3kb1r/ppq2ppp/2n1pn2/1B1p1b2/3P4/1Q2PN2/PP1B1PPP/RN2K2R w KQkq - 0 9,19
rn2kb1r/ppq1pppp/5n2/1B1p1b2/3P4/1Q2PN2/PP3PPP/RNB1K2R b KQkq - 1 7,14
8/R4ppk/7p/1p3N2/2n5/2P2p1P/4r1PK/8 w - - 0 38,-536
rn2kb1r/ppq1pppp/5n2/3p1b2/3P4/1Q2PN2/PP3PPP/RNB1KB1R w KQkq - 0 7,5
r3kb1r/ppq1pppp/2n2n2/1B1p1b2/3P4/1Q2PN2/PP3PPP/RNB1K2R w KQkq - 2 8,2
r3kb1r/ppq1pppp/2n2n2/1B1p1b2/3P4/1Q2PN2/PP1B1PPP/RN2K2R b KQkq - 3 8,10
8/R4ppk/7p/1p3N2/2n2p2/2P4P/4r1PK/8 b - - 1 37,-546
r3kb1r/ppq2ppp/2n1pn2/1B1p1b2/3P4/1Q2PN2/PP1B1PPP/RN3RK1 b kq - 1 9,11
rn2kb1r/ppq1pppp/2p2n2/3p1b2/2PP4/1Q2PN2/PP3PPP/RNB1KB1R w KQkq - 3 6,13
r3k2r/ppq2ppp/2nbpn2/1B1p1b2/3P4/1Q2PN2/PP1B1PPP/RN3RK1 w kq - 2 10,9
r4rk1/ppq2ppp/2nBpn2/1B1p1b2/3P4/1Q2PN2/PP3PPP/RN3RK1 b - - 0 11,0
8/5Rpk/7p/1p3N2/2n5/2P2p1P/4r1PK/8 b - - 0 38,-1101
r3k2r/ppq2ppp/2nbpn2/1B1p1b2/1B1P4/1Q2PN2/PP3PPP/RN3RK1 b kq - 3 10,3
1rr3k1/pp1n1ppp/2Bqp3/3p1b2/Q2P4/4PN2/PP1N1PPP/R1R3K1 b - - 0 15,0
r4rk1/ppq2ppp/2nbpn2/1B1p1b2/1B1P4/1Q2PN2/PP3PPP/RN3RK1 w - - 4 11,3
r1r3k1/pp3ppp/2nqpn2/1B1p1b2/3P4/1Q2PN2/PP1N1PPP/R1R3K1 b - - 3 13,0
1rr3k1/p2n1ppp/2pqp3/3p1b2/Q2P4/4PN2/PP1N1PPP/R1R3K1 w - - 0 16,10
1rr3k1/pp1n1ppp/2nqp3/1B1p1b2/Q2P4/4PN2/PP1N1PPP/R1R3K1 w - - 6 15,8
1r4k1/p1rn1ppp/2pqp3/3p1b2/Q2P4/1N2PN2/PP3PPP/R1R3K1 w - - 2 17,0
r4rk1/pp3ppp/2nqpn2/1B1p1b2/3P4/1Q2PN2/PP3PPP/RN3RK1 w - - 0 12,0
r1r3k1/pp3ppp/2nqpn2/1B1p1b2/3P4/1Q2PN2/PP1N1PPP/R4RK1 w - - 2 13,17
r4rk1/pp3ppp/2nqpn2/1B1p1b2/3P4/1Q2PN2/PP1N1PPP/R4RK1 b - - 1 12,-1
1rr3k1/pp3ppp/2nqpn2/1B1p1b2/3P4/1Q2PN2/PP1N1PPP/R1R3K1 w - - 4 14,10
1r4k1/p1rn2pp/3qpp2/2pp4/3Pb3/1N2P3/PP1Q1PPP/R1R1N1K1 w - - 0 20,-19
1rr3k1/pp3ppp/2nqpn2/1B1p1b2/Q2P4/4PN2/PP1N1PPP/R1R3K1 b - - 5 14,13
1r4k1/p1rn2pp/3qppb1/2pp4/3P4/1N2PP2/PP1Q2PP/R1R1N1K1 w - - 1 21,-57
1r4k1/p1rn2pp/2pqpp2/3p4/3Pb3/1N2P3/PP1Q1PPP/R1R1N1K1 b - - 3 19,-25
1r4k1/p1rn2pp/3qpp2/2pp4/3Pb3/1N2PP2/PP1Q2PP/R1R1N1K1 b - - 0 20,-55
1r4k1/p1rn1ppp/2pqp3/Q2p1b2/3P4/1N2PN2/PP3PPP/R1R3K1 b - - 3 17,-3
1r4k1/p1rn2pp/2pqpp2/3p4/3Pb3/1N2PN2/PP1Q1PPP/R1R3K1 w - - 2 19,0
1rr3k1/p2n1ppp/2pqp3/3p1b2/Q2P4/1N2PN2/PP3PPP/R1R3K1 b - - 1 16,-17
1r4k1/p1rn2pp/3qppb1/2Pp4/8/1N2PP2/PP1Q2PP/R1R1N1K1 b - - 0 21,-46
1r4k1/p1rn2pp/2pqpp2/3p1b2/3P4/1N2PN2/PP1Q1PPP/R1R3K1 b - - 1 18,-8
1r4k1/p1rn2pp/2pqpp2/Q2p1b2/3P4/1N2PN2/PP3PPP/R1R3K1 w - - 0 18,16
1r4k1/p5pp/3qppb1/2Rp4/8/4PP2/PP1Q2PP/R3N1K1 b - - 0 23,-51
1r4k1/p1r3pp/3qppb1/2Np4/8/4PP2/PP1Q2PP/R1R1N1K1 b - - 0 22,-48
1r4k1/p1r3pp/3qppb1/2np4/8/1N2PP2/PP1Q2PP/R1R1N1K1 w - - 0 22,-48
1r4k1/p5pp/3qppb1/2rp4/8/4PP2/PP1Q2PP/R1R1N1K1 w - - 0 23,-54
1r4k1/p5pp/4ppb1/2qp4/8/4PP2/PP1Q2PP/R3N1K1 w - - 0 24,-53
6k1/pr4p1/3qppbp/Q1Rp4/8/1P2PP2/P4KPP/4N3 w - - 4 29,0
1r4k1/p5pp/4ppb1/2qp4/8/4PP2/PP1Q2PP/2R1N1K1 b - - 1 24,-42
1r4k1/p5pp/4ppb1/1q1p4/8/1P2PP2/P2Q2PP/2R1N1K1 b - - 0 25,-21
1r4k1/p5p1/3qppbp/2Rp4/8/1P2PP2/P2Q1KPP/4N3 w - - 2 28,-11
1r4k1/p5pp/q3ppb1/3p4/8/1P2PP2/P2Q1KPP/2R1N3 b - - 2 26,-27
1r4k1/p5pp/q3ppb1/3p4/8/1P2PP2/P2Q2PP/2R1N1K1 w - - 1 26,-30
1r4k1/p5pp/4ppb1/1q1p4/8/4PP2/PP1Q2PP/2R1N1K1 w - - 2 25,-27
6k1/pr4p1/3qppbp/Q1Rp4/8/1P2PP1P/P4KP1/4N3 b - - 0 29,-21
8/p5pk/1r1qppbp/Q1Rp4/8/1P2PP1P/P1N2KP1/8 w - - 3 31,-8
1r4k1/p5p1/3qppbp/Q1Rp4/8/1P2PP2/P4KPP/4N3 b - - 3 28,-14
8/pr4pk/3qppbp/Q1Rp4/8/1P2PP1P/P4KP1/4N3 w - - 1 30,-13
8/pr4pk/3qppbp/Q1Rp4/8/1P2PP1P/P1N2KP1/8 b - - 2 30,-11
8/p2q2pk/1r3pbp/2Rpp3/1P6/2Q1PP1P/P1N2KP1/8 w - - 1 33,-26
8/p5pk/1r1q1pbp/2Rpp3/1P6/2Q1PP1P/P1N2KP1/8 b - - 0 32,-27
8/p5pk/1r1qppbp/2Rp4/8/1PQ1PP1P/P1N2KP1/8 b - - 4 31,-14
8/p5pk/1r1q1pbp/2Rpp3/8/1PQ1PP1P/P1N2KP1/8 w - - 0 32,-19
1r4k1/p5p1/q3ppbp/2Rp4/8/1P2PP2/P2Q1KPP/4N3 b - - 1 27,-18
8/p5pk/1r3pbp/R2pp3/1P6/P3PP1P/q4KP1/2Q1N3 w - - 7 37,-28
8/p2q2pk/1r3pbp/2Rpp3/1P6/P1Q1PP1P/2N2KP1/8 b - - 0 33,-5
8/pr4pk/2Q2pbp/R2pp3/1P6/P3PPKP/q5P1/4N3 b - - 10 38,0
8/p5pk/1r3pbp/2Rpp3/qP6/P1Q1PP1P/5KP1/4N3 b - - 2 34,-34
1r4k1/p5p1/q3ppbp/3p4/8/1P2PP2/P2Q1KPP/2R1N3 w - - 0 27,-19
8/p5pk/1r3pbp/2Rpp3/qP6/P1Q1PP1P/2N2KP1/8 w - - 1 34,0
8/pr4pk/5pbp/R2pp3/1P6/P3PPKP/q5P1/2Q1N3 w - - 9 38,0
8/p4rpk/2Q2pbp/R2pp3/1P6/P3PPKP/q5P1/4N3 w - - 11 39,0
8/p4rpk/2Q2pbp/3Rp3/1P6/P3PPKP/q5P1/4N3 b - - 0 39,0
8/p5pk/1r3pbp/2Rpp3/1P6/P3PP1P/5KP1/2QqN3 b - - 4 35,-31
8/p4rpk/2Q2pbp/3Rp3/1P6/q3PPKP/6P1/4N3 w - - 0 40,0
8/p5pk/1r3pbp/2Rpp3/1P6/Pq2PP1P/5KP1/2Q1N3 w - - 5 36,-33
8/p5pk/1r3pbp/R2pp3/1P6/Pq2PP1P/5KP1/2Q1N3 b - - 6 36,-48
8/p5pk/1r3pbp/2Rpp3/1P6/P1Q1PP1P/5KP1/3qN3 w - - 3 35,-24
8/p4rpk/2Q2pbp/2R1p3/1P2P3/5PKP/2Nq2P1/8 b - - 0 42,-313
8/p4rpk/2Q2pbp/2R1p3/1P6/4PPKP/2Nq2P1/8 w - - 4 42,-6
8/p4rpk/2Q2pbp/3Rp3/1P6/4PPKP/2N3P1/2q5 w - - 2 41,-26
8/p4rpk/2Q2pbp/2R1p3/1P6/4PPKP/2N3P1/2q5 b - - 3 41,-32
8/p4rpk/2Q2pbp/3Rp3/1P6/q3PPKP/2N3P1/8 b - - 1 40,-20
3b2k1/5pp1/1qN4p/1p2p2N/2n1Q3/2P4P/1r3PP1/R5K1 b - - 5 30,-456
8/p5pk/1r3pbp/R2pp3/1P6/P3PPKP/q5P1/2Q1N3 b - - 8 37,-23
Q6R/p4rpk/7p/4pb2/1P2p3/5PKP/2Nq2P1/8 b - - 3 45,-519
Q7/p4rpk/6bp/2R1p3/1P2p3/5PKP/2Nq2P1/8 w - - 0 44,-536
Q1R5/p4rpk/7p/4pb2/1P2p3/5PKP/2Nq2P1/8 w - - 2 45,-545
4Q2R/p4rp1/6bp/4p2k/1P2p3/5PKP/2Nq2P1/8 w - - 8 48,-427
Q6R/p4rp1/6kp/4pb2/1P2p3/5PKP/2Nq2P1/8 w - - 4 46,-540
Q1R5/p4rpk/6bp/4p3/1P2p3/5PKP/2Nq2P1/8 b - - 1 44,-548
7R/p4rp1/2Q3kp/4pb2/1P2p3/5PKP/2Nq2P1/8 b - - 5 46,-577
7R/p4rp1/2Q4p/4pb1k/1P2p3/5PKP/2Nq2P1/8 w - - 6 47,-638
8/p4rpk/2Q3bp/2R1pp2/1P2P3/5PKP/2Nq2P1/8 w - - 0 43,-428
3R4/p4rp1/6bp/4p2k/1P6/4NpKP/6P1/8 b - - 1 50,-342
3R4/p4rp1/6bp/4p2k/1P6/6KP/6N1/8 b - - 0 51,-432
3R4/p4rp1/6bp/4p2k/1P6/5pKP/2N3P1/8 w - - 0 50,-441
3Q3R/p4rp1/6bp/4p2k/1P2p3/5PKP/2Nq2P1/8 b - - 9 48,-354
3q3R/p4rp1/6bp/4p2k/1P2p3/5PKP/2N3P1/8 w - - 0 49,-359
3R4/p4rp1/7p/4p2k/1P2b3/6KP/6N1/8 w - - 1 52,-465
4R3/p4rp1/7p/4p2k/1P2b3/6KP/6N1/8 b - - 2 52,-489
3R4/p4rp1/6bp/4p2k/1P2p3/5PKP/2N3P1/8 b - - 0 49,-400
4R3/p5p1/7p/4pr2/1P5k/7P/6K1/8 w - - 1 55,-474
4R3/p5p1/7p/4pr1k/1P6/7P/6K1/8 b - - 0 54,-444
4R3/p5p1/7p/1P2p1r1/7k/7P/5K2/8 b - - 2 56,-428
4R3/p5p1/7p/4pr1k/1P2b3/7P/6NK/8 b - - 4 53,-444
8/p3R1p1/7p/1P2pr2/8/7k/5K2/8 w - - 2 58,-415
4R3/p5p1/7p/1P2pr2/7k/7P/6K1/8 b - - 0 55,-505
8/p3R1p1/7p/1P2p1r1/8/7k/5K2/8 b - - 1 57,-428
3R4/p4rp1/6bp/4p2k/1P6/4N1KP/6p1/8 w - - 0 51,-391
8/R7/7p/1P3rp1/4p3/4K2k/8/8 w - - 0 60,-434
8/4Nppk/7p/1p2p1bN/2n3Q1/2P4P/4rqPK/R7 w - - 6 34,-525
8/R7/7p/1P2prp1/8/4K2k/8/8 b - - 0 59,-413
4R3/p5p1/7p/4pr1k/1P6/7P/6bK/8 w - - 0 54,-490
8/R7/1P5p/1r4p1/4p3/4K2k/8/8 w - - 1 61,-455
4R3/p5p1/7p/4pr1k/1P2b3/6KP/6N1/8 w - - 3 53,-457
8/RP6/7p/8/1r2p1p1/2K4k/8/8 b - - 1 63,-428
8/RP6/1r5p/8/4p1p1/2K4k/8/8 w - - 2 64,-427
8/RP6/7p/6p1/1r2p3/4K2k/8/8 w - - 1 62,-542
8/RP6/7p/1r4p1/4p3/4K2k/8/8 b - - 0 61,-533
4R3/p5p1/7p/1P2p1r1/8/7k/5K2/8 w - - 0 57,-515
8/R7/1P5p/5rp1/4p3/4K2k/8/8 b - - 0 60,-562
4R3/p5p1/7p/1P2p1r1/7k/7P/6K1/8 w - - 1 56,-515
4Q2R/p4rp1/7p/4pb1k/1P2p3/5PKP/2Nq2P1/8 b - - 7 47,-961
rnbqkbnr/1p1p1ppp/p3p3/8/3NP3/3B4/PPP2PPP/RNBQK2R b KQkq - 1 5,39
8/RP6/7p/8/1r2p1p1/7k/3K4/8 w - - 0 63,-652
8/RP6/7p/6p1/1r2p3/7k/3K4/8 b - - 2 62,-625
8/p3R3/7p/1P2prp1/8/4K2k/8/8 w - - 0 59,-524
rnbqk1nr/1p1p1ppp/p3p3/2b5/3NP3/3B4/PPP2PPP/RNBQK2R w KQkq - 2 6,37
Q7/p4rpk/6bp/2R1pp2/1P2P3/5PKP/2Nq2P1/8 b - - 1 43,-562
rnbqk1nr/1p1p1ppp/p3p3/2b5/4P3/1N1B4/PPP2PPP/RNBQK2R b KQkq - 3 6,35
rnbqk1nr/bp1p1ppp/p3p3/8/4P3/1N1B4/PPP2PPP/RNBQ1RK1 b kq - 5 7,15
rnbqkbnr/1p1p1ppp/p3p3/8/3NP3/8/PPP2PPP/RNBQKB1R w KQkq - 0 5,32
rnbqk1nr/bp1p1ppp/p3p3/8/4P3/1N1B4/PPP2PPP/RNBQK2R w KQkq - 4 7,39
8/p3R1p1/7p/1P2pr2/8/4K2k/8/8 b - - 3 58,-561
r1bqk1r1/bp3p1p/p3pn1Q/3pn1B1/4P3/1N6/PPP1BPPP/RN3RK1 b q - 1 12,0
r1bqk2r/bp1p1pQp/p1n1pn2/8/4P3/1N1B4/PPP2PPP/RNB2RK1 b kq - 0 9,42
r1bqk1r1/bp1p1pQp/p1n1pn2/8/4P3/1N1B4/PPP2PPP/RNB2RK1 w q - 1 10,39
r1bqk1r1/bp3p1p/p3pn1Q/3p4/4P3/1N6/PPP1BPPP/RN3RK1 w q - 0 14,0
r1bqk1r1/bp3p1p/p3pB1Q/3p4/4P1n1/1N6/PPP1BPPP/RN3RK1 b q - 0 13,0
r1bqk1r1/bp3p1p/p3pn1Q/3p2B1/4P1n1/1N6/PPP1BPPP/RN3RK1 w q - 2 13,0
r1bqk1r1/bp1p1p1p/p3pn1Q/4n3/4P3/1N1B4/PPP2PPP/RNB2RK1 w q - 3 11,37
r1bqk1r1/bp1p1p1p/p1n1pn1Q/8/4P3/1N1B4/PPP2PPP/RNB2RK1 b q - 2 10,39
r1bqk1nr/bp1p1ppp/p1n1p3/8/4P1Q1/1N1B4/PPP2PPP/RNB2RK1 b kq - 7 8,34
r1bqk1nr/bp1p1ppp/p1n1p3/8/4P3/1N1B4/PPP2PPP/RNBQ1RK1 w kq - 6 8,2
r1bqk2r/bp1p1ppp/p1n1pn2/8/4P1Q1/1N1B4/PPP2PPP/RNB2RK1 w kq - 8 9,40
r1bqk1r1/bp1p1p1p/p3pn1Q/4n3/4P3/1N6/PPP1BPPP/RNB2RK1 b q - 4 11,34
r1b1k1r1/bp3p1p/p3pn1Q/3q4/8/1N6/PPP1BPPP/RN3RK1 w q - 0 15,-13
r1b1k1r1/bp3p1p/p3pn1Q/5q2/8/1N4P1/PPP1BP1P/RN3RK1 w q - 1 16,-10
r1b1k1r1/bp3p1p/p3pn1Q/5q2/8/1N4P1/PPPNBP1P/R4RK1 b q - 2 16,-7
r1bqk1r1/bp3p1p/p3pn1Q/3pn3/4P3/1N6/PPP1BPPP/RNB2RK1 w q - 0 12,37
r1b1k1r1/bp3p1p/p3p2Q/5q2/6n1/1N4P1/PPPNBP1P/R4RK1 w q - 3 17,0
r3k3/bp1b1p1p/p3p2Q/5q2/6r1/1NP3P1/PP1N1P1P/R4RK1 w q - 1 19,-73
r1b1k3/bp3p1p/p3p2Q/5q2/6r1/1NP3P1/PP1N1P1P/R4RK1 b q - 0 18,-84
r1b1k1r1/bp3p1p/p3pn1Q/3q4/8/1N4P1/PPP1BP1P/RN3RK1 b q - 0 15,-4
r1b1k3/bp3p1p/p3p2Q/5q2/6r1/1N4P1/PPPN1P1P/R4RK1 w q - 0 18,-54
r1b1k1r1/bp3p1p/p3p2Q/5q2/6B1/1N4P1/PPPN1P1P/R4RK1 b q - 0 17,-55
r1bqk1r1/bp3p1p/p3pn1Q/3P4/8/1N6/PPP1BPPP/RN3RK1 b q - 0 14,-6
r2q1rk1/1pp1npbp/3p2p1/p2Pp3/1PP1Pn2/B1N2b1P/P4PP1/R2QRBK1 w - - 0 14,0
r3k3/bp1b1p1p/p3p2Q/5q2/3N2r1/2P3P1/PP1N1P1P/R4RK1 b q - 2 19,-58
r2q1rk1/1pp1npbp/3p2p1/3Pp3/1pP1Pn2/B1N2Q1P/P4PP1/R3RBK1 w - - 0 15,0
r2q1rk1/1pp1npbp/3p2p1/p2Pp3/1PP1Pnb1/B1N2N1P/P4PP1/R2QRBK1 b - - 0 13,-23
r2q1rk1/1pp1npbp/3p2p1/p2Pp3/1PP1Pn2/B1N2Q1P/P4PP1/R3RBK1 b - - 0 14,3
r1bq1rk1/ppp1npbp/3p2p1/3Pp3/1PP1Pn2/2N2N2/P3BPPP/R1BQR1K1 w - - 3 11,102
r2q1rk1/1p2npbp/3p2p1/2pPp3/1BP1Pn2/2N2Q1P/P4PP1/R3RBK1 w - c6 0 16,4
r2q1rk1/1p3pbp/2np2p1/4p3/1BP1Pn2/2N2Q1P/P4PP1/R3RBK1 w - - 0 17,0
r1bq1rk1/ppp1npbp/3p2p1/3Pp3/1PP1Pn2/2N2N2/P4PPP/R1BQRBK1 b - - 4 11,100
r2q1rk1/1p2npbp/2Pp2p1/4p3/1BP1Pn2/2N2Q1P/P4PP1/R3RBK1 b - - 0 16,0
r1bq1rk1/1pp1npbp/3p2p1/p2Pp3/1PP1Pn2/2N2N2/P4PPP/R1BQRBK1 w - - 0 12,91
r2q1rk1/1p3pbp/2npn1p1/4p3/1BP1P3/P1N2Q1P/5PP1/R3RBK1 w - - 1 18,0
r3k3/1p1b1p1p/p3p2Q/5q2/3b2r1/2P3P1/PP1N1P1P/R4RK1 w q - 0 20,-63
r2q1rk1/1pp1npbp/3p2p1/p2Pp3/1PP1Pnb1/B1N2N2/P4PPP/R2QRBK1 w - - 2 13,5
r2q1rk1/1p3pbp/2np2p1/4p3/1BP1Pn2/P1N2Q1P/5PP1/R3RBK1 b - - 0 17,-18
r2q1rk1/1pp1npbp/3p2p1/3Pp3/1BP1Pn2/2N2Q1P/P4PP1/R3RBK1 b - - 0 15,2
r2q1rk1/1p3pbp/3pn1p1/1N2p3/1BPnP3/P6P/5PP1/R2QRBK1 b - - 4 19,17
r2q1rk1/1p3pbp/2npn1p1/1N2p3/1BP1P3/P4Q1P/5PP1/R3RBK1 b - - 2 18,0
r2q1rk1/1p3pbp/3pn1p1/1N2p3/1BPnP3/P4Q1P/5PP1/R3RBK1 w - - 3 19,16
3q1rk1/1p3pb1/r2pn1p1/1N2p2p/1BPnP3/P6P/R4PP1/3QRBK1 w - - 4 23,0
r1bq1rk1/1pp1npbp/3p2p1/p2Pp3/1PP1Pn2/B1N2N2/P4PPP/R2QRBK1 b - - 1 12,20
r2q1rk1/1p3pbp/3p2p1/1Nn1p3/2PnP3/P1B4P/5PP1/R2QRBK1 b - - 6 20,0
r2q1rk1/1p3pb1/3p2p1/1Nn1p2p/2PnP3/P1B4P/5PP1/R2QRBK1 w - - 0 21,1
3q1rk1/1p3pb1/r2pn1p1/4p2p/1BPNP3/P6P/R4PP1/3QRBK1 b - - 0 23,-20
r2q1rk1/1p3pb1/3pn1p1/1N2p2p/2PnP3/P1B4P/R4PP1/3QRBK1 w - - 2 22,14
r2q1rk1/1p3pbp/3p2p1/1Nn1p3/1BPnP3/P6P/5PP1/R2QRBK1 w - - 5 20,30
r2q1rk1/1p3pb1/3pn1p1/1N2p2p/1BPnP3/P6P/R4PP1/3QRBK1 b - - 3 22,18
r2q1rk1/1p3pb1/3p2p1/1Nn1p2p/2PnP3/P1B4P/R4PP1/3QRBK1 b - - 1 21,4
3q1rk1/1p3pb1/r2pn1p1/7p/1BPpP3/P6P/R4PP1/3QRBK1 w - - 0 24,-20
3qr1k1/5pb1/p3n1p1/7p/1BppP3/P6P/2R2PP1/3QR1K1 b - - 3 28,-356
3q1rk1/1p3pb1/r3n1p1/2p4p/1B1pP3/P6P/R4PP1/3QRBK1 w - - 0 25,-274
3qr1k1/5pb1/4n1p1/p6p/1BRpP3/P6P/5PP1/3QR1K1 b - - 0 29,-398
3q1rk1/1p3pb1/r2pn1p1/2P4p/1B1pP3/P6P/R4PP1/3QRBK1 b - - 0 24,-274
3qr1k1/5pb1/4n1p1/7p/1pRpP3/P6P/5PP1/3QR1K1 w - - 0 30,-394
3qr1k1/5pb1/4n1p1/7p/1PRpP3/7P/5PP1/3QR1K1 b - - 0 30,-377
3qr1k1/5pb1/p3n1p1/7p/1BppP3/P6P/R4PP1/3QR1K1 w - - 2 28,-366
3q1rk1/5pb1/p3n1p1/7p/1BppP3/P6P/R4PP1/3QR1K1 b - - 1 27,-367
3qr1k1/5pb1/4n1p1/p6p/1BppP3/P6P/2R2PP1/3QR1K1 w - - 0 29,-414
4r1k1/5pb1/4n1p1/6qp/1PRpP3/7P/5PP1/3QR1K1 w - - 1 31,-378
3q1rk1/5pb1/p3n1p1/2p4p/3pP3/P6P/R2B1PP1/3QR1K1 b - - 1 26,-386
4rbk1/5p2/4n1p1/4P1qp/1PRp4/5Q1P/5PP1/4R1K1 b - - 0 32,-375
1r3bk1/5p2/4n1p1/4P1qp/1PRp4/5Q1P/5PP1/4R1K1 w - - 1 33,-367
1r3bk1/5p2/4n1p1/4P1qp/1PRp4/1Q5P/5PP1/4R1K1 b - - 2 33,-430
4rbk1/5p2/4n1p1/6qp/1PRpP3/5Q1P/5PP1/4R1K1 w - - 3 32,-379
5bk1/5p2/4n1p1/1r2P1qp/1PRp4/1Q5P/5PP1/4R1K1 w - - 3 34,-432
4r1k1/5pb1/4n1p1/6qp/1PRpP3/5Q1P/5PP1/4R1K1 b - - 2 31,-432
5bk1/5p2/4n1p1/1r2P1q1/1PRp3p/1Q4PP/5P2/4R1K1 w - - 0 35,-442
3q1rk1/5pb1/p3n1p1/7p/2ppP3/P6P/R2B1PP1/3QR1K1 w - - 0 27,-396
6k1/5p2/2R1n1pb/4P3/1r1p4/6QP/3q1P1K/5R2 w - - 2 39,-467
5bk1/5p2/4n1p1/1r2P3/1PRp4/1Q4pP/3q1P1K/5R2 w - - 0 37,-541
5bk1/5p2/4n1p1/1r2P1qp/1PRp4/1Q4PP/5P2/4R1K1 b - - 0 34,-443
6k1/5p2/2R1n1pb/4P3/1r1p4/6QP/3q1P2/5RK1 b - - 3 39,-467
5bk1/5p2/4n1p1/1r2P3/1PRp3p/1Q4PP/3q1P1K/4R3 w - - 2 36,-593
6k1/5p2/2R1n1pb/4P3/1r1p1q2/6QP/5P2/5RK1 w - - 4 40,-470
